Name,Description,Category
Khadijah bint Khuwaylid,First person to accept Islam,Sahabas - Order of Accepting Islam
Ali ibn Abi Talib,First youth/child,Sahabas - Order of Accepting Islam
Zayd ibn Harithah,First freed slave,Sahabas - Order of Accepting Islam
Abu Bakr as-Siddiq,First free man,Sahabas - Order of Accepting Islam
Uthman ibn Affan,accepted early,Sahabas - Order of Accepting Islam
Zubayr ibn al-Awwam,accepted early,Sahabas - Order of Accepting Islam
AbdurRahman ibn Awf,accepted early,Sahabas - Order of Accepting Islam
Sa'd ibn Abi Waqqas,accepted early,Sahabas - Order of Accepting Islam
Talha ibn Ubaydillah,accepted early,Sahabas - Order of Accepting Islam
Umar ibn al-Khattab,"accepted later, ~6th year of Prophethood",Sahabas - Order of Accepting Islam
Ghazwa of Abwa,2 AH - First Ghazwa,Ghazwas - Chronological Order
Ghazwa of Badr,2 AH - Major battle,Ghazwas - Chronological Order
Ghazwa of Uhud,3 AH,Ghazwas - Chronological Order
Ghazwa of Banu Nadhir,4 AH,Ghazwas - Chronological Order
Ghazwa of Khandaq,5 AH - Battle of Trench,Ghazwas - Chronological Order
Ghazwa of Banu Qurayzah,5 AH,Ghazwas - Chronological Order
Ghazwa of Hudaybiyyah,6 AH,Ghazwas - Chronological Order
Ghazwa of Khaybar,7 AH,Ghazwas - Chronological Order
Conquest of Makkah,8 AH,Ghazwas - Chronological Order
Ghazwa of Tabuk,9 AH - Last Ghazwa,Ghazwas - Chronological Order
Miswak,7th Century - Oral Hygiene,Muslim Inventions - Chronological
Windmill,7th-9th Century,Muslim Inventions - Chronological
Astrolabe,777 CE - Al-Fazari,Muslim Inventions - Chronological
House of Wisdom,c. 810 CE,Muslim Inventions - Chronological
Algebra,9th Century - Al-Khwarizmi,Muslim Inventions - Chronological
Kerosene Lamp,9th Century - Al-Razi,Muslim Inventions - Chronological
University,859 CE - Al-Qarawiyyin,Muslim Inventions - Chronological
Soap,9th Century,Muslim Inventions - Chronological
Surgical Instruments,10th Century - Al-Zahrawi,Muslim Inventions - Chronological
Optics / Pin-hole Camera,11th Century - Ibu al-Haytham,Muslim Inventions - Chronological
Rashidun Caliphate,632 CE,Muslim Empires - Chronological Start
Umayyad Caliphate,661 CE,Muslim Empires - Chronological Start
Abbasid Caliphate,750 CE,Muslim Empires - Chronological Start
Idrisid Dynasty,788 CE,Muslim Empires - Chronological Start
Fatimid Caliphate,909 CE,Muslim Empires - Chronological Start
Seljuq Empire,1037 CE,Muslim Empires - Chronological Start
Ayyubid Dynasty,1171 CE,Muslim Empires - Chronological Start
Mamluk Sultanate,1250 CE,Muslim Empires - Chronological Start
Ottoman Empire,1299 CE,Muslim Empires - Chronological Start
Mughal Empire,1526 CE,Muslim Empires - Chronological Start
Adam,AS,Prophets - Chronological Order
Nuh,AS,Prophets - Chronological Order
Ibrahim,AS,Prophets - Chronological Order
Ismail,AS,Prophets - Chronological Order
Ishaq,AS,Prophets - Chronological Order
Yaqub,AS,Prophets - Chronological Order
Yusuf,AS,Prophets - Chronological Order
Musa,AS,Prophets - Chronological Order
Isa,AS,Prophets - Chronological Order
Muhammad,SAW,Prophets - Chronological Order
Mercury,1,Solar System Planets - Distance from Sun
Venus,2,Solar System Planets - Distance from Sun
Earth,3,Solar System Planets - Distance from Sun
Mars,4,Solar System Planets - Distance from Sun
Jupiter,5,Solar System Planets - Distance from Sun
Saturn,6,Solar System Planets - Distance from Sun
Uranus,7,Solar System Planets - Distance from Sun
Neptune,8,Solar System Planets - Distance from Sun
Asia,1,Continents - By Area (Large to Small)
Africa,2,Continents - By Area (Large to Small)
North America,3,Continents - By Area (Large to Small)
South America,4,Continents - By Area (Large to Small)
Antarctica,5,Continents - By Area (Large to Small)
Europe,6,Continents - By Area (Large to Small)
Australia,7,Continents - By Area (Large to Small)
Second Lieutenant,1,Army Ranks (Pakistan) - Ascending Order
Lieutenant,2,Army Ranks (Pakistan) - Ascending Order
Captain,3,Army Ranks (Pakistan) - Ascending Order
Major,4,Army Ranks (Pakistan) - Ascending Order
Lieutenant Colonel,5,Army Ranks (Pakistan) - Ascending Order
Colonel,6,Army Ranks (Pakistan) - Ascending Order
Brigadier,7,Army Ranks (Pakistan) - Ascending Order
Major General,8,Army Ranks (Pakistan) - Ascending Order
Lieutenant General,9,Army Ranks (Pakistan) - Ascending Order
General,10,Army Ranks (Pakistan) - Ascending Order
Pilot Officer,1,Air Force Ranks (Pakistan) - Ascending Order
Flying Officer,2,Air Force Ranks (Pakistan) - Ascending Order
Flight Lieutenant,3,Air Force Ranks (Pakistan) - Ascending Order
Squadron Leader,4,Air Force Ranks (Pakistan) - Ascending Order
Wing Commander,5,Air Force Ranks (Pakistan) - Ascending Order
Group Captain,6,Air Force Ranks (Pakistan) - Ascending Order
Air Commodore,7,Air Force Ranks (Pakistan) - Ascending Order
Air Vice Marshal,8,Air Force Ranks (Pakistan) - Ascending Order
Air Marshal,9,Air Force Ranks (Pakistan) - Ascending Order
Air Chief Marshal,10,Air Force Ranks (Pakistan) - Ascending Order
Midshipman,1,Navy Ranks (Pakistan) - Ascending Order
Sub-Lieutenant,2,Navy Ranks (Pakistan) - Ascending Order
Lieutenant,3,Navy Ranks (Pakistan) - Ascending Order
Lieutenant Commander,4,Navy Ranks (Pakistan) - Ascending Order
Commander,5,Navy Ranks (Pakistan) - Ascending Order
Captain,6,Navy Ranks (Pakistan) - Ascending Order
Commodore,7,Navy Ranks (Pakistan) - Ascending Order
Rear Admiral,8,Navy Ranks (Pakistan) - Ascending Order
Vice Admiral,9,Navy Ranks (Pakistan) - Ascending Order
Admiral,10,Navy Ranks (Pakistan) - Ascending Order
Liaquat Ali Khan,1947,Prime Ministers of Pakistan - Chronological (First 10)
Khawaja Nazimuddin,1951,Prime Ministers of Pakistan - Chronological (First 10)
Muhammad Ali Bogra,1953,Prime Ministers of Pakistan - Chronological (First 10)
Chaudhry Muhammad Ali,1955,Prime Ministers of Pakistan - Chronological (First 10)
Huseyn Shaheed Suhrawardy,1956,Prime Ministers of Pakistan - Chronological (First 10)
I.I. Chundrigar,1957,Prime Ministers of Pakistan - Chronological (First 10)
Feroz Khan Noon,1957,Prime Ministers of Pakistan - Chronological (First 10)
Nurul Amin,1971,Prime Ministers of Pakistan - Chronological (First 10)
Zulfikar Ali Bhutto,1973,Prime Ministers of Pakistan - Chronological (First 10)
Muhammad Khan Junejo (1985) *(Skipping martial law admins who weren't PM)*,10,Prime Ministers of Pakistan - Chronological (First 10)
Iskander Mirza,1956,Presidents of Pakistan - Chronological
Ayub Khan,1958,Presidents of Pakistan - Chronological
Yahya Khan,1969,Presidents of Pakistan - Chronological
Zulfikar Ali Bhutto,1971,Presidents of Pakistan - Chronological
Fazal Ilahi Chaudhry,1973,Presidents of Pakistan - Chronological
Muhammad Zia-ul-Haq,1978,Presidents of Pakistan - Chronological
Ghulam Ishaq Khan,1988,Presidents of Pakistan - Chronological
Farooq Leghari,1993,Presidents of Pakistan - Chronological
Muhammad Rafiq Tarar,1998,Presidents of Pakistan - Chronological
Pervez Musharraf,2001,Presidents of Pakistan - Chronological
West Indies,1975,Cricket World Cup Winners (Chronological)
West Indies,1979,Cricket World Cup Winners (Chronological)
India,1983,Cricket World Cup Winners (Chronological)
Australia,1987,Cricket World Cup Winners (Chronological)
Pakistan,1992,Cricket World Cup Winners (Chronological)
Sri Lanka,1996,Cricket World Cup Winners (Chronological)
Australia,1999,Cricket World Cup Winners (Chronological)
Australia,2003,Cricket World Cup Winners (Chronological)
Australia,2007,Cricket World Cup Winners (Chronological)
India,2011,Cricket World Cup Winners (Chronological)
Troposphere,1,Layers of Atmosphere (Ascending Altitude)
Stratosphere,2,Layers of Atmosphere (Ascending Altitude)
Mesosphere,3,Layers of Atmosphere (Ascending Altitude)
Thermosphere,4,Layers of Atmosphere (Ascending Altitude)
Exosphere,5,Layers of Atmosphere (Ascending Altitude)
Crust,1,Layers of Earth (Outside In)
Mantle,2,Layers of Earth (Outside In)
Outer Core,3,Layers of Earth (Outside In)
Inner Core,4,Layers of Earth (Outside In)
Nano,10^-9,SI Prefixes (Ascending Size - Small)
Micro,10^-6,SI Prefixes (Ascending Size - Small)
Milli,10^-3,SI Prefixes (Ascending Size - Small)
Centi,10^-2,SI Prefixes (Ascending Size - Small)
Deci,10^-1,SI Prefixes (Ascending Size - Small)
Kilo,10^3,SI Prefixes (Ascending Size - Small)
Mega,10^6,SI Prefixes (Ascending Size - Small)
Giga,10^9,SI Prefixes (Ascending Size - Small)
Tera,10^12,SI Prefixes (Ascending Size - Small)
"Masjid al-Haram (Pre-Islamic/Ageless) -> *Maybe use ""First expansion"" or specific mosques*",1,Famous Mosques Construction (Chronological - Estimated)
Quba Mosque,622 CE,Famous Mosques Construction (Chronological - Estimated)
Al-Masjid an-Nabawi,622 CE,Famous Mosques Construction (Chronological - Estimated)
Dome of the Rock,691 CE,Famous Mosques Construction (Chronological - Estimated)
Al-Aqsa Mosque,705 CE - reconstruction,Famous Mosques Construction (Chronological - Estimated)
Great Mosque of Cordoba,784 CE,Famous Mosques Construction (Chronological - Estimated)
Great Mosque of Samarra,848 CE,Famous Mosques Construction (Chronological - Estimated)
Al-Azhar Mosque,970 CE,Famous Mosques Construction (Chronological - Estimated)
Badshahi Mosque,1673 CE,Famous Mosques Construction (Chronological - Estimated)
Faisal Mosque,1986 CE,Famous Mosques Construction (Chronological - Estimated)
Hydrogen,1,Elements (Atomic Number 1-10)
Helium,2,Elements (Atomic Number 1-10)
Lithium,3,Elements (Atomic Number 1-10)
Beryllium,4,Elements (Atomic Number 1-10)
Boron,5,Elements (Atomic Number 1-10)
Carbon,6,Elements (Atomic Number 1-10)
Nitrogen,7,Elements (Atomic Number 1-10)
Oxygen,8,Elements (Atomic Number 1-10)
Fluorine,9,Elements (Atomic Number 1-10)
Neon,10,Elements (Atomic Number 1-10)
Muharram,1,Islamic Months (Chronological)
Safar,2,Islamic Months (Chronological)
Rabi al-Awwal,3,Islamic Months (Chronological)
Rabi al-Thani,4,Islamic Months (Chronological)
Jumada al-Awwal,5,Islamic Months (Chronological)
Jumada al-Thani,6,Islamic Months (Chronological)
Rajab,7,Islamic Months (Chronological)
Sha'ban,8,Islamic Months (Chronological)
Ramadan,9,Islamic Months (Chronological)
Shawwal,10,Islamic Months (Chronological)
Abu Bakr,13 AH,Ashara Mubashara (Chronological Death)
Abu Ubaidah ibn al-Jarrah,18 AH,Ashara Mubashara (Chronological Death)
Umar ibn al-Khattab,23 AH,Ashara Mubashara (Chronological Death)
Abdur Rahman ibn Awf,32 AH,Ashara Mubashara (Chronological Death)
Uthman ibn Affan,35 AH,Ashara Mubashara (Chronological Death)
Talha ibn Ubaydillah,36 AH,Ashara Mubashara (Chronological Death)
Zubayr ibn al-Awwam,36 AH,Ashara Mubashara (Chronological Death)
Ali ibn Abi Talib,40 AH,Ashara Mubashara (Chronological Death)
Said ibn Zayd,51 AH,Ashara Mubashara (Chronological Death)
Sa'd ibn Abi Waqqas,55 AH,Ashara Mubashara (Chronological Death)
Al-Kawthar,3,Shortest Surahs (Ayat Count - Ascending)
Al-Asr,3,Shortest Surahs (Ayat Count - Ascending)
Al-Nasr,3,Shortest Surahs (Ayat Count - Ascending)
Quraysh,4,Shortest Surahs (Ayat Count - Ascending)
Al-Ikhlas,4,Shortest Surahs (Ayat Count - Ascending)
Al-Masad,5,Shortest Surahs (Ayat Count - Ascending)
Al-Fil,5,Shortest Surahs (Ayat Count - Ascending)
Al-Falaq,5,Shortest Surahs (Ayat Count - Ascending)
An-Nas,6,Shortest Surahs (Ayat Count - Ascending)
Al-Kafirun,6,Shortest Surahs (Ayat Count - Ascending)
Cheetah,1,Fastest Land Animals (Top Speed)
Pronghorn,2,Fastest Land Animals (Top Speed)
Springbok,3,Fastest Land Animals (Top Speed)
Wildebeest,4,Fastest Land Animals (Top Speed)
Lion,5,Fastest Land Animals (Top Speed)
Thompson's Gazelle,6,Fastest Land Animals (Top Speed)
Mount Everest,1,Highest Mountains (Height)
K2,2,Highest Mountains (Height)
Kangchenjunga,3,Highest Mountains (Height)
Lhotse,4,Highest Mountains (Height)
Makalu,5,Highest Mountains (Height)
Cho Oyu,6,Highest Mountains (Height)
Dhaulagiri,7,Highest Mountains (Height)
Manaslu,8,Highest Mountains (Height)
Nanga Parbat,9,Highest Mountains (Height)
Annapurna,10,Highest Mountains (Height)
Pacific Ocean,1,Largest Oceans (Area)
Atlantic Ocean,2,Largest Oceans (Area)
Indian Ocean,3,Largest Oceans (Area)
Southern Ocean,4,Largest Oceans (Area)
Arctic Ocean,5,Largest Oceans (Area)
ARPANET,1969,Internet Milestones (Chronological)
Email,1971,Internet Milestones (Chronological)
TCP/IP,1983,Internet Milestones (Chronological)
World Wide Web,1989,Internet Milestones (Chronological)
First Website,1991,Internet Milestones (Chronological)
Google,1998,Internet Milestones (Chronological)
Wikipedia,2001,Internet Milestones (Chronological)
Facebook,2004,Internet Milestones (Chronological)
YouTube,2005,Internet Milestones (Chronological)
iPhone,2007 - Mobile Internet Era,Internet Milestones (Chronological)
Triangle,3,Geometric Shapes (Sides - Ascending)
Quadrilateral,4,Geometric Shapes (Sides - Ascending)
Pentagon,5,Geometric Shapes (Sides - Ascending)
Hexagon,6,Geometric Shapes (Sides - Ascending)
Heptagon,7,Geometric Shapes (Sides - Ascending)
Octagon,8,Geometric Shapes (Sides - Ascending)
Nonagon,9,Geometric Shapes (Sides - Ascending)
Decagon,10,Geometric Shapes (Sides - Ascending)
Hendecagon,11,Geometric Shapes (Sides - Ascending)
Dodecagon,12,Geometric Shapes (Sides - Ascending)
Talc,1,Mohs Hardness Scale (Ascending)
Gypsum,2,Mohs Hardness Scale (Ascending)
Calcite,3,Mohs Hardness Scale (Ascending)
Fluorite,4,Mohs Hardness Scale (Ascending)
Apatite,5,Mohs Hardness Scale (Ascending)
Orthoclase Feldspar,6,Mohs Hardness Scale (Ascending)
Quartz,7,Mohs Hardness Scale (Ascending)
Topaz,8,Mohs Hardness Scale (Ascending)
Corundum,9,Mohs Hardness Scale (Ascending)
Diamond,10,Mohs Hardness Scale (Ascending)
Red,~700nm,Rainbow Colors (Wavelength - Long to Short)
Orange,~600nm,Rainbow Colors (Wavelength - Long to Short)
Yellow,~580nm,Rainbow Colors (Wavelength - Long to Short)
Green,~540nm,Rainbow Colors (Wavelength - Long to Short)
Blue,~470nm,Rainbow Colors (Wavelength - Long to Short)
Indigo,~445nm,Rainbow Colors (Wavelength - Long to Short)
Violet,~400nm,Rainbow Colors (Wavelength - Long to Short)
Zygote,1,Life Stages (Human - Chronological)
Embryo,2,Life Stages (Human - Chronological)
Fetus,3,Life Stages (Human - Chronological)
Neonate,Newborn,Life Stages (Human - Chronological)
Infant,5,Life Stages (Human - Chronological)
Toddler,6,Life Stages (Human - Chronological)
Child,7,Life Stages (Human - Chronological)
Adolescent,8,Life Stages (Human - Chronological)
Adult,9,Life Stages (Human - Chronological)
Senior,10,Life Stages (Human - Chronological)
Argon,18,Noble Gases (Atomic Number)
Krypton,36,Noble Gases (Atomic Number)
Xenon,54,Noble Gases (Atomic Number)
Radon,86,Noble Gases (Atomic Number)
Oganesson,118,Noble Gases (Atomic Number)
Chlorine,17,Halogens (Atomic Number)
Bromine,35,Halogens (Atomic Number)
Iodine,53,Halogens (Atomic Number)
Astatine,85,Halogens (Atomic Number)
Tennessine,117,Halogens (Atomic Number)
Sodium,11,Alkali Metals (Atomic Number)
Potassium,19,Alkali Metals (Atomic Number)
Rubidium,37,Alkali Metals (Atomic Number)
Cesium,55,Alkali Metals (Atomic Number)
Francium,87,Alkali Metals (Atomic Number)
Million,10^6,Large Numbers (Powers of 10)
Billion,10^9,Large Numbers (Powers of 10)
Trillion,10^12,Large Numbers (Powers of 10)
Quadrillion,10^15,Large Numbers (Powers of 10)
Quintillion,10^18,Large Numbers (Powers of 10)
Sextillion,10^21,Large Numbers (Powers of 10)
Septillion,10^24,Large Numbers (Powers of 10)
Octillion,10^27,Large Numbers (Powers of 10)
Nonillion,10^30,Large Numbers (Powers of 10)
Decillion,10^33,Large Numbers (Powers of 10)
Bit,1,Computer Bytes (Size - Ascending)
Byte,8 bits,Computer Bytes (Size - Ascending)
Kilobyte,1024 bytes,Computer Bytes (Size - Ascending)
Megabyte,4,Computer Bytes (Size - Ascending)
Gigabyte,5,Computer Bytes (Size - Ascending)
Terabyte,6,Computer Bytes (Size - Ascending)
Petabyte,7,Computer Bytes (Size - Ascending)
Exabyte,8,Computer Bytes (Size - Ascending)
Zettabyte,9,Computer Bytes (Size - Ascending)
Yottabyte,10,Computer Bytes (Size - Ascending)
Snail,0.01 m/s,Speeds (Ascending order approx)
Human Walking,1.4 m/s,Speeds (Ascending order approx)
Cheetah,30 m/s,Speeds (Ascending order approx)
Sound in Air,343 m/s,Speeds (Ascending order approx)
Bullet,"1,000 m/s",Speeds (Ascending order approx)
Sound in Water,"1,500 m/s",Speeds (Ascending order approx)
"Earth Rotation (460 m/s - Wait, at equator?) -> Use ""Escape Velocity"" maybe? Or keep simple.",7,Speeds (Ascending order approx)
Voyager 1,"17,000 m/s",Speeds (Ascending order approx)
Earth Orbit Speed,"30,000 m/s",Speeds (Ascending order approx)
Light,"300,000,000 m/s",Speeds (Ascending order approx)
Lithium,0.53 g/cm3,Densities of Metals (Ascending)
Potassium,0.89 g/cm3,Densities of Metals (Ascending)
Sodium,0.97 g/cm3,Densities of Metals (Ascending)
Aluminum,2.7 g/cm3,Densities of Metals (Ascending)
Titanium,4.5 g/cm3,Densities of Metals (Ascending)
Zinc,7.1 g/cm3,Densities of Metals (Ascending)
Iron,7.8 g/cm3,Densities of Metals (Ascending)
Copper,8.96 g/cm3,Densities of Metals (Ascending)
Silver,10.49 g/cm3,Densities of Metals (Ascending)
Lead,11.3 g/cm3,Densities of Metals (Ascending)
2,1,Prime Numbers (First 10)
3,2,Prime Numbers (First 10)
5,3,Prime Numbers (First 10)
7,4,Prime Numbers (First 10)
11,5,Prime Numbers (First 10)
13,6,Prime Numbers (First 10)
17,7,Prime Numbers (First 10)
19,8,Prime Numbers (First 10)
23,9,Prime Numbers (First 10)
29,10,Prime Numbers (First 10)
0,1,Fibonacci Sequence (First 10)
1,2,Fibonacci Sequence (First 10)
1,3,Fibonacci Sequence (First 10)
2,4,Fibonacci Sequence (First 10)
3,5,Fibonacci Sequence (First 10)
5,6,Fibonacci Sequence (First 10)
8,7,Fibonacci Sequence (First 10)
13,8,Fibonacci Sequence (First 10)
21,9,Fibonacci Sequence (First 10)
34,10,Fibonacci Sequence (First 10)
1,1^2,Perfect Squares (Values)
4,2^2,Perfect Squares (Values)
9,3^2,Perfect Squares (Values)
16,4^2,Perfect Squares (Values)
25,5^2,Perfect Squares (Values)
36,6^2,Perfect Squares (Values)
49,7^2,Perfect Squares (Values)
64,8^2,Perfect Squares (Values)
81,9^2,Perfect Squares (Values)
100,10^2,Perfect Squares (Values)
1,1^3,Perfect Cubes (Values)
8,2^3,Perfect Cubes (Values)
27,3^3,Perfect Cubes (Values)
64,4^3,Perfect Cubes (Values)
125,5^3,Perfect Cubes (Values)
216,6^3,Perfect Cubes (Values)
343,7^3,Perfect Cubes (Values)
512,8^3,Perfect Cubes (Values)
729,9^3,Perfect Cubes (Values)
1000,10^3,Perfect Cubes (Values)
Windows 3.1,1992,Windows Versions (Chronological Retail Release)
Windows 95,1995,Windows Versions (Chronological Retail Release)
Windows 98,1998,Windows Versions (Chronological Retail Release)
Windows ME,2000,Windows Versions (Chronological Retail Release)
Windows XP,2001,Windows Versions (Chronological Retail Release)
Windows Vista,2006,Windows Versions (Chronological Retail Release)
Windows 7,2009,Windows Versions (Chronological Retail Release)
Windows 8,2012,Windows Versions (Chronological Retail Release)
Windows 10,2015,Windows Versions (Chronological Retail Release)
Windows 11,2021,Windows Versions (Chronological Retail Release)
iPhone,2007,iPhone Models (Chronological Launch)
iPhone 3G,2008,iPhone Models (Chronological Launch)
iPhone 4,2010,iPhone Models (Chronological Launch)
iPhone 5,2012,iPhone Models (Chronological Launch)
iPhone 6,2014,iPhone Models (Chronological Launch)
iPhone 7,2016,iPhone Models (Chronological Launch)
iPhone X,2017,iPhone Models (Chronological Launch)
iPhone 11,2019,iPhone Models (Chronological Launch)
iPhone 12,2020,iPhone Models (Chronological Launch)
iPhone 13,2021,iPhone Models (Chronological Launch)
Cupcake,1.5,Android Versions (Chronological)
Donut,1.6,Android Versions (Chronological)
Eclair,2.0,Android Versions (Chronological)
Froyo,2.2,Android Versions (Chronological)
Gingerbread,2.3,Android Versions (Chronological)
Honeycomb,3.0,Android Versions (Chronological)
Ice Cream Sandwich,4.0,Android Versions (Chronological)
Jelly Bean,4.1,Android Versions (Chronological)
KitKat,4.4,Android Versions (Chronological)
Lollipop,5.0,Android Versions (Chronological)
PlayStation,1994,PlayStation Consoles (Chronological)
PlayStation 2,2000,PlayStation Consoles (Chronological)
PlayStation Portable (PSP),2004,PlayStation Consoles (Chronological)
PlayStation 3,2006,PlayStation Consoles (Chronological)
PlayStation Vita,2011,PlayStation Consoles (Chronological)
PlayStation 4,2013,PlayStation Consoles (Chronological)
PlayStation 5,2020,PlayStation Consoles (Chronological)
Xbox,2001,Xbox Consoles (Chronological)
Xbox 360,2005,Xbox Consoles (Chronological)
Xbox One,2013,Xbox Consoles (Chronological)
Xbox One S,2016,Xbox Consoles (Chronological)
Xbox One X,2017,Xbox Consoles (Chronological)
Xbox Series X/S,2020,Xbox Consoles (Chronological)
NES,1983,Nintendo Home Consoles (Chronological)
SNES,1990,Nintendo Home Consoles (Chronological)
Nintendo 64,1996,Nintendo Home Consoles (Chronological)
GameCube,2001,Nintendo Home Consoles (Chronological)
Wii,2006,Nintendo Home Consoles (Chronological)
Wii U,2012,Nintendo Home Consoles (Chronological)
Switch,2017,Nintendo Home Consoles (Chronological)
1G,Analog,Mobile Network Generations (Chronological)
2G,Digital/GSM,Mobile Network Generations (Chronological)
2.5G,GPRS,Mobile Network Generations (Chronological)
2.75G,EDGE,Mobile Network Generations (Chronological)
3G,UMTS,Mobile Network Generations (Chronological)
3.5G,HSPA,Mobile Network Generations (Chronological)
4G,LTE,Mobile Network Generations (Chronological)
5G,NR,Mobile Network Generations (Chronological)
A0,1 m^2,Paper Sizes (Area - Descending)
A1,2,Paper Sizes (Area - Descending)
A2,3,Paper Sizes (Area - Descending)
A3,4,Paper Sizes (Area - Descending)
A4,5,Paper Sizes (Area - Descending)
A5,6,Paper Sizes (Area - Descending)
A6,7,Paper Sizes (Area - Descending)
A7,8,Paper Sizes (Area - Descending)
A8,9,Paper Sizes (Area - Descending)
A9,10,Paper Sizes (Area - Descending)
5 Rupee,"Coin now, but was note",Pak Rupee Notes (Value)
10 Rupee,2,Pak Rupee Notes (Value)
20 Rupee,3,Pak Rupee Notes (Value)
50 Rupee,4,Pak Rupee Notes (Value)
75 Rupee,Commemorative,Pak Rupee Notes (Value)
100 Rupee,6,Pak Rupee Notes (Value)
500 Rupee,7,Pak Rupee Notes (Value)
1000 Rupee,8,Pak Rupee Notes (Value)
5000 Rupee,9,Pak Rupee Notes (Value)
Second,1,Time Units (Ascending)
Minute,2,Time Units (Ascending)
Hour,3,Time Units (Ascending)
Day,4,Time Units (Ascending)
Week,5,Time Units (Ascending)
Month,Avg,Time Units (Ascending)
Year,7,Time Units (Ascending)
Decade,8,Time Units (Ascending)
Century,9,Time Units (Ascending)
Millennium,10,Time Units (Ascending)
Paper,1st,Wedding Anniversaries (Traditional)
Wood,5th,Wedding Anniversaries (Traditional)
Tin,10th,Wedding Anniversaries (Traditional)
Crystal,15th,Wedding Anniversaries (Traditional)
China,20th,Wedding Anniversaries (Traditional)
Silver,25th,Wedding Anniversaries (Traditional)
Pearl,30th,Wedding Anniversaries (Traditional)
Ruby,40th,Wedding Anniversaries (Traditional)
Gold,50th,Wedding Anniversaries (Traditional)
Diamond,60th,Wedding Anniversaries (Traditional)
I,1,Roman Numerals (Value)
V,5,Roman Numerals (Value)
X,10,Roman Numerals (Value)
L,50,Roman Numerals (Value)
C,100,Roman Numerals (Value)
D,500,Roman Numerals (Value)
M,1000,Roman Numerals (Value)
Red,1,Snooker Balls (Points)
Yellow,2,Snooker Balls (Points)
Green,3,Snooker Balls (Points)
Brown,4,Snooker Balls (Points)
Blue,5,Snooker Balls (Points)
Pink,6,Snooker Balls (Points)
Black,7,Snooker Balls (Points)
1st Place,25 pts,F1 Points System (2024 System)
2nd Place,18 pts,F1 Points System (2024 System)
3rd Place,15 pts,F1 Points System (2024 System)
4th Place,12 pts,F1 Points System (2024 System)
5th Place,10 pts,F1 Points System (2024 System)
6th Place,8 pts,F1 Points System (2024 System)
7th Place,6 pts,F1 Points System (2024 System)
8th Place,4 pts,F1 Points System (2024 System)
9th Place,2 pts,F1 Points System (2024 System)
10th Place,1 pt,F1 Points System (2024 System)
Love,0,Tennis Scores (Sequence in Game)
15,2,Tennis Scores (Sequence in Game)
30,3,Tennis Scores (Sequence in Game)
40,4,Tennis Scores (Sequence in Game)
Deuce,5,Tennis Scores (Sequence in Game)
Advantage,6,Tennis Scores (Sequence in Game)
Game,7,Tennis Scores (Sequence in Game)
High Card,1,Poker Hands (Rank - Low to High)
Pair,2,Poker Hands (Rank - Low to High)
Two Pair,3,Poker Hands (Rank - Low to High)
Three of a Kind,4,Poker Hands (Rank - Low to High)
Straight,5,Poker Hands (Rank - Low to High)
Flush,6,Poker Hands (Rank - Low to High)
Full House,7,Poker Hands (Rank - Low to High)
Four of a Kind,8,Poker Hands (Rank - Low to High)
Straight Flush,9,Poker Hands (Rank - Low to High)
Royal Flush,10,Poker Hands (Rank - Low to High)
Pawn,1,Chess Pieces (Relative Value)
Knight,3,Chess Pieces (Relative Value)
Bishop,3,Chess Pieces (Relative Value)
Rook,5,Chess Pieces (Relative Value)
Queen,9,Chess Pieces (Relative Value)
King,Infinite/Game End,Chess Pieces (Relative Value)
Niyyah,Intention,Wudu Steps (Sunnah Order)
Washing Hands,x3,Wudu Steps (Sunnah Order)
Rinsing Mouth,x3,Wudu Steps (Sunnah Order)
Rinsing Nose,x3,Wudu Steps (Sunnah Order)
Washing Face,x3,Wudu Steps (Sunnah Order)
Washing Arms,x3,Wudu Steps (Sunnah Order)
Masah,Head/Ears,Wudu Steps (Sunnah Order)
Washing Feet,x3,Wudu Steps (Sunnah Order)
Fajr,Dawn,Daily Prayers (Chronological)
Dhuhr,Noon,Daily Prayers (Chronological)
Asr,Afternoon,Daily Prayers (Chronological)
Maghrib,Sunset,Daily Prayers (Chronological)
Isha,Night,Daily Prayers (Chronological)
Alif,1,Huruf-e-Tahajji (First 10)
Bay,2,Huruf-e-Tahajji (First 10)
Pay,3,Huruf-e-Tahajji (First 10)
Tay,4,Huruf-e-Tahajji (First 10)
Tay,Hard T,Huruf-e-Tahajji (First 10)
Say,6,Huruf-e-Tahajji (First 10)
Jeem,7,Huruf-e-Tahajji (First 10)
Chay,8,Huruf-e-Tahajji (First 10)
Hay,9,Huruf-e-Tahajji (First 10)
Khay,10,Huruf-e-Tahajji (First 10)
Imam Abu Hanifa,80 AH,4 Imams (Chronological Birth)
Imam Malik,93 AH,4 Imams (Chronological Birth)
Imam Al-Shafi'i,150 AH,4 Imams (Chronological Birth)
Imam Ahmad ibn Hanbal,164 AH,4 Imams (Chronological Birth)
Sahih al-Bukhari,256 AH,Kutub al-Sittah (Chronological Author Death)
Sahih Muslim,261 AH,Kutub al-Sittah (Chronological Author Death)
Sunan Ibn Majah,273 AH,Kutub al-Sittah (Chronological Author Death)
Sunan Abi Dawud,275 AH,Kutub al-Sittah (Chronological Author Death)
Jami al-Tirmidhi,279 AH,Kutub al-Sittah (Chronological Author Death)
Sunan al-Nasa'i,303 AH,Kutub al-Sittah (Chronological Author Death)
Philosopher's Stone,1997,Harry Potter Books (Publication Order)
Chamber of Secrets,1998,Harry Potter Books (Publication Order)
Prisoner of Azkaban,1999,Harry Potter Books (Publication Order)
Goblet of Fire,2000,Harry Potter Books (Publication Order)
Order of the Phoenix,2003,Harry Potter Books (Publication Order)
Half-Blood Prince,2005,Harry Potter Books (Publication Order)
Deathly Hallows,2007,Harry Potter Books (Publication Order)
Iron Man,May 2008,Marvel Phase 1 Movies (Release Order)
The Incredible Hulk,June 2008,Marvel Phase 1 Movies (Release Order)
Iron Man 2,2010,Marvel Phase 1 Movies (Release Order)
Thor,May 2011,Marvel Phase 1 Movies (Release Order)
Captain America: The First Avenger,July 2011,Marvel Phase 1 Movies (Release Order)
The Avengers,2012,Marvel Phase 1 Movies (Release Order)
A New Hope,1977,Star Wars Skywalker Saga (Release Order)
The Empire Strikes Back,1980,Star Wars Skywalker Saga (Release Order)
Return of the Jedi,1983,Star Wars Skywalker Saga (Release Order)
The Phantom Menace,1999,Star Wars Skywalker Saga (Release Order)
Attack of the Clones,2002,Star Wars Skywalker Saga (Release Order)
Revenge of the Sith,2005,Star Wars Skywalker Saga (Release Order)
The Force Awakens,2015,Star Wars Skywalker Saga (Release Order)
The Last Jedi,2017,Star Wars Skywalker Saga (Release Order)
The Rise of Skywalker,2019,Star Wars Skywalker Saga (Release Order)
The Fellowship of the Ring,1,Lord of the Rings Volumes (Order)
The Two Towers,2,Lord of the Rings Volumes (Order)
The Return of the King,3,Lord of the Rings Volumes (Order)
"The Lion, the Witch and the Wardrobe",1950,Chronicles of Narnia (Publication Order)
Prince Caspian,1951,Chronicles of Narnia (Publication Order)
The Voyage of the Dawn Treader,1952,Chronicles of Narnia (Publication Order)
The Silver Chair,1953,Chronicles of Narnia (Publication Order)
The Horse and His Boy,1954,Chronicles of Narnia (Publication Order)
The Magician's Nephew,1955,Chronicles of Narnia (Publication Order)
The Last Battle,1956,Chronicles of Narnia (Publication Order)
Russia,1,Largest Countries (Area - Descending)
Canada,2,Largest Countries (Area - Descending)
China,3,Largest Countries (Area - Descending)
United States,4,Largest Countries (Area - Descending)
Brazil,5,Largest Countries (Area - Descending)
Australia,6,Largest Countries (Area - Descending)
India,7,Largest Countries (Area - Descending)
Argentina,8,Largest Countries (Area - Descending)
Kazakhstan,9,Largest Countries (Area - Descending)
Algeria,10,Largest Countries (Area - Descending)
India,1,Most Populous Countries (2024 Est - Descending)
China,2,Most Populous Countries (2024 Est - Descending)
United States,3,Most Populous Countries (2024 Est - Descending)
Indonesia,4,Most Populous Countries (2024 Est - Descending)
Pakistan,5,Most Populous Countries (2024 Est - Descending)
Nigeria,6,Most Populous Countries (2024 Est - Descending)
Brazil,7,Most Populous Countries (2024 Est - Descending)
Bangladesh,8,Most Populous Countries (2024 Est - Descending)
Russia,9,Most Populous Countries (2024 Est - Descending)
Ethiopia,10,Most Populous Countries (2024 Est - Descending)
$1,1,US Dollar Bills (Face Value)
$2,2,US Dollar Bills (Face Value)
$10,4,US Dollar Bills (Face Value)
$20,5,US Dollar Bills (Face Value)
$50,6,US Dollar Bills (Face Value)
$100,7,US Dollar Bills (Face Value)
Blue,1,Olympic Rings (Left to Right)
Black,3,Olympic Rings (Left to Right)
Green,4,Olympic Rings (Left to Right)
Red,5,Olympic Rings (Left to Right)
Brown,1,Monopoly Color Groups (Board Order)
Light Blue,2,Monopoly Color Groups (Board Order)
Pink,3,Monopoly Color Groups (Board Order)
Orange,4,Monopoly Color Groups (Board Order)
Yellow,6,Monopoly Color Groups (Board Order)
Green,7,Monopoly Color Groups (Board Order)
Dark Blue,8,Monopoly Color Groups (Board Order)
Shahada,Faith,Islamic Pillars (Order)
Salah,Prayer,Islamic Pillars (Order)
Zakat,Charity,Islamic Pillars (Order)
Sawm,Fasting,Islamic Pillars (Order)
Hajj,Pilgrimage,Islamic Pillars (Order)
Penny,$0.01,US Coins (Value)
Nickel,$0.05,US Coins (Value)
Dime,$0.10,US Coins (Value)
Quarter,$0.25,US Coins (Value)
Half Dollar,$0.50,US Coins (Value)
Dollar Coin,$1.00,US Coins (Value)
Europe,3,Continents (Population - High to Low)
North America,4,Continents (Population - High to Low)
South America,5,Continents (Population - High to Low)
Australia/Oceania,6,Continents (Population - High to Low)
Antarctica,7,Continents (Population - High to Low)
Mars,2,Planets (Diameter - Small to Large)
Venus,3,Planets (Diameter - Small to Large)
Earth,4,Planets (Diameter - Small to Large)
Neptune,5,Planets (Diameter - Small to Large)
Uranus,6,Planets (Diameter - Small to Large)
Saturn,7,Planets (Diameter - Small to Large)
Jupiter,8,Planets (Diameter - Small to Large)
Lake Superior,1,Great Lakes (Area - Large to Small)
Lake Huron,2,Great Lakes (Area - Large to Small)
Lake Michigan,3,Great Lakes (Area - Large to Small)
Lake Erie,4,Great Lakes (Area - Large to Small)
Lake Ontario,5,Great Lakes (Area - Large to Small)
Kosciuszko,"2,228 m",Seven Summits (Height - Low to High)
Vinson Massif,"4,892 m",Seven Summits (Height - Low to High)
Elbrus,"5,642 m",Seven Summits (Height - Low to High)
Kilimanjaro,"5,895 m",Seven Summits (Height - Low to High)
Denali,"6,190 m",Seven Summits (Height - Low to High)
Aconcagua,"6,961 m",Seven Summits (Height - Low to High)
Mount Everest,"8,848 m",Seven Summits (Height - Low to High)
Nile,1,Rivers (Length - Long to Short)
Amazon,2,Rivers (Length - Long to Short)
Yangtze,3,Rivers (Length - Long to Short)
Mississippi-Missouri,4,Rivers (Length - Long to Short)
Yenisei,5,Rivers (Length - Long to Short)
Antarctic Desert,1,Deserts (Area - Large to Small)
Arctic Desert,2,Deserts (Area - Large to Small)
Sahara Desert,3,Deserts (Area - Large to Small)
Arabian Desert,4,Deserts (Area - Large to Small)
Gobi Desert,5,Deserts (Area - Large to Small)
Domain,1,Taxonomic Ranks (Broad to Specific)
Kingdom,2,Taxonomic Ranks (Broad to Specific)
Phylum,3,Taxonomic Ranks (Broad to Specific)
Class,4,Taxonomic Ranks (Broad to Specific)
Order,5,Taxonomic Ranks (Broad to Specific)
Family,6,Taxonomic Ranks (Broad to Specific)
Genus,7,Taxonomic Ranks (Broad to Specific)
Species,8,Taxonomic Ranks (Broad to Specific)
Row 1,1 pin,Bowling Pin Rows (Count)
Row 2,2 pins,Bowling Pin Rows (Count)
Row 3,3 pins,Bowling Pin Rows (Count)
Row 4,4 pins,Bowling Pin Rows (Count)
Ceres,1,Dwarf Planets (Distance from Sun)
Pluto,2,Dwarf Planets (Distance from Sun)
Haumea,3,Dwarf Planets (Distance from Sun)
Makemake,4,Dwarf Planets (Distance from Sun)
Eris,5,Dwarf Planets (Distance from Sun)
African Elephant,1,Land Animals (Weight - Heavy to Light)
Asian Elephant,2,Land Animals (Weight - Heavy to Light)
White Rhinoceros,3,Land Animals (Weight - Heavy to Light)
Hippopotamus,4,Land Animals (Weight - Heavy to Light)
Giraffe,5,Land Animals (Weight - Heavy to Light)
Oxygen,1,Elements (Abundance in Crust - High to Low)
Silicon,2,Elements (Abundance in Crust - High to Low)
Aluminum,3,Elements (Abundance in Crust - High to Low)
Iron,4,Elements (Abundance in Crust - High to Low)
Calcium,5,Elements (Abundance in Crust - High to Low)
Sodium,6,Elements (Abundance in Crust - High to Low)
Magnesium,7,Elements (Abundance in Crust - High to Low)
Potassium,8,Elements (Abundance in Crust - High to Low)
Nitrogen,78%,Elements (Abundance in Atmosphere - High to Low)
Oxygen,21%,Elements (Abundance in Atmosphere - High to Low)
Argon,0.9%,Elements (Abundance in Atmosphere - High to Low)
Carbon Dioxide,0.04%,Elements (Abundance in Atmosphere - High to Low)
Neon,5,Elements (Abundance in Atmosphere - High to Low)
Radio Waves,1,EM Spectrum (Frequency - Low to High)
Microwaves,2,EM Spectrum (Frequency - Low to High)
Infrared,3,EM Spectrum (Frequency - Low to High)
Visible Light,4,EM Spectrum (Frequency - Low to High)
Ultraviolet,5,EM Spectrum (Frequency - Low to High)
X-Rays,6,EM Spectrum (Frequency - Low to High)
Gamma Rays,7,EM Spectrum (Frequency - Low to High)
Zeroth Law,1,Laws of Thermodynamics (Order)
First Law,2,Laws of Thermodynamics (Order)
Second Law,3,Laws of Thermodynamics (Order)
Third Law,4,Laws of Thermodynamics (Order)
Precambrian,1,Geological Eras (Chronological)
Paleozoic Era,2,Geological Eras (Chronological)
Mesozoic Era,3,Geological Eras (Chronological)
Cenozoic Era,4,Geological Eras (Chronological)
Ganymede,1,Solar System Moons (Diameter - Large to Small)
Titan,2,Solar System Moons (Diameter - Large to Small)
Callisto,3,Solar System Moons (Diameter - Large to Small)
Io,4,Solar System Moons (Diameter - Large to Small)
Moon,5,Solar System Moons (Diameter - Large to Small)
Europa,6,Solar System Moons (Diameter - Large to Small)
Triton,7,Solar System Moons (Diameter - Large to Small)
Revolutionary War,1775,US Major Wars (Chronological Start)
War of 1812,1812,US Major Wars (Chronological Start)
Mexican-American War,1846,US Major Wars (Chronological Start)
Civil War,1861,US Major Wars (Chronological Start)
Spanish-American War,1898,US Major Wars (Chronological Start)
World War I,1917,US Major Wars (Chronological Start)
World War II,1941,US Major Wars (Chronological Start)
Korean War,1950,US Major Wars (Chronological Start)
Vietnam War,1955,US Major Wars (Chronological Start)
Gulf War,1990,US Major Wars (Chronological Start)
Central Incisors,1,Human Teeth Eruption (Baby - Chronological)
Lateral Incisors,2,Human Teeth Eruption (Baby - Chronological)
First Molars,3,Human Teeth Eruption (Baby - Chronological)
Canines,Cuspids,Human Teeth Eruption (Baby - Chronological)
Second Molars,5,Human Teeth Eruption (Baby - Chronological)
O Positive,1,Blood Types (US Prevalence - High to Low)
A Positive,2,Blood Types (US Prevalence - High to Low)
B Positive,3,Blood Types (US Prevalence - High to Low)
O Negative,4,Blood Types (US Prevalence - High to Low)
A Negative,5,Blood Types (US Prevalence - High to Low)
AB Positive,6,Blood Types (US Prevalence - High to Low)
B Negative,7,Blood Types (US Prevalence - High to Low)
AB Negative,8,Blood Types (US Prevalence - High to Low)
Battery Acid,0,pH Scale (Acid to Base Examples)
Stomach Acid,1,pH Scale (Acid to Base Examples)
Vinegar,3,pH Scale (Acid to Base Examples)
Coffee,5,pH Scale (Acid to Base Examples)
Water,7,pH Scale (Acid to Base Examples)
Baking Soda,9,pH Scale (Acid to Base Examples)
Ammonia,11,pH Scale (Acid to Base Examples)
Bleach,13,pH Scale (Acid to Base Examples)
Drain Cleaner,14,pH Scale (Acid to Base Examples)
Stratus,1,Cloud Types (Altitude - Low to High)
Cumulus,2,Cloud Types (Altitude - Low to High)
Altostratus,3,Cloud Types (Altitude - Low to High)
Altocumulus,4,Cloud Types (Altitude - Low to High)
Cirrus,5,Cloud Types (Altitude - Low to High)
Calm,0,Beaufort Wind Scale (Force 0-9)
Light Air,1,Beaufort Wind Scale (Force 0-9)
Light Breeze,2,Beaufort Wind Scale (Force 0-9)
Gentle Breeze,3,Beaufort Wind Scale (Force 0-9)
Moderate Breeze,4,Beaufort Wind Scale (Force 0-9)
Fresh Breeze,5,Beaufort Wind Scale (Force 0-9)
Strong Breeze,6,Beaufort Wind Scale (Force 0-9)
High Wind,7,Beaufort Wind Scale (Force 0-9)
Gale,8,Beaufort Wind Scale (Force 0-9)
Strong Gale,9,Beaufort Wind Scale (Force 0-9)
Micro,1,Richter Scale (Impact Categories)
Minor,2,Richter Scale (Impact Categories)
Light,3,Richter Scale (Impact Categories)
Moderate,4,Richter Scale (Impact Categories)
Strong,5,Richter Scale (Impact Categories)
Major,6,Richter Scale (Impact Categories)
Great,7,Richter Scale (Impact Categories)
O,Blue,Stellar Spectral Types (Temp - Hot to Cold)
B,Blue-white,Stellar Spectral Types (Temp - Hot to Cold)
A,White,Stellar Spectral Types (Temp - Hot to Cold)
F,Yellow-white,Stellar Spectral Types (Temp - Hot to Cold)
G,Yellow,Stellar Spectral Types (Temp - Hot to Cold)
K,Orange,Stellar Spectral Types (Temp - Hot to Cold)
M,Red,Stellar Spectral Types (Temp - Hot to Cold)
Aries,1,Zodiac Signs (Calendar Order)
Taurus,2,Zodiac Signs (Calendar Order)
Gemini,3,Zodiac Signs (Calendar Order)
Cancer,4,Zodiac Signs (Calendar Order)
Leo,5,Zodiac Signs (Calendar Order)
Virgo,6,Zodiac Signs (Calendar Order)
Libra,7,Zodiac Signs (Calendar Order)
Scorpio,8,Zodiac Signs (Calendar Order)
Sagittarius,9,Zodiac Signs (Calendar Order)
Capricorn,10,Zodiac Signs (Calendar Order)
Aquarius,11,Zodiac Signs (Calendar Order)
Pisces,12,Zodiac Signs (Calendar Order)
New Moon,1,Moon Phases (Cycle)
Waxing Crescent,2,Moon Phases (Cycle)
First Quarter,3,Moon Phases (Cycle)
Waxing Gibbous,4,Moon Phases (Cycle)
Full Moon,5,Moon Phases (Cycle)
Waning Gibbous,6,Moon Phases (Cycle)
Third Quarter,7,Moon Phases (Cycle)
Waning Crescent,8,Moon Phases (Cycle)
Mariana Trench,"10,984 m",Deepest Ocean Trenches (Depth - Deep to Shallow)
Tonga Trench,"10,823 m",Deepest Ocean Trenches (Depth - Deep to Shallow)
Kuril-Kamchatka Trench,"10,542 m",Deepest Ocean Trenches (Depth - Deep to Shallow)
Philippine Trench,"10,540 m",Deepest Ocean Trenches (Depth - Deep to Shallow)
Kermadec Trench,"10,047 m",Deepest Ocean Trenches (Depth - Deep to Shallow)
Izu-Ogasawara Trench,"9,780 m",Deepest Ocean Trenches (Depth - Deep to Shallow)
Japan Trench,"8,513 m",Deepest Ocean Trenches (Depth - Deep to Shallow)
Puerto Rico Trench,"8,380 m",Deepest Ocean Trenches (Depth - Deep to Shallow)
South Sandwich Trench,"8,265 m",Deepest Ocean Trenches (Depth - Deep to Shallow)
Aleutian Trench,"8,109 m",Deepest Ocean Trenches (Depth - Deep to Shallow)
Danyang-Kunshan Grand Bridge,164.8 km,Longest Bridges (Length - Long to Short)
Changhua-Kaohsiung Viaduct,157.3 km,Longest Bridges (Length - Long to Short)
Cangde Grand Bridge,115.9 km,Longest Bridges (Length - Long to Short)
Tianjin Grand Bridge,113.7 km,Longest Bridges (Length - Long to Short)
Weinan Weihe Grand Bridge,79.7 km,Longest Bridges (Length - Long to Short)
Hong Kong-Zhuhai-Macau Bridge,55 km,Longest Bridges (Length - Long to Short)
Bang Na Expressway,54 km,Longest Bridges (Length - Long to Short)
Lake Pontchartrain Causeway,38.4 km,Longest Bridges (Length - Long to Short)
Manchac Swamp Bridge,36.7 km,Longest Bridges (Length - Long to Short)
Line 1 (Wuhan Metro) Bridge,37.7 km,Longest Bridges (Length - Long to Short)
Peregrine Falcon,Dive: 389 km/h,Fastest Birds (Top Speed - Fast to Slow)
Saker Falcon,Dive: 320 km/h,Fastest Birds (Top Speed - Fast to Slow)
Golden Eagle,Dive: 322 km/h,Fastest Birds (Top Speed - Fast to Slow)
White-Throated Needletail,Level: 169 km/h,Fastest Birds (Top Speed - Fast to Slow)
Spur-Winged Goose,142 km/h,Fastest Birds (Top Speed - Fast to Slow)
Grey-Headed Albatross,Level: 127 km/h,Fastest Birds (Top Speed - Fast to Slow)
Common Swift,Level: 111.5 km/h,Fastest Birds (Top Speed - Fast to Slow)
Eurasian Hobby,160 km/h,Fastest Birds (Top Speed - Fast to Slow)
Frigatebird,153 km/h,Fastest Birds (Top Speed - Fast to Slow)
Red-breasted Merganser,130 km/h,Fastest Birds (Top Speed - Fast to Slow)
Mandarin Chinese,~920M,most Spoken Languages (Native Speakers - High to Low)
Spanish,~475M,most Spoken Languages (Native Speakers - High to Low)
English,~375M,most Spoken Languages (Native Speakers - High to Low)
Hindi,~340M,most Spoken Languages (Native Speakers - High to Low)
Bengali,~230M,most Spoken Languages (Native Speakers - High to Low)
Portuguese,~230M,most Spoken Languages (Native Speakers - High to Low)
Russian,~150M,most Spoken Languages (Native Speakers - High to Low)
Japanese,~125M,most Spoken Languages (Native Speakers - High to Low)
Western Punjabi,~90M,most Spoken Languages (Native Speakers - High to Low)
Marathi,~83M,most Spoken Languages (Native Speakers - High to Low)
Greenland,1,Largest Islands (Area - Large to Small)
New Guinea,2,Largest Islands (Area - Large to Small)
Borneo,3,Largest Islands (Area - Large to Small)
Madagascar,4,Largest Islands (Area - Large to Small)
Baffin Island,5,Largest Islands (Area - Large to Small)
Sumatra,6,Largest Islands (Area - Large to Small)
Honshu,7,Largest Islands (Area - Large to Small)
Victoria Island,8,Largest Islands (Area - Large to Small)
Great Britain,9,Largest Islands (Area - Large to Small)
Ellesmere Island,10,Largest Islands (Area - Large to Small)
Burj Khalifa,828 m,Tallest Buildings (Height - Tall to Short)
Merdeka 118,679 m,Tallest Buildings (Height - Tall to Short)
Shanghai Tower,632 m,Tallest Buildings (Height - Tall to Short)
Makkah Royal Clock Tower,601 m,Tallest Buildings (Height - Tall to Short)
Ping An Finance Center,599 m,Tallest Buildings (Height - Tall to Short)
Lotte World Tower,555 m,Tallest Buildings (Height - Tall to Short)
One World Trade Center,541 m,Tallest Buildings (Height - Tall to Short)
Guangzhou CTF Finance Centre,530 m,Tallest Buildings (Height - Tall to Short)
Tianjin CTF Finance Centre,530 m,Tallest Buildings (Height - Tall to Short)
CITIC Tower,528 m,Tallest Buildings (Height - Tall to Short)
Narendra Modi Stadium,"India - 132,000",Largest Sports Stadiums (Capacity - High to Low)
Rungrado 1st of May Stadium,"N. Korea - 114,000",Largest Sports Stadiums (Capacity - High to Low)
Michigan Stadium,"USA - 107,601",Largest Sports Stadiums (Capacity - High to Low)
Beaver Stadium,"USA - 106,572",Largest Sports Stadiums (Capacity - High to Low)
Ohio Stadium,"USA - 102,780",Largest Sports Stadiums (Capacity - High to Low)
Kyle Field,"USA - 102,733",Largest Sports Stadiums (Capacity - High to Low)
Neyland Stadium,"USA - 101,915",Largest Sports Stadiums (Capacity - High to Low)
Tiger Stadium,"USA - 102,321",Largest Sports Stadiums (Capacity - High to Low)
Darrell K Royal–Texas Memorial Stadium,"USA - 100,119",Largest Sports Stadiums (Capacity - High to Low)
Bryant-Denny Stadium,"USA - 100,077",Largest Sports Stadiums (Capacity - High to Low)
MrBeast,1,Most Subscribed YouTube Channels (Early 2026 Est.)
T-Series,2,Most Subscribed YouTube Channels (Early 2026 Est.)
Cocomelon,3,Most Subscribed YouTube Channels (Early 2026 Est.)
SET India,4,Most Subscribed YouTube Channels (Early 2026 Est.)
Vlad and Niki,5,Most Subscribed YouTube Channels (Early 2026 Est.)
Kids Diana Show,6,Most Subscribed YouTube Channels (Early 2026 Est.)
Stokes Twins,7,Most Subscribed YouTube Channels (Early 2026 Est.)
Like Nastya,8,Most Subscribed YouTube Channels (Early 2026 Est.)
Kimpro,9,Most Subscribed YouTube Channels (Early 2026 Est.)
Zee Music Company,10,Most Subscribed YouTube Channels (Early 2026 Est.)
Mansa Musa I,Mali Empire,Richest Historical Figures (Inflation Adj. - High to Low)
Augustus Caesar,Rome,Richest Historical Figures (Inflation Adj. - High to Low)
Akbar I,Mughal Style,Richest Historical Figures (Inflation Adj. - High to Low)
Shenzong,Song Dynasty,Richest Historical Figures (Inflation Adj. - High to Low)
John D. Rockefeller,Standard Oil,Richest Historical Figures (Inflation Adj. - High to Low)
Andrew Carnegie,US Steel,Richest Historical Figures (Inflation Adj. - High to Low)
Nikolai Alexandrovich Romanov,Tsar Nicholas II,Richest Historical Figures (Inflation Adj. - High to Low)
Mir Osman Ali Khan,Hyderabad,Richest Historical Figures (Inflation Adj. - High to Low)
William The Conqueror,9,Richest Historical Figures (Inflation Adj. - High to Low)
Muammar Gaddafi,10,Richest Historical Figures (Inflation Adj. - High to Low)
"Valdivia, Chile 1960",9.5,Major Earthquakes (Magnitude - High to Low)
Great Alaska 1964,9.2,Major Earthquakes (Magnitude - High to Low)
Sumatra 2004,9.1,Major Earthquakes (Magnitude - High to Low)
"Tohoku, Japan 2011",9.1,Major Earthquakes (Magnitude - High to Low)
"Kamchatka, Russia 1952",9.0,Major Earthquakes (Magnitude - High to Low)
"Maule, Chile 2010",8.8,Major Earthquakes (Magnitude - High to Low)
Ecuador-Colombia 1906,8.8,Major Earthquakes (Magnitude - High to Low)
"Rat Islands, Alaska 1965",8.7,Major Earthquakes (Magnitude - High to Low)
Assam-Tibet 1950,8.6,Major Earthquakes (Magnitude - High to Low)
Northern Sumatra 2005,8.6,Major Earthquakes (Magnitude - High to Low)
Al-Alaq,96,First 10 Surahs Revelation (Chronological)
Al-Qalam,68,First 10 Surahs Revelation (Chronological)
Al-Muzzammil,73,First 10 Surahs Revelation (Chronological)
Al-Muddaththir,74,First 10 Surahs Revelation (Chronological)
Al-Fatihah,1,First 10 Surahs Revelation (Chronological)
Al-Masad,111,First 10 Surahs Revelation (Chronological)
At-Takwir,81,First 10 Surahs Revelation (Chronological)
Al-A'la,87,First 10 Surahs Revelation (Chronological)
Al-Lail,92,First 10 Surahs Revelation (Chronological)
Al-Fajr,89,First 10 Surahs Revelation (Chronological)
Salvator Mundi,da Vinci,Most Expensive Paintings (Sold Price - High to Low)
Interchange,de Kooning,Most Expensive Paintings (Sold Price - High to Low)
The Card Players,Cézanne,Most Expensive Paintings (Sold Price - High to Low)
Nafea Faa Ipoipo,Gauguin,Most Expensive Paintings (Sold Price - High to Low)
Number 17A,Pollock,Most Expensive Paintings (Sold Price - High to Low)
The Standard Bearer,Rembrandt,Most Expensive Paintings (Sold Price - High to Low)
Shot Sage Blue Marilyn,Warhol,Most Expensive Paintings (Sold Price - High to Low)
Wasserschlangen II,Klimt,Most Expensive Paintings (Sold Price - High to Low)
Portraits of Maerten Soolmans/Oopjen Coppit,Rembrandt,Most Expensive Paintings (Sold Price - High to Low)
Netflix,2007,Streaming Services (Launch Year)
Hulu,2008,Streaming Services (Launch Year)
Amazon Prime Video,2011,Streaming Services (Launch Year)
Tubi,2014,Streaming Services (Launch Year)
HBO Now,2015,Streaming Services (Launch Year)
Youtube TV,2017,Streaming Services (Launch Year)
Disney+,2019,Streaming Services (Launch Year)
Peacock,2020,Streaming Services (Launch Year)
Paramount Plus,2021,Streaming Services (Launch Year)
A Bug’s Life,1998,Pixar Movies (Release Year)
"Monsters, Inc.",2001,Pixar Movies (Release Year)
Finding Nemo,2003,Pixar Movies (Release Year)
Incredibles,2004,Pixar Movies (Release Year)
Ratatouille,2007,Pixar Movies (Release Year)
Up,2009,Pixar Movies (Release Year)
Inside Out,2015,Pixar Movies (Release Year)
Soul,2020,Pixar Movies (Release Year)
Turning Red,2022,Pixar Movies (Release Year)
Iron Man,2008,Marvel Movies (Release Year)
Thor,2011,Marvel Movies (Release Year)
Iron Man 3,2013,Marvel Movies (Release Year)
Winter Soldier,2014,Marvel Movies (Release Year)
Age of Ultron,2015,Marvel Movies (Release Year)
Doctor Strange,2016,Marvel Movies (Release Year)
GOTG 2,2017,Marvel Movies (Release Year)
Black Panther,2018,Marvel Movies (Release Year)
Avengers: Endgame,2019,Marvel Movies (Release Year)
Shang-Chi,2021,Marvel Movies (Release Year)
The Beatles,1962,When Boybands Were Born (Formation Year)
The Jackson 5,1965,When Boybands Were Born (Formation Year)
Menudo,1977,When Boybands Were Born (Formation Year)
New Edition,1983,When Boybands Were Born (Formation Year)
New Kids on the Block,1986,When Boybands Were Born (Formation Year)
Boyz II Men,1989,When Boybands Were Born (Formation Year)
Backstreet Boys,1993,When Boybands Were Born (Formation Year)
*NSYNC,1995,When Boybands Were Born (Formation Year)
The Jonas Brothers,2005,When Boybands Were Born (Formation Year)
One Direction,2011,When Boybands Were Born (Formation Year)
BTS,2013,When Boybands Were Born (Formation Year)
The Smurfs,1981,Children’s Shows (Premiere Year)
Reading Rainbow,1983,Children’s Shows (Premiere Year)
Rugrats,1991,Children’s Shows (Premiere Year)
Blue’s Clues,1996,Children’s Shows (Premiere Year)
"Ed, Edd N Eddy",1999,Children’s Shows (Premiere Year)
The Proud Family,2001,Children’s Shows (Premiere Year)
Adventure Time,2010,Children’s Shows (Premiere Year)
PAW Patrol,2013,Children’s Shows (Premiere Year)
Rubik’s Cube,1980,Popular Toys (Release Year)
Care Bears,1983,Popular Toys (Release Year)
Ninja Turtles,1988,Popular Toys (Release Year)
Bop It!,1996,Popular Toys (Release Year)
Furby,1998,Popular Toys (Release Year)
Pokemon Cards,1999,Popular Toys (Release Year)
Bratz Dolls,2001,Popular Toys (Release Year)
Skylanders,2011,Popular Toys (Release Year)
Shopkins,2015,Popular Toys (Release Year)
A Space Odyssey,2001,Year Setting of Sci-Fi Movies
Blade Runner,2019,Year Setting of Sci-Fi Movies
Soylent Green,2022,Year Setting of Sci-Fi Movies
"I, Robot",2035,Year Setting of Sci-Fi Movies
Minority Report,2054,Year Setting of Sci-Fi Movies
Alien,2122,Year Setting of Sci-Fi Movies
Matrix,2199,Year Setting of Sci-Fi Movies
The Fifth Element,2263,Year Setting of Sci-Fi Movies
WALL-E,2805,Year Setting of Sci-Fi Movies
Futurama,3000,Year Setting of Sci-Fi Movies
Planet of the Apes,3978,Year Setting of Sci-Fi Movies
Dune,"22,021",Year Setting of Sci-Fi Movies
Cheers,1993,Sitcom Series Finales (Year)
Fresh Prince,1996,Sitcom Series Finales (Year)
Seinfeld,1998,Sitcom Series Finales (Year)
Friends,2004,Sitcom Series Finales (Year)
MITM,2006,Sitcom Series Finales (Year)
Scrubs,2009,Sitcom Series Finales (Year)
The Office,2013,Sitcom Series Finales (Year)
HIMYM,2014,Sitcom Series Finales (Year)
Parks & Recreation,2015,Sitcom Series Finales (Year)
New Girl,2018,Sitcom Series Finales (Year)
The Big Bang Theory,2019,Sitcom Series Finales (Year)
The Good Place,2020,Sitcom Series Finales (Year)
Cracker Jack,1896,Snack Foods (Introduction Year)
Oreos,1912,Snack Foods (Introduction Year)
Cheetos,1948,Snack Foods (Introduction Year)
Milano Cookie,1957,Snack Foods (Introduction Year)
Chips Ahoy!,1963,Snack Foods (Introduction Year)
Pringles,1967,Snack Foods (Introduction Year)
Fruit by the Foot,1991,Snack Foods (Introduction Year)
Takis,1999,Snack Foods (Introduction Year)
IBM,1914,Tech Companies (Founding Year)
Microsoft,1975,Tech Companies (Founding Year)
Apple,1976,Tech Companies (Founding Year)
Amazon,1995,Tech Companies (Founding Year)
Spotify,2006,Tech Companies (Founding Year)
Uber,2009,Tech Companies (Founding Year)
Fiat,1899,Car Brands (Founding Year)
Ford,1903,Car Brands (Founding Year)
Chevrolet,1911,Car Brands (Founding Year)
Volvo,1927,Car Brands (Founding Year)
Volkswagen,1937,Car Brands (Founding Year)
Ferrari,1939,Car Brands (Founding Year)
Hyundai,1947,Car Brands (Founding Year)
Honda,1948,Car Brands (Founding Year)
Lamborghini,1963,Car Brands (Founding Year)
The Bob,1920s,Women’s Hairstyle Trends (Decade)
The Finger Waves,1930s,Women’s Hairstyle Trends (Decade)
The Chignon,1940s,Women’s Hairstyle Trends (Decade)
The Bouffant,1950s,Women’s Hairstyle Trends (Decade)
The Beehive,1960s,Women’s Hairstyle Trends (Decade)
The Afro,1970s,Women’s Hairstyle Trends (Decade)
The Perm,1980s,Women’s Hairstyle Trends (Decade)
The Rachel,1990s,Women’s Hairstyle Trends (Decade)
The Two Strand Bangs,2000s,Women’s Hairstyle Trends (Decade)
The Ombré,2010s,Women’s Hairstyle Trends (Decade)
TIME,1923,Magazines (Launch Year)
Glamour,1939,Magazines (Launch Year)
Ebony,1945,Magazines (Launch Year)
Sports Illustrated,1954,Magazines (Launch Year)
Rolling Stone,1967,Magazines (Launch Year)
People,1974,Magazines (Launch Year)
Teen Vogue,2003,Magazines (Launch Year)
Baroque Classical,1600,Music Genres (Origins)
Romantic Classical,1830,Music Genres (Origins)
Jazz,1900,Music Genres (Origins)
R&B,1947,Music Genres (Origins)
Rock & Roll,1951,Music Genres (Origins)
Heavy Metal,1970,Music Genres (Origins)
Punk,1975,Music Genres (Origins)
Hip Hop,1979,Music Genres (Origins)
Techno,1980,Music Genres (Origins)
Neo-Soul,1993,Music Genres (Origins)
Friday the 13th,1980,Horror Flicks (Release Year)
Child’s Play,1988,Horror Flicks (Release Year)
Misery,1990,Horror Flicks (Release Year)
Scream,1996,Horror Flicks (Release Year)
The Sixth Sense,1999,Horror Flicks (Release Year)
Final Destination,2000,Horror Flicks (Release Year)
The Ring (US),2002,Horror Flicks (Release Year)
Paranormal Activity,2007,Horror Flicks (Release Year)
Shutter Island,2010,Horror Flicks (Release Year)
Get Out,2017,Horror Flicks (Release Year)
The Fast and the Furious,2001,Fast & Furious Films (Release Year)
2 Fast 2 Furious,2003,Fast & Furious Films (Release Year)
Tokyo Drift,2006,Fast & Furious Films (Release Year)
Fast & Furious,2009,Fast & Furious Films (Release Year)
Fast Five,2011,Fast & Furious Films (Release Year)
Furious 7,2015,Fast & Furious Films (Release Year)
The Fate of the Furious,2017,Fast & Furious Films (Release Year)
Hobbs & Shaw,2019,Fast & Furious Films (Release Year)
F9,2021,Fast & Furious Films (Release Year)
Pyramids of Giza,-2490,World Buildings By Completion
The Parthenon,-432,World Buildings By Completion
Great Wall,-206,World Buildings By Completion
Colosseum of Rome,80,World Buildings By Completion
Machu Picchu,1490,World Buildings By Completion
Taj Mahal,1653,World Buildings By Completion
Big Ben,1859,World Buildings By Completion
Chrysler Building,1930,World Buildings By Completion
Petronas Towers,1998,World Buildings By Completion
Beijing,-1045,World Cities By Date Founded
Rome,-753,World Cities By Date Founded
Paris,-259,World Cities By Date Founded
London,43,World Cities By Date Founded
Baghdad,762,World Cities By Date Founded
Moscow,1147,World Cities By Date Founded
New York City,1664,World Cities By Date Founded
Melbourne,1835,World Cities By Date Founded
Las Vegas,1905,World Cities By Date Founded
Batman,1939,First Appearance of Superheroes
Wonder Woman,1941,First Appearance of Superheroes
Supergirl,1959,First Appearance of Superheroes
Black Panther,1966,First Appearance of Superheroes
Wolverine,1974,First Appearance of Superheroes
She-Hulk,1980,First Appearance of Superheroes
Deadpool,1991,First Appearance of Superheroes
Kick-Ass,2008,First Appearance of Superheroes
Ironheart,2016,First Appearance of Superheroes
Snow White,1937,Disney Movies (Release Year)
Bambi,1942,Disney Movies (Release Year)
Cinderella,1950,Disney Movies (Release Year)
Lady & the Tramp,1955,Disney Movies (Release Year)
The Aristocats,1970,Disney Movies (Release Year)
Little Mermaid,1989,Disney Movies (Release Year)
Beauty & the Beast,1991,Disney Movies (Release Year)
Princess & the Frog,2009,Disney Movies (Release Year)
Tangled,2010,Disney Movies (Release Year)
Movable Type,1450,Inventions by Year
Cotton Gin,1793,Inventions by Year
Camera,1839,Inventions by Year
Windmill,1854,Inventions by Year
Telephone,1876,Inventions by Year
Lightbulb,1879,Inventions by Year
Airplane,1903,Inventions by Year
Penicillin,1928,Inventions by Year
Microwave,1945,Inventions by Year
Shrek,2001,Movies With Talking Animals
Scooby-Doo,2002,Movies With Talking Animals
Madagascar,2005,Movies With Talking Animals
Kung Fu Panda,2008,Movies With Talking Animals
Fantastic Mr. Fox,2009,Movies With Talking Animals
Guardians,2014,Movies With Talking Animals
Paddington 2,2017,Movies With Talking Animals
Spider-Verse,2018,Movies With Talking Animals
Sonic 2,2022,Movies With Talking Animals
Sad Keanu,2010,Famous Memes (Origin Year)
"""Not Bad"" Obama Face",2011,Famous Memes (Origin Year)
Grumpy Cat,2012,Famous Memes (Origin Year)
Tea-Drinking Kermit,2014,Famous Memes (Origin Year)
"""This Is Fine""",2016,Famous Memes (Origin Year)
Cash Me Ousside,2017,Famous Memes (Origin Year)
Surprised Pikachu,2018,Famous Memes (Origin Year)
Woman Yelling At Cat,2019,Famous Memes (Origin Year)
Once Again Asking,2020,Famous Memes (Origin Year)
Charlie Chaplin,1889,Comedian Birthdays
Lucille Ball,1911,Comedian Birthdays
Richard Pryor,1940,Comedian Birthdays
Robin Williams,1951,Comedian Birthdays
Eddie Murphy,1961,Comedian Birthdays
Adam Sandler,1966,Comedian Birthdays
Mindy Kaling,1979,Comedian Birthdays
John Mulaney,1982,Comedian Birthdays
Bo Burnham,1990,Comedian Birthdays
Elizabeth II,1952,Modern Leaders by Rise To Power
Charles De Gaulle,1958,Modern Leaders by Rise To Power
Richard M. Nixon,1968,Modern Leaders by Rise To Power
Deng Xiaoping,1978,Modern Leaders by Rise To Power
Ali Khamenei of Iran,1981,Modern Leaders by Rise To Power
Vladimir Putin,1999,Modern Leaders by Rise To Power
Angela Merkel,2005,Modern Leaders by Rise To Power
Justin Trudeau,2015,Modern Leaders by Rise To Power
Wheel of Fortune,1983,Game Shows (Premiere Year)
Jeopardy!,1984,Game Shows (Premiere Year)
Supermarket Sweep,1990,Game Shows (Premiere Year)
Who Wants To Be A Millionaire?,1999,Game Shows (Premiere Year)
The Weakest Link,2000,Game Shows (Premiere Year)
Fear Factor,2001,Game Shows (Premiere Year)
Cash Cab,2005,Game Shows (Premiere Year)
Are You Smarter...?,2007,Game Shows (Premiere Year)
Wipeout,2008,Game Shows (Premiere Year)
The Combover,1930s,Men’s Hairstyle Trends (Decade)
The Dapper Haircut,1940s,Men’s Hairstyle Trends (Decade)
Rockabilly Pompadour,1950s,Men’s Hairstyle Trends (Decade)
Afro,1960s,Men’s Hairstyle Trends (Decade)
The Shag,1970s,Men’s Hairstyle Trends (Decade)
Jheri Curl,1980s,Men’s Hairstyle Trends (Decade)
Frosted Tips,1990s,Men’s Hairstyle Trends (Decade)
Fauxhawk,2000s,Men’s Hairstyle Trends (Decade)
Man Bun,2010s,Men’s Hairstyle Trends (Decade)
Egypt’s Old Kingdom,-2181,Fall of Empires
First Persian Empire,-330,Fall of Empires
Macedonian,-31,Fall of Empires
Western Roman Empire,476,Fall of Empires
Mongol Empire,1368,Fall of Empires
Byzantine Empire,1453,Fall of Empires
Holy Roman Empire,1806,Fall of Empires
Ottoman Empire,1922,Fall of Empires
British Empire,1997,Fall of Empires
Dr. No,1963,Famous Franchises First Films
The Godfather,1972,Famous Franchises First Films
Rocky,1976,Famous Franchises First Films
Star Wars,1977,Famous Franchises First Films
Star Trek,1979,Famous Franchises First Films
The Terminator,1984,Famous Franchises First Films
Back to the Future,1985,Famous Franchises First Films
Die Hard,1988,Famous Franchises First Films
Rush Hour,1998,Famous Franchises First Films
The Matrix,1999,Famous Franchises First Films
Lord of the Rings,2001,Famous Franchises First Films
Ice Age,2002,Famous Franchises First Films
Transformers,2007,Famous Franchises First Films
Hangover,2009,Famous Franchises First Films
Sputnik 1,1957,Space Trips (Year)
Venera 3,1965,Space Trips (Year)
Apollo 11,1969,Space Trips (Year)
Voyager 1,1977,Space Trips (Year)
Cassini,1997,Space Trips (Year)
Hayabusa,2003,Space Trips (Year)
New Horizons,2006,Space Trips (Year)
Juno,2011,Space Trips (Year)
Neptune,9,Space Trips (Year)
James Webb,2021,Space Trips (Year)
Russia,"17,098,242",Country Size (Total Area - Sq Km)
Canada,"9,984,670",Country Size (Total Area - Sq Km)
China,"9,706,961",Country Size (Total Area - Sq Km)
USA,"9,372,610",Country Size (Total Area - Sq Km)
Brazil,"8,515,767",Country Size (Total Area - Sq Km)
Australia,"7,692,024",Country Size (Total Area - Sq Km)
India,"3,287,590",Country Size (Total Area - Sq Km)
Saudi Arabia,"2,149,690",Country Size (Total Area - Sq Km)
Mongolia,"1,564,110",Country Size (Total Area - Sq Km)
Pakistan,"881,913",Country Size (Total Area - Sq Km)
Antarctic,"5,500,000",Largest Deserts (Sq Km)
Arctic,"5,400,000",Largest Deserts (Sq Km)
Sahara,"3,500,000",Largest Deserts (Sq Km)
Arabian,"1,000,000",Largest Deserts (Sq Km)
Gobi,"500,000",Largest Deserts (Sq Km)
Kalahari,"220,000",Largest Deserts (Sq Km)
Great Sandy,"150,000",Largest Deserts (Sq Km)
Mojave,"54,000",Largest Deserts (Sq Km)
Louvre,"9,600,000",Most Visited Museums (2019)
Natl Museum Of China,"7,390,000",Most Visited Museums (2019)
Vatican Museums,"6,883,000",Most Visited Museums (2019)
Metropolitan Museum,"6,770,000",Most Visited Museums (2019)
British Museum,"6,208,000",Most Visited Museums (2019)
National Gallery,"6,011,000",Most Visited Museums (2019)
State Hermitage,"4,957,000",Most Visited Museums (2019)
Japan,2,Flags By Number Of Colors
Pakistan,2,Flags By Number Of Colors
USA,3,Flags By Number Of Colors
France,3,Flags By Number Of Colors
Brazil,4,Flags By Number Of Colors
South Africa,6,Flags By Number Of Colors
Belize,19,Flags By Number Of Colors
Michael Phelps,28,Olympians With The Most Medals
Larisa Latynina,18,Olympians With The Most Medals
Nikolai Andrianov,15,Olympians With The Most Medals
Ryan Lochte,12,Olympians With The Most Medals
Mark Spitz,11,Olympians With The Most Medals
Carl Lewis,10,Olympians With The Most Medals
Usain Bolt,8,Olympians With The Most Medals
Simone Biles,7,Olympians With The Most Medals
Labrador Retriever,1,Most Popular Dog Breeds
French Bulldog,2,Most Popular Dog Breeds
Golden Retriever,3,Most Popular Dog Breeds
German Shepherd,4,Most Popular Dog Breeds
Poodle,5,Most Popular Dog Breeds
Bulldog,6,Most Popular Dog Breeds
Beagle,7,Most Popular Dog Breeds
Rottweiler,8,Most Popular Dog Breeds
North Pole,90,Places in the Northern Hemisphere (Latitude)
Reykjavik,64,Places in the Northern Hemisphere (Latitude)
London,51,Places in the Northern Hemisphere (Latitude)
Toronto,43,Places in the Northern Hemisphere (Latitude)
Beijing,39,Places in the Northern Hemisphere (Latitude)
Islamabad,33,Places in the Northern Hemisphere (Latitude)
Dubai,25,Places in the Northern Hemisphere (Latitude)
Mumbai,18,Places in the Northern Hemisphere (Latitude)
Singapore,1,Places in the Northern Hemisphere (Latitude)
Hydrogen,1.008,Elements by Atomic Mass
Helium,4.003,Elements by Atomic Mass
Carbon,12.011,Elements by Atomic Mass
Oxygen,15.999,Elements by Atomic Mass
Sodium,22.990,Elements by Atomic Mass
Calcium,40.078,Elements by Atomic Mass
Iron,55.845,Elements by Atomic Mass
Gold,196.967,Elements by Atomic Mass
Uranium,238.029,Elements by Atomic Mass
English,1.132 billion,World Languages (Speakers)
Mandarin Chinese,1.116 billion,World Languages (Speakers)
Hindi,615 million,World Languages (Speakers)
Spanish,534 million,World Languages (Speakers)
French,279 million,World Languages (Speakers)
Standard Arabic,273 million,World Languages (Speakers)
Urdu,230 million,World Languages (Speakers)
German,132 million,World Languages (Speakers)
Earthworm,0,Animals By Leg Count
Human,2,Animals By Leg Count
Cat,4,Animals By Leg Count
Ant,6,Animals By Leg Count
Spider,8,Animals By Leg Count
Crab,10,Animals By Leg Count
Centipede,30+,Animals By Leg Count
Millipede,300+,Animals By Leg Count
Sun,1,Solar System Bodies by Mass
Jupiter,2,Solar System Bodies by Mass
Saturn,3,Solar System Bodies by Mass
Neptune,4,Solar System Bodies by Mass
Uranus,5,Solar System Bodies by Mass
Earth,6,Solar System Bodies by Mass
Venus,7,Solar System Bodies by Mass
Mars,8,Solar System Bodies by Mass
Mercury,9,Solar System Bodies by Mass
Alpha,1,Greek Alphabet Letters (Order)
Beta,2,Greek Alphabet Letters (Order)
Gamma,3,Greek Alphabet Letters (Order)
Delta,4,Greek Alphabet Letters (Order)
Epsilon,5,Greek Alphabet Letters (Order)
Theta,8,Greek Alphabet Letters (Order)
Pi,16,Greek Alphabet Letters (Order)
Omega,24,Greek Alphabet Letters (Order)
The Raven Poem,"1,067",Word Count (Approx.)
US Constitution,"4,543",Word Count (Approx.)
Rocky Script,"21,955",Word Count (Approx.)
Great Gatsby Book,"47,094",Word Count (Approx.)
Harry Potter 1,"76,944",Word Count (Approx.)
The Hobbit,"95,356",Word Count (Approx.)
The Lord of the Rings,"481,103",Word Count (Approx.)
King James Bible,"783,137",Word Count (Approx.)
Game of Thrones Series,"1,770,000",Word Count (Approx.)
Royal Flush,1,Poker Hand Rankings (High to Low)
Straight Flush,2,Poker Hand Rankings (High to Low)
Four of a Kind,3,Poker Hand Rankings (High to Low)
Full House,4,Poker Hand Rankings (High to Low)
Flush,5,Poker Hand Rankings (High to Low)
Straight,6,Poker Hand Rankings (High to Low)
Three of a Kind,7,Poker Hand Rankings (High to Low)
Two Pair,8,Poker Hand Rankings (High to Low)
Pair,9,Poker Hand Rankings (High to Low)
High Card,10,Poker Hand Rankings (High to Low)
Toy Story,1h 21m,Movie Runtimes (Short to Long)
Lion King,1h 28m,Movie Runtimes (Short to Long)
Shrek,1h 30m,Movie Runtimes (Short to Long)
Finding Nemo,1h 40m,Movie Runtimes (Short to Long)
Frozen,1h 42m,Movie Runtimes (Short to Long)
Spider-Man,2h 1m,Movie Runtimes (Short to Long)
Avengers: Endgame,3h 1m,Movie Runtimes (Short to Long)
Titanic,3h 14m,Movie Runtimes (Short to Long)
Lord of the Rings: ROTK,3h 21m,Movie Runtimes (Short to Long)
Quark,1,Tiny Things (Small to Large)
Proton,2,Tiny Things (Small to Large)
Atom,3,Tiny Things (Small to Large)
Virus,4,Tiny Things (Small to Large)
Bacteria,5,Tiny Things (Small to Large)
Red Blood Cell,6,Tiny Things (Small to Large)
Human Egg,7,Tiny Things (Small to Large)
Grain of Sand,8,Tiny Things (Small to Large)
Ant,9,Tiny Things (Small to Large)
Manatee,16 m,Sea Animals by Diving Depth
Atlantic Salmon,210 m,Sea Animals by Diving Depth
Emperor Penguin,565 m,Sea Animals by Diving Depth
Beluga Whale,647 m,Sea Animals by Diving Depth
Leatherback Turtle,"1,000 m",Sea Animals by Diving Depth
Giant Pacific Octopus,"1,500 m",Sea Animals by Diving Depth
Deep-sea Anglerfish,"2,500 m",Sea Animals by Diving Depth
Mariana Snailfish,"8,075 m",Sea Animals by Diving Depth
Blue Whales,0,Animals By Tooth Count
Turtles,0,Animals By Tooth Count
Humans,32,Animals By Tooth Count
Cats,30,Animals By Tooth Count
Dogs,42,Animals By Tooth Count
Crocodiles,60-110,Animals By Tooth Count
Dolphins,80-250,Animals By Tooth Count
Great White Shark,300,Animals By Tooth Count
Snails,"14,000+",Animals By Tooth Count
Queen Victoria,"5'0""",Heights of Historical Figures
Napoleon Bonaparte,"5'6""",Heights of Historical Figures
Winston Churchill,"5'6""",Heights of Historical Figures
Adolf Hitler,"5'9""",Heights of Historical Figures
George Washington,"6'2""",Heights of Historical Figures
Abraham Lincoln,"6'4""",Heights of Historical Figures
Peter the Great,"6'8""",Heights of Historical Figures
Tic Tac Toe,0-2,Board Games By Piece Count (Approx.)
Checkers,24,Board Games By Piece Count (Approx.)
Chess,32,Board Games By Piece Count (Approx.)
Monopoly,~56,Board Games By Piece Count (Approx.)
Scrabble,100,Board Games By Piece Count (Approx.)
Risk,~360,Board Games By Piece Count (Approx.)
Catan,~100+,Board Games By Piece Count (Approx.)
3.,1,First Digits of Pi
4,3,First Digits of Pi
1,4,First Digits of Pi
5,5,First Digits of Pi
9,6,First Digits of Pi
2,7,First Digits of Pi
6,8,First Digits of Pi
5,9,First Digits of Pi
3,10,First Digits of Pi
Hummingbird,1,Average Bird Egg Size (Small to Large)
Sparrow,2,Average Bird Egg Size (Small to Large)
Robin,3,Average Bird Egg Size (Small to Large)
Crow,4,Average Bird Egg Size (Small to Large)
Chicken,5,Average Bird Egg Size (Small to Large)
Duck,6,Average Bird Egg Size (Small to Large)
Eagle,7,Average Bird Egg Size (Small to Large)
Ostrich,8,Average Bird Egg Size (Small to Large)
Inner Core,1,Layers Of The Earth (In to Out)
Outer Core,2,Layers Of The Earth (In to Out)
Lower Mantle,3,Layers Of The Earth (In to Out)
Upper Mantle,4,Layers Of The Earth (In to Out)
Crust,5,Layers Of The Earth (In to Out)
Troposphere,6,Layers Of The Earth (In to Out)
Stratosphere,7,Layers Of The Earth (In to Out)
Mesosphere,8,Layers Of The Earth (In to Out)
Thermosphere,9,Layers Of The Earth (In to Out)
Exosphere,10,Layers Of The Earth (In to Out)
Lettuce,5,Calories Per Cup (Approx.)
Watermelon,46,Calories Per Cup (Approx.)
Apple Slices,57,Calories Per Cup (Approx.)
Rice,205,Calories Per Cup (Approx.)
Chocolate Ice Cream,285,Calories Per Cup (Approx.)
Sugar,774,Calories Per Cup (Approx.)
Butter,"1,628",Calories Per Cup (Approx.)
Oil,"1,900",Calories Per Cup (Approx.)
Mozzarella,Fresh,Cheeses By Aging Period
Brie,4 weeks,Cheeses By Aging Period
Feta,3 months,Cheeses By Aging Period
Gouda,4 months,Cheeses By Aging Period
Cheddar,1 year,Cheeses By Aging Period
Parmesan,2 years,Cheeses By Aging Period
Pinch,1,Cooking Measurements (Small to Large)
Teaspoon,2,Cooking Measurements (Small to Large)
Tablespoon,3,Cooking Measurements (Small to Large)
Cup,4,Cooking Measurements (Small to Large)
Pint,5,Cooking Measurements (Small to Large)
Quart,6,Cooking Measurements (Small to Large)
Gallon,7,Cooking Measurements (Small to Large)
The Beatles,1,Top-Selling Musicians (Certified Units)
Elvis Presley,2,Top-Selling Musicians (Certified Units)
Michael Jackson,3,Top-Selling Musicians (Certified Units)
Madonna,4,Top-Selling Musicians (Certified Units)
Elton John,5,Top-Selling Musicians (Certified Units)
Led Zeppelin,6,Top-Selling Musicians (Certified Units)
Pink Floyd,7,Top-Selling Musicians (Certified Units)
Eminem,8,Top-Selling Musicians (Certified Units)
Riyadh (Just kidding) -> Queen,9,Top-Selling Musicians (Certified Units)
Hair dryer,140,Maximum Heat (Fahrenheit)
Boiling water,212,Maximum Heat (Fahrenheit)
Sauna,260,Maximum Heat (Fahrenheit)
Clothes iron,400,Maximum Heat (Fahrenheit)
Gas oven,550,Maximum Heat (Fahrenheit)
Bunsen burner,"2,700",Maximum Heat (Fahrenheit)
Light bulb filament,"4,600",Maximum Heat (Fahrenheit)
Sun’s Core,"27,000,000",Maximum Heat (Fahrenheit)
Gastric Acid,1,pH Scale (Acidity - Low to High pH)
Lemon Juice,2,pH Scale (Acidity - Low to High pH)
Black Coffee,5,pH Scale (Acidity - Low to High pH)
Pure Water,7,pH Scale (Acidity - Low to High pH)
Clavicle,1,Bones In The Human Arm (Order)
Scapula,2,Bones In The Human Arm (Order)
Humerus,3,Bones In The Human Arm (Order)
Ulna,4,Bones In The Human Arm (Order)
Carpal,5,Bones In The Human Arm (Order)
Metacarpal,6,Bones In The Human Arm (Order)
Phalanges,7,Bones In The Human Arm (Order)
Opinion,1,Proper Order of Adjectives (English)
Size,2,Proper Order of Adjectives (English)
Physical Quality,3,Proper Order of Adjectives (English)
Shape,4,Proper Order of Adjectives (English)
Age,5,Proper Order of Adjectives (English)
Color,6,Proper Order of Adjectives (English)
Origin,7,Proper Order of Adjectives (English)
Material,8,Proper Order of Adjectives (English)
Type,9,Proper Order of Adjectives (English)
Lake Victoria,"26,590",Bodies of Water By Size (Sq Miles)
Mediterranean Sea,"970,000",Bodies of Water By Size (Sq Miles)
Caribbean Sea,"1,063,000",Bodies of Water By Size (Sq Miles)
Arabian Sea,"1,491,000",Bodies of Water By Size (Sq Miles)
Arctic Ocean,"5,427,000",Bodies of Water By Size (Sq Miles)
Southern Ocean,"7,849,000",Bodies of Water By Size (Sq Miles)
Indian Ocean,"27,240,000",Bodies of Water By Size (Sq Miles)
Atlantic Ocean,"41,105,000",Bodies of Water By Size (Sq Miles)
Pacific Ocean,"63,800,000",Bodies of Water By Size (Sq Miles)
White-Tailed Deer,3.5 ft,Animal Heights
Bison,6 ft,Animal Heights
Alaskan Moose,7.5 ft,Animal Heights
Ostrich,9 ft,Animal Heights
Brown Bear,10 ft,Animal Heights
African Elephant,13 ft,Animal Heights
Giraffe,15 ft,Animal Heights
Lionel Messi,$130 mil,Highest Paid Athletes (2022)
LeBron James,$121.2 mil,Highest Paid Athletes (2022)
Cristiano Ronaldo,$115 mil,Highest Paid Athletes (2022)
Neymar,$95 mil,Highest Paid Athletes (2022)
Stephen Curry,$92.8 mil,Highest Paid Athletes (2022)
Kevin Durant,$92.1 mil,Highest Paid Athletes (2022)
Roger Federer,$90.7 mil,Highest Paid Athletes (2022)
The Three Stooges,3,Groups by Member Count
Ninja Turtles,4,Groups by Member Count
Spice Girls,5,Groups by Member Count
Original Avengers,6,Groups by Member Count
Snow White’s Dwarves,7,Groups by Member Count
Fellowship of the Ring,9,Groups by Member Count
Ocean’s Heist Team,11,Groups by Member Count
Olympian Gods,12,Groups by Member Count
Black Mamba,12 mph,Land Animal Speeds
Human,28 mph - Usain Bolt,Land Animal Speeds
Grizzly Bear,35 mph,Land Animal Speeds
Giraffe,38 mph,Land Animal Speeds
Ostrich,45 mph,Land Animal Speeds
Lion,50 mph,Land Animal Speeds
Horse,55 mph,Land Animal Speeds
Cheetah,75 mph,Land Animal Speeds
Bead Hole,0.7 mm,Hole Sizes (Small to Large)
Hole Punch,3.2 mm,Hole Sizes (Small to Large)
Doughnut Hole,11 mm,Hole Sizes (Small to Large)
Bathtub Drain,38 mm,Hole Sizes (Small to Large)
Golf Hole,108 mm,Hole Sizes (Small to Large)
Sinkhole,Varies,Hole Sizes (Small to Large)
Black Hole,Infinite density,Hole Sizes (Small to Large)
Lemon juice,2.00,Maximum Acidity of Food (Low pH is more acidic)
Vinegar,2.40,Maximum Acidity of Food (Low pH is more acidic)
Apples,3.30,Maximum Acidity of Food (Low pH is more acidic)
Bananas,4.50,Maximum Acidity of Food (Low pH is more acidic)
Watermelon,5.18,Maximum Acidity of Food (Low pH is more acidic)
Broccoli,6.30,Maximum Acidity of Food (Low pH is more acidic)
Tofu,7.20,Maximum Acidity of Food (Low pH is more acidic)
Hamster,.001,How Much Horsepower
Human,1.2,How Much Horsepower
Horse,14.9,How Much Horsepower
Racecar,750,How Much Horsepower
Hummer,1000,How Much Horsepower
Concorde Plane,"144,000",How Much Horsepower
Space Shuttle,"37,000,000",How Much Horsepower
Bit,0.125 bytes,Computer Data by Bytes
Byte,1 byte,Computer Data by Bytes
Kilobyte,"1,000 bytes",Computer Data by Bytes
Megabyte,1 million bytes,Computer Data by Bytes
Gigabyte,1 billion bytes,Computer Data by Bytes
Terabyte,1 trillion bytes,Computer Data by Bytes
Petabyte,1 quadrillion bytes,Computer Data by Bytes
Exabyte,1 quintillion bytes,Computer Data by Bytes
Black Widow,1,Superheroes By Strength (Rough Estimate)
Black Panther,2,Superheroes By Strength (Rough Estimate)
Captain America,3,Superheroes By Strength (Rough Estimate)
Spider-Man,4,Superheroes By Strength (Rough Estimate)
Iron Man,5,Superheroes By Strength (Rough Estimate)
Vision,6,Superheroes By Strength (Rough Estimate)
Thor,7,Superheroes By Strength (Rough Estimate)
Hulk,8,Superheroes By Strength (Rough Estimate)
Superman,9,Superheroes By Strength (Rough Estimate)
Mouth,1,Organs of the Body (Digestive Order)
Esophagus,2,Organs of the Body (Digestive Order)
Stomach,3,Organs of the Body (Digestive Order)
Small Intestine,4,Organs of the Body (Digestive Order)
Large Intestine,5,Organs of the Body (Digestive Order)
Rectum,6,Organs of the Body (Digestive Order)
Great Britain,"209,331",Island Sizes (Sq Km)
Victoria Island,"217,291",Island Sizes (Sq Km)
Honshu,"225,800",Island Sizes (Sq Km)
Sumatra,"443,065",Island Sizes (Sq Km)
Baffin Island,"507,451",Island Sizes (Sq Km)
Madagascar,"587,041",Island Sizes (Sq Km)
Borneo,"743,330",Island Sizes (Sq Km)
New Guinea,"785,753",Island Sizes (Sq Km)
Greenland,"2,166,086",Island Sizes (Sq Km)
Banana,60%,Genetic Similarity to Humans
Chicken,60%,Genetic Similarity to Humans
Cat,90%,Genetic Similarity to Humans
Mouse,85%,Genetic Similarity to Humans
Cow,80%,Genetic Similarity to Humans
Chimp,98.8%,Genetic Similarity to Humans
Human,100%,Genetic Similarity to Humans
Finland,1,Happiest Countries (Rank)
Denmark,2,Happiest Countries (Rank)
Switzerland,3,Happiest Countries (Rank)
Iceland,4,Happiest Countries (Rank)
Netherlands,5,Happiest Countries (Rank)
Norway,6,Happiest Countries (Rank)
Sweden,7,Happiest Countries (Rank)
Earth,0.00069,Spinning Objects By Rotation Speed (RPM)
Carnival Ride,24,Spinning Objects By Rotation Speed (RPM)
Vinyl Record,33,Spinning Objects By Rotation Speed (RPM)
Ceiling Fan,300,Spinning Objects By Rotation Speed (RPM)
Washing Machine,800,Spinning Objects By Rotation Speed (RPM)
Hard Drive,"7,200",Spinning Objects By Rotation Speed (RPM)
Dentist Drill,"400,000",Spinning Objects By Rotation Speed (RPM)
Google,1,Most Popular Global Websites (Traffic)
YouTube,2,Most Popular Global Websites (Traffic)
Facebook,3,Most Popular Global Websites (Traffic)
Twitter,4,Most Popular Global Websites (Traffic)
Wikipedia,5,Most Popular Global Websites (Traffic)
Instagram,6,Most Popular Global Websites (Traffic)
Baidu,7,Most Popular Global Websites (Traffic)
Yahoo,8,Most Popular Global Websites (Traffic)
Genghis Khan,21,Length of Reign (Years)
Augustus Caesar,40,Length of Reign (Years)
Elizabeth I,44,Length of Reign (Years)
Queen Victoria,63,Length of Reign (Years)
Elizabeth II,70,Length of Reign (Years)
Louis XIV,72,Length of Reign (Years)
Ready Player One,1,Books With Numbers In The Title
A Tale of Two Cities,2,Books With Numbers In The Title
The Three Musketeers,3,Books With Numbers In The Title
Catch-22,4,Books With Numbers In The Title
Fahrenheit 451,5,Books With Numbers In The Title
1984,6,Books With Numbers In The Title
2001: A Space Odyssey,7,Books With Numbers In The Title
Cheerios,1 g,Cereals By Sugar Per Serving
Rice Krispies,4 g,Cereals By Sugar Per Serving
Corn Flakes,4 g,Cereals By Sugar Per Serving
Special K,5 g,Cereals By Sugar Per Serving
Honey Bunches of Oats,6 g,Cereals By Sugar Per Serving
Froot Loops,12 g,Cereals By Sugar Per Serving
Lucky Charms,12 g,Cereals By Sugar Per Serving
Cap’n Crunch,17 g,Cereals By Sugar Per Serving
Sugar Glider,4 oz,Average Size of Marsupials
Opossum,6 lbs,Average Size of Marsupials
Koala,20 lbs,Average Size of Marsupials
Wombat,60 lbs,Average Size of Marsupials
Red Kangaroo,150 lbs,Average Size of Marsupials
Mouse,0.7 oz,Average Size Of Rodents
Hamster,4 oz,Average Size Of Rodents
Squirrel,1 lb,Average Size Of Rodents
Guinea Pig,2 lbs,Average Size Of Rodents
Porcupine,20 lbs,Average Size Of Rodents
Beaver,50 lbs,Average Size Of Rodents
Capybara,100+ lbs,Average Size Of Rodents
Largest Pizza,"13,580 sq ft",World’s Largest Objects
Largest Book,5 x 8 meters,World’s Largest Objects
Largest Rubber Duck,16.5 meters,World’s Largest Objects
Largest Swimming Pool,"1,013 meters long",World’s Largest Objects
Largest Building,Burj Khalifa,World’s Largest Objects
Barleycorn,0.33 inch,Uncommon Measurements by Length
Hand,4 inches,Uncommon Measurements by Length
Span,9 inches,Uncommon Measurements by Length
Cubit,18 inches,Uncommon Measurements by Length
Fathom,6 feet,Uncommon Measurements by Length
Chain,66 feet,Uncommon Measurements by Length
Furlong,660 feet,Uncommon Measurements by Length
League,3 miles,Uncommon Measurements by Length
Face Cloth,1,Towel Sizes (Small to Large)
Hand Towel,2,Towel Sizes (Small to Large)
Bath Towel,3,Towel Sizes (Small to Large)
Bath Sheet,4,Towel Sizes (Small to Large)
Beach Towel,5,Towel Sizes (Small to Large)
Freshly Baked Bread,1,Most Popular Smells
Bacon,2,Most Popular Smells
Freshly Cut Grass,3,Most Popular Smells
Coffee,4,Most Popular Smells
Vanilla,5,Most Popular Smells
Sea Breeze,6,Most Popular Smells
Fresh Flowers,7,Most Popular Smells
Old Town Road,1:53,Song Lengths
Song 2,2:02,Song Lengths
Blitzkrieg Bop,2:12,Song Lengths
Bohemian Rhapsody,5:55,Song Lengths
Stairway to Heaven,8:02,Song Lengths
All Too Well (10 Min Version),10:13,Song Lengths
10 - 10,0,Math Operators on 10
10 / 10,1,Math Operators on 10
10 + 10,20,Math Operators on 10
10 * 10,100,Math Operators on 10
10 ^ 2,100,Math Operators on 10
10 ^ 3,1000,Math Operators on 10
Sqrt(144),12,Do The Math
5 * 25,125,Do The Math
1000 + 40,1040,Do The Math
100000 - 1,99999,Do The Math
Half of 6.5 Million,3.25 Million,Do The Math
Covfefe,Trump,Famous Gaffes
Potatoe,Dan Quayle,Famous Gaffes
Mission Accomplished,Bush,Famous Gaffes
I did not have sexual relations,Clinton,Famous Gaffes
Retail Sales,1,Most Common American Jobs
Cashier,2,Most Common American Jobs
Office Clerk,3,Most Common American Jobs
Food Prep/Serving,4,Most Common American Jobs
Registered Nurse,5,Most Common American Jobs
Customer Service Rep,6,Most Common American Jobs
Monopoly,~40-60,Board Game Piece Count
Axis & Allies,Hundreds,Board Game Piece Count
Sponge,-600 mya,Spongebob Characters Evolution
Starfish,-450 mya,Spongebob Characters Evolution
Crab,-200 mya,Spongebob Characters Evolution
Squid,-100 mya,Spongebob Characters Evolution
Squirrel,-35 mya,Spongebob Characters Evolution
Deep Blue,1997,Robot and A.I. Debuts
ASIMO,2000,Robot and A.I. Debuts
Roomba,2002,Robot and A.I. Debuts
BigDog,2005,Robot and A.I. Debuts
Watson,2011,Robot and A.I. Debuts
Alexa,2014,Robot and A.I. Debuts
Sophia,2016,Robot and A.I. Debuts
DALL-E,2021,Robot and A.I. Debuts
Galileo Galilei,1564,Scientist Birthdays
Sir Isaac Newton,1643,Scientist Birthdays
Charles Darwin,1809,Scientist Birthdays
Nikola Tesla,1856,Scientist Birthdays
Marie Curie,1867,Scientist Birthdays
Albert Einstein,1879,Scientist Birthdays
Katherine Johnson,1918,Scientist Birthdays
Carl Sagan,1934,Scientist Birthdays
Stephen Hawking,1942,Scientist Birthdays
Neil deGrasse Tyson,1958,Scientist Birthdays
Andre the Giant,1973,Pro Wrestler Debuts
The Undertaker,1977,Pro Wrestler Debuts
"""Rowdy"" Roddy Piper",1984,Pro Wrestler Debuts
Randy Savage,1985,Pro Wrestler Debuts
Steve Austin,1989,Pro Wrestler Debuts
Dwayne Johnson,1996,Pro Wrestler Debuts
John Cena,2002,Pro Wrestler Debuts
Roman Reigns,2010,Pro Wrestler Debuts
Cher,1946,Pop Star Birthdays (Birth Year)
Whitney Houston,1963,Pop Star Birthdays (Birth Year)
Britney Spears,1981,Pop Star Birthdays (Birth Year)
Avril Lavigne,1984,Pop Star Birthdays (Birth Year)
Taylor Swift,1989,Pop Star Birthdays (Birth Year)
Justin Bieber,1994,Pop Star Birthdays (Birth Year)
Dua Lipa,1995,Pop Star Birthdays (Birth Year)
Billie Eilish,2001,Pop Star Birthdays (Birth Year)
Olivia Rodrigo,2003,Pop Star Birthdays (Birth Year)
LiveJournal,1999,Social Media Sites (Launch Year)
Myspace,2003,Social Media Sites (Launch Year)
Reddit,2005,Social Media Sites (Launch Year)
Twitter,2006,Social Media Sites (Launch Year)
Tumblr,2007,Social Media Sites (Launch Year)
Instagram,2010,Social Media Sites (Launch Year)
Snapchat,2011,Social Media Sites (Launch Year)
Vine,2013,Social Media Sites (Launch Year)
TikTok,2017,Social Media Sites (Launch Year)
Marie Curie,1911,Nobel Prize Winners (Year)
Albert Einstein,1921,Nobel Prize Winners (Year)
Ernest Hemingway,1954,Nobel Prize Winners (Year)
Martin Luther King Jr,1964,Nobel Prize Winners (Year)
Mother Teresa,1979,Nobel Prize Winners (Year)
Nelson Mandela,1993,Nobel Prize Winners (Year)
Jimmy Carter,2002,Nobel Prize Winners (Year)
Barack Obama,2009,Nobel Prize Winners (Year)
Malala Yousafzai,2014,Nobel Prize Winners (Year)
The Giver,1993,Young Adult Novels (Publication Year)
Harry Potter and the Philosopher's Stone,1997,Young Adult Novels (Publication Year)
Sisterhood of Traveling Pants,2001,Young Adult Novels (Publication Year)
Gossip Girl,2002,Young Adult Novels (Publication Year)
Twilight,2005,Young Adult Novels (Publication Year)
The Hunger Games,2008,Young Adult Novels (Publication Year)
The Maze Runner,2009,Young Adult Novels (Publication Year)
Divergent,2011,Young Adult Novels (Publication Year)
The Fault in Our Stars,2012,Young Adult Novels (Publication Year)
The Charleston,1923,Dance Crazes (Popularity Year)
The Twist,1960,Dance Crazes (Popularity Year)
The Moonwalk,1983,Dance Crazes (Popularity Year)
The Macarena,1996,Dance Crazes (Popularity Year)
Cha Cha Slide,2000,Dance Crazes (Popularity Year)
Gangnam Style,2012,Dance Crazes (Popularity Year)
The Floss,2017,Dance Crazes (Popularity Year)
The Renegade,2020,Dance Crazes (Popularity Year)
Carrie,1974,Stephen King Books (Publication Year)
The Shining,1977,Stephen King Books (Publication Year)
Cujo,1981,Stephen King Books (Publication Year)
IT,1986,Stephen King Books (Publication Year)
Misery,1987,Stephen King Books (Publication Year)
The Green Mile,1996,Stephen King Books (Publication Year)
The Outsider,2018,Stephen King Books (Publication Year)
Dr. No,1962,James Bond Movies (Release Year)
Goldfinger,1964,James Bond Movies (Release Year)
Diamonds Are Forever,1971,James Bond Movies (Release Year)
GoldenEye,1995,James Bond Movies (Release Year)
Casino Royale,2006,James Bond Movies (Release Year)
Skyfall,2012,James Bond Movies (Release Year)
No Time to Die,2021,James Bond Movies (Release Year)
China (Unification),-221,Sovereign States (Founding/Independence)
France,843,Sovereign States (Founding/Independence)
United States,1776,Sovereign States (Founding/Independence)
Haiti,1804,Sovereign States (Founding/Independence)
Canada,1867,Sovereign States (Founding/Independence)
Finland,1918,Sovereign States (Founding/Independence)
Pakistan,1947,Sovereign States (Founding/Independence)
South Korea,1948,Sovereign States (Founding/Independence)
Ukraine,1991,Sovereign States (Founding/Independence)
Mickey Mouse,1928,Cartoon Characters (Debut Year)
Bugs Bunny,1940,Cartoon Characters (Debut Year)
Tom & Jerry,1940,Cartoon Characters (Debut Year)
Scooby Doo,1969,Cartoon Characters (Debut Year)
Hello Kitty,1974,Cartoon Characters (Debut Year)
Garfield,1978,Cartoon Characters (Debut Year)
Homer Simpson,1987,Cartoon Characters (Debut Year)
SpongeBob,1999,Cartoon Characters (Debut Year)
Peppa Pig,2004,Cartoon Characters (Debut Year)
Genghis Khan,1162,Birthdays of World Leaders
Napoleon Bonaparte,1769,Birthdays of World Leaders
Winston Churchill,1874,Birthdays of World Leaders
Muhammad Ali Jinnah,1876,Birthdays of World Leaders
Franklin Roosevelt,1882,Birthdays of World Leaders
Nelson Mandela,1918,Birthdays of World Leaders
Queen Elizabeth II,1926,Birthdays of World Leaders
Imran Khan,1952,Birthdays of World Leaders
Barack Obama,1961,Birthdays of World Leaders
Pac-Man,1980,Video Games (Release Year)
Tetris,1984,Video Games (Release Year)
Super Mario Bros,1985,Video Games (Release Year)
Final Fantasy,1987,Video Games (Release Year)
Doom,1993,Video Games (Release Year)
Pokemon Red/Blue,1996,Video Games (Release Year)
Grand Theft Auto,1997,Video Games (Release Year)
Minecraft,2011,Video Games (Release Year)
Fortnite,2017,Video Games (Release Year)
Cinnamon Challenge,2006,Social Media Challenges (Year)
Ice Bucket Challenge,2014,Social Media Challenges (Year)
Mannequin Challenge,2016,Social Media Challenges (Year)
Bottle Flip Challenge,2016,Social Media Challenges (Year)
Tide Pod Challenge,2018,Social Media Challenges (Year)
Bottle Cap Challenge,2019,Social Media Challenges (Year)
Big Mac,1967,Fast Food Specialties (Intro Year)
McRib,1981,Fast Food Specialties (Intro Year)
McNuggets,1983,Fast Food Specialties (Intro Year)
Stuffed Crust Pizza,1995,Fast Food Specialties (Intro Year)
Pumpkin Spice Latte,2003,Fast Food Specialties (Intro Year)
Doritos Locos Tacos,2012,Fast Food Specialties (Intro Year)
Impossible Burger,2016,Fast Food Specialties (Intro Year)
Migrant Mother,1936,Iconic Photographs (Year)
V-J Day in Times Square,1945,Iconic Photographs (Year)
Gandhi and the Spinning Wheel,1946,Iconic Photographs (Year)
Einstein Tongue,1951,Iconic Photographs (Year)
Abbey Road,1969,Iconic Photographs (Year)
Man on the Moon,1969,Iconic Photographs (Year)
Afghan Girl,1984,Iconic Photographs (Year)
Tank Man,1989,Iconic Photographs (Year)
Pillars of Creation,1995,Iconic Photographs (Year)
The Legend of Zelda,1986,Open World Video Games (Release Year)
Shenmue,1999,Open World Video Games (Release Year)
Grand Theft Auto III,2001,Open World Video Games (Release Year)
Skyrim,2011,Open World Video Games (Release Year)
GTA V,2013,Open World Video Games (Release Year)
Witcher 3,2015,Open World Video Games (Release Year)
Breath of the Wild,2017,Open World Video Games (Release Year)
Elden Ring,2022,Open World Video Games (Release Year)
Google Search,1998,Google Product Launches (Year)
Gmail,2004,Google Product Launches (Year)
Google Maps,2005,Google Product Launches (Year)
YouTube (Acquired),2006,Google Product Launches (Year)
Android,2008,Google Product Launches (Year)
Chrome,2008,Google Product Launches (Year)
Google Drive,2012,Google Product Launches (Year)
Google Photos,2015,Google Product Launches (Year)
Louis Vuitton,1854,Fashion Brands (Founding Year)
Chanel,1910,Fashion Brands (Founding Year)
Gucci,1921,Fashion Brands (Founding Year)
Nike,1964,Fashion Brands (Founding Year)
Calvin Klein,1968,Fashion Brands (Founding Year)
Versace,1978,Fashion Brands (Founding Year)
Supreme,1994,Fashion Brands (Founding Year)
Yeezy,2015,Fashion Brands (Founding Year)
Smiling,2 months,Childhood Milestones (Average Age)
Rolling over,4 months,Childhood Milestones (Average Age)
Sitting up,6 months,Childhood Milestones (Average Age)
Crawling,9 months,Childhood Milestones (Average Age)
First words,12 months,Childhood Milestones (Average Age)
Walking,12-15 months,Childhood Milestones (Average Age)
Potty training,24-36 months,Childhood Milestones (Average Age)
Pompeii Eruption,79,Historical Disasters (Year)
Great Fire of London,1666,Historical Disasters (Year)
Titanic Sinks,1912,Historical Disasters (Year)
Hindenburg Disaster,1937,Historical Disasters (Year)
Chernobyl Disaster,1986,Historical Disasters (Year)
Notre Dame Fire,2019,Historical Disasters (Year)
"""Frankly, my dear...""",1939,Iconic Movie Quotes (Year)
"""Here's looking at you, kid""",1942,Iconic Movie Quotes (Year)
"""May the Force be with you""",1977,Iconic Movie Quotes (Year)
"""I'll be back""",1984,Iconic Movie Quotes (Year)
"""You can't handle the truth!""",1992,Iconic Movie Quotes (Year)
"""My precious""",2002,Iconic Movie Quotes (Year)
"""Wakanda Forever""",2018,Iconic Movie Quotes (Year)
"""Potatoe""",1992,Famous Gaffes (Year)
"""Is Our Children Learning?""",2000,Famous Gaffes (Year)
"""Chicken Of The Sea?""",2003,Famous Gaffes (Year)
"""Adele Dazeem""",2014,Famous Gaffes (Year)
"""Covfefe""",2017,Famous Gaffes (Year)
"""Small Charcoal Grill""",2019,Famous Gaffes (Year)
King Kong,1933,Iconic Movie Animals (Year)
Toto,1939,Iconic Movie Animals (Year)
Lassie,1943,Iconic Movie Animals (Year)
Old Yeller,1957,Iconic Movie Animals (Year)
Jaws,1975,Iconic Movie Animals (Year)
Willy,1993,Iconic Movie Animals (Year)
Babe,1995,Iconic Movie Animals (Year)
Marley,2008,Iconic Movie Animals (Year)
Mayonnaise,1756,Sauces By Invention Date
Ketchup,1812,Sauces By Invention Date
Worcestershire,1837,Sauces By Invention Date
Tabasco,1869,Sauces By Invention Date
Ranch Dressing,1949,Sauces By Invention Date
Nutella,1964,Sauces By Invention Date
Sriracha,1980,Sauces By Invention Date
Woodstock,1969,Concerts & Festivals (Year)
Live Aid,1985,Concerts & Festivals (Year)
Lollapalooza,1991,Concerts & Festivals (Year)
Coachella,1999,Concerts & Festivals (Year)
Bonnaroo,2002,Concerts & Festivals (Year)
Live 8,2005,Concerts & Festivals (Year)
French Fries,1680,Just French Things (Origin)
French Dressing,1890,Just French Things (Origin)
French Open,1891,Just French Things (Origin)
French Horn,1900,Just French Things (Origin)
French Press,1929,Just French Things (Origin)
French Manicure,1975,Just French Things (Origin)
Dr Pepper,1885,Soft Drinks (Introduction Year)
Coca-Cola,1886,Soft Drinks (Introduction Year)
Pepsi,1893,Soft Drinks (Introduction Year)
7 Up,1929,Soft Drinks (Introduction Year)
Fanta,1940,Soft Drinks (Introduction Year)
Sprite,1961,Soft Drinks (Introduction Year)
Red Bull,1987,Soft Drinks (Introduction Year)
Austin Powers,1997,Mockbusters & Parodies (Year)
Scary Movie,2000,Mockbusters & Parodies (Year)
Shaun of the Dead,2004,Mockbusters & Parodies (Year)
Walk Hard,2007,Mockbusters & Parodies (Year)
Vampires Suck,2010,Mockbusters & Parodies (Year)
Sharknado,2013,Mockbusters & Parodies (Year)
Professor Marvel,1,Characters Dorothy Meets (Order)
Glinda,2,Characters Dorothy Meets (Order)
The Munchkins,3,Characters Dorothy Meets (Order)
The Scarecrow,4,Characters Dorothy Meets (Order)
The Tin Man,5,Characters Dorothy Meets (Order)
The Cowardly Lion,6,Characters Dorothy Meets (Order)
The Wizard,7,Characters Dorothy Meets (Order)
Chihuahua,2-6 lbs,Average Dog Weights (Lighter to Heavier)
Pomeranian,3-7 lbs,Average Dog Weights (Lighter to Heavier)
Pug,14-18 lbs,Average Dog Weights (Lighter to Heavier)
Beagle,20-30 lbs,Average Dog Weights (Lighter to Heavier)
Bulldog,40-50 lbs,Average Dog Weights (Lighter to Heavier)
Golden Retriever,55-75 lbs,Average Dog Weights (Lighter to Heavier)
German Shepherd,60-90 lbs,Average Dog Weights (Lighter to Heavier)
Saint Bernard,140-180 lbs,Average Dog Weights (Lighter to Heavier)
Tame Impala,1,Bands By Member Count
Twenty One Pilots,2,Bands By Member Count
Nirvana,3,Bands By Member Count
The Beatles,4,Bands By Member Count
Backstreet Boys,5,Bands By Member Count
Linkin Park,6,Bands By Member Count
BTS,7,Bands By Member Count
Slipknot,9,Bands By Member Count
Dogs,1,Common Pets (Most Common)
Cats,2,Common Pets (Most Common)
Fish,3,Common Pets (Most Common)
Birds,4,Common Pets (Most Common)
Hamsters,5,Common Pets (Most Common)
Rabbits,6,Common Pets (Most Common)
Turtles,7,Common Pets (Most Common)
Leaning Tower of Pisa,56 m,Heights of World Buildings (Low to High)
Statue of Liberty,93 m,Heights of World Buildings (Low to High)
Big Ben,96 m,Heights of World Buildings (Low to High)
Great Pyramid of Giza,139 m,Heights of World Buildings (Low to High)
Eiffel Tower,324 m,Heights of World Buildings (Low to High)
Empire State Building,443 m,Heights of World Buildings (Low to High)
CN Tower,553 m,Heights of World Buildings (Low to High)
Square,4,Shapes With The Most Sides
Kevin Hart,"5'2""",Celebrity Heights (Short to Tall)
Daniel Radcliffe,"5'5""",Celebrity Heights (Short to Tall)
Tom Cruise,"5'7""",Celebrity Heights (Short to Tall)
Robert Downey Jr,"5'8""",Celebrity Heights (Short to Tall)
Taylor Swift,"5'11""",Celebrity Heights (Short to Tall)
Barack Obama,"6'1""",Celebrity Heights (Short to Tall)
Will Smith,"6'2""",Celebrity Heights (Short to Tall)
Dwayne Johnson,"6'5""",Celebrity Heights (Short to Tall)
Shaquille O'Neal,"7'1""",Celebrity Heights (Short to Tall)
The Baxters,4,Members Per Family (TV Shows)
The Belchers,5,Members Per Family (TV Shows)
The Banks,6,Members Per Family (TV Shows)
The Addams,7,Members Per Family (TV Shows)
The Brady Bunch,8,Members Per Family (TV Shows)
The Von Trapps,9,Members Per Family (TV Shows)
The Pritchett-Dunphys,12,Members Per Family (TV Shows)
The Madrigals,13,Members Per Family (TV Shows)
The Corleones,19,Members Per Family (TV Shows)
Bad Santa,2,Members of Heist Teams (Movies)
Bande à Part,3,Members of Heist Teams (Movies)
Now You See Me,4,Members of Heist Teams (Movies)
National Treasure 2,5,Members of Heist Teams (Movies)
Reservoir Dogs,6,Members of Heist Teams (Movies)
Ocean’s 8,8,Members of Heist Teams (Movies)
Avengers Endgame,10,Members of Heist Teams (Movies)
Ocean’s 11,11,Members of Heist Teams (Movies)
Armageddon,13,Members of Heist Teams (Movies)
Norman Bates,2,Movie Kill Counts (Character)
Leatherface,4,Movie Kill Counts (Character)
John McClane,10,Movie Kill Counts (Character)
Bryan Mills,31,Movie Kill Counts (Character)
James Bond,47,Movie Kill Counts (Character)
Agent 47,53,Movie Kill Counts (Character)
The Bride,81,Movie Kill Counts (Character)
John Wick,128,Movie Kill Counts (Character)
The Expendables,489,Movie Kill Counts (Character)
500 Days of Summer,66,Movies By Length of Dance Sequence (Seconds)
Paddington 2,72,Movies By Length of Dance Sequence (Seconds)
Beetlejuice,103,Movies By Length of Dance Sequence (Seconds)
Pulp Fiction,110,Movies By Length of Dance Sequence (Seconds)
She’s All That,128,Movies By Length of Dance Sequence (Seconds)
Napoleon Dynamite,133,Movies By Length of Dance Sequence (Seconds)
Dirty Dancing,205,Movies By Length of Dance Sequence (Seconds)
Little Miss Sunshine,268,Movies By Length of Dance Sequence (Seconds)
Snooki: A Shore Thing,"9,000",Best-Selling Book Sales
All My Friends Are Dead,"100,000",Best-Selling Book Sales
30 Minute Meals,"800,000",Best-Selling Book Sales
Fifty Shades of Grey,15 million,Best-Selling Book Sales
Gone Girl,20 million,Best-Selling Book Sales
The Fault in Our Stars,23 million,Best-Selling Book Sales
Hungry Caterpillar,55 million,Best-Selling Book Sales
The Alchemist,65 million,Best-Selling Book Sales
The Little Prince,200 million,Best-Selling Book Sales
Determine Offense,1,How to Apologize to a Cat (Steps)
Choose a Time,2,How to Apologize to a Cat (Steps)
Walk to the cat,3,How to Apologize to a Cat (Steps)
Talk to the cat,4,How to Apologize to a Cat (Steps)
Stroke the cat,5,How to Apologize to a Cat (Steps)
Play with the cat,6,How to Apologize to a Cat (Steps)
Give cat attention,7,How to Apologize to a Cat (Steps)
Praise the cat,8,How to Apologize to a Cat (Steps)
Give What They Want,9,How to Apologize to a Cat (Steps)
BB Gun shot,1st,Home Alone Booby Traps (Order)
Icy Stairs,2nd,Home Alone Booby Traps (Order)
Falling Iron,3rd,Home Alone Booby Traps (Order)
Hot Doorknob,4th,Home Alone Booby Traps (Order)
Nail Through Foot,5th,Home Alone Booby Traps (Order)
Head On Fire,6th,Home Alone Booby Traps (Order)
Chicken Feathers,7th,Home Alone Booby Traps (Order)
Broken Ornaments,8th,Home Alone Booby Traps (Order)
Paint Can To Face,10th,Home Alone Booby Traps (Order)
Hershey’s Bar,1900,Candy Bars (Intro Year)
Butterfinger,1923,Candy Bars (Intro Year)
Snickers,1930,Candy Bars (Intro Year)
Almond Joy,1946,Candy Bars (Intro Year)
Kit Kat,1969,Candy Bars (Intro Year)
Whatchamacallit,1978,Candy Bars (Intro Year)
Cookies ‘n’ Creme,1994,Candy Bars (Intro Year)
Take5,2005,Candy Bars (Intro Year)
Madagascar,"4,828",Countries By Coastline Size (km)
Italy,"7,600",Countries By Coastline Size (km)
Mexico,"9,330",Countries By Coastline Size (km)
United Kingdom,"12,429",Countries By Coastline Size (km)
China,"14,500",Countries By Coastline Size (km)
United States,"19,924",Countries By Coastline Size (km)
Australia,"25,760",Countries By Coastline Size (km)
Philippines,"36,289",Countries By Coastline Size (km)
Canada,"202,080",Countries By Coastline Size (km)
Model Hadid Siblings,2,How Many? (Count)
"Vowels In ""Yoohoo""",4,How Many? (Count)
NYC Boroughs,5,How Many? (Count)
Chakras,7,How Many? (Count)
Planets,8,How Many? (Count)
Penguin Species,18,How Many? (Count)
Tarot Cards,78,How Many? (Count)
Human Bones,206,How Many? (Count)
Dog Breeds,355,How Many? (Count)
Eon,1 bil. years,How Frequent? (Time)
Pluto Orbits Sun,248 years,How Frequent? (Time)
Halley’s Comet,76 years,How Frequent? (Time)
U.S. Census,10 years,How Frequent? (Time)
Corpse Flower Bloom,7 to 9 years,How Frequent? (Time)
Leap Year,4 years,How Frequent? (Time)
Solstice,6 months,How Frequent? (Time)
Chicken Laying Egg,1 day,How Frequent? (Time)
Hunger Games,4,Number of Books in a Series
Hitchhiker’s Guide,5,Number of Books in a Series
Lord of the Rings,6,Number of Books in a Series
Harry Potter,7,Number of Books in a Series
Series of Unfortunate Events,13,Number of Books in a Series
Pretty Little Liars,18,Number of Books in a Series
Dune,24,Number of Books in a Series
Animorphs,54,Number of Books in a Series
Goosebumps,62,Number of Books in a Series
Doubles Tennis,2,Most Players on the Field (Per Team)
Polo,4,Most Players on the Field (Per Team)
Basketball,5,Most Players on the Field (Per Team)
Hockey,6,Most Players on the Field (Per Team)
Baseball,9,Most Players on the Field (Per Team)
American Football,11,Most Players on the Field (Per Team)
Rugby,15,Most Players on the Field (Per Team)
Aussie Footy,18,Most Players on the Field (Per Team)
Snooki,5,Celebrity Shoe Sizes
Kim Kardashian,7,Celebrity Shoe Sizes
Katy Perry,8,Celebrity Shoe Sizes
Rihanna,9,Celebrity Shoe Sizes
Kendall Jenner,10,Celebrity Shoe Sizes
Kate Winslet,11,Celebrity Shoe Sizes
Tyra Banks,11.5,Celebrity Shoe Sizes
Elle Macpherson,12,Celebrity Shoe Sizes
Adam’s Apple,1,"""Operation"" Game Board (Part)"
Wishbone,2,"""Operation"" Game Board (Part)"
Broken Heart,3,"""Operation"" Game Board (Part)"
Funny Bone,4,"""Operation"" Game Board (Part)"
Butterfly In Stomach,5,"""Operation"" Game Board (Part)"
Writer’s Cramp,6,"""Operation"" Game Board (Part)"
Charlie Horse,7,"""Operation"" Game Board (Part)"
Water On The Knee,8,"""Operation"" Game Board (Part)"
Wrenched Ankle,9,"""Operation"" Game Board (Part)"
Smells Like Teen Spirit,2,Yeahs Per Song
Rock and Roll,10,Yeahs Per Song
Baby,18,Yeahs Per Song
Oops I Did It Again,25,Yeahs Per Song
Hey Ya,28,Yeahs Per Song
She Loves You,29,Yeahs Per Song
Girls Like You,62,Yeahs Per Song
Yeah!,78,Yeahs Per Song
Spicy Potato Taco,$1.00,Taco Bell Menu Items By Cost
Beefy Melt Burrito,$2.00,Taco Bell Menu Items By Cost
Crunchy Taco Supreme,$2.29,Taco Bell Menu Items By Cost
Doritos Taco Supreme,$2.89,Taco Bell Menu Items By Cost
Chalupa Supreme,$3.89,Taco Bell Menu Items By Cost
Crunchwrap Supreme,$4.49,Taco Bell Menu Items By Cost
Steak Quesadilla,$4.99,Taco Bell Menu Items By Cost
Taco Party Pack,$17.99,Taco Bell Menu Items By Cost
"Dubai, UAE",1st,Popular Destinations (TripAdvisor Rank)
"London, UK",2nd,Popular Destinations (TripAdvisor Rank)
"Cancún, Mexico",3rd,Popular Destinations (TripAdvisor Rank)
"Bali, Indonesia",4th,Popular Destinations (TripAdvisor Rank)
"Crete, Greece",5th,Popular Destinations (TripAdvisor Rank)
"Rome, Italy",6th,Popular Destinations (TripAdvisor Rank)
"Istanbul, Turkey",8th,Popular Destinations (TripAdvisor Rank)
"Paris, France",9th,Popular Destinations (TripAdvisor Rank)
I sighed,1,Twilight Book Phrases (Frequency)
He sighed,2,Twilight Book Phrases (Frequency)
I shrugged,3,Twilight Book Phrases (Frequency)
I frowned,4,Twilight Book Phrases (Frequency)
He chuckled,5,Twilight Book Phrases (Frequency)
I laughed,6,Twilight Book Phrases (Frequency)
He shrugged,7,Twilight Book Phrases (Frequency)
I flinched,8,Twilight Book Phrases (Frequency)
He didn’t answer,10,Twilight Book Phrases (Frequency)
Mean Whispers,30 dB,Annoying Noises by Decibel
Acoustic Guitar,70 dB,Annoying Noises by Decibel
Angry Customer,85 dB,Annoying Noises by Decibel
Leaf Blower,90 dB,Annoying Noises by Decibel
Car Horn,110 dB,Annoying Noises by Decibel
Crying Baby,120 dB,Annoying Noises by Decibel
Jackhammer,130 dB,Annoying Noises by Decibel
Howler Monkeys,140 dB,Annoying Noises by Decibel
Fireworks,175 dB,Annoying Noises by Decibel
Muggsy Bogues,"5'3""",NBA Player Heights
Spud Webb,"5'6""",NBA Player Heights
Chris Paul,"6'0""",NBA Player Heights
Stephen Curry,"6'2""",NBA Player Heights
Michael Jordan,"6'6""",NBA Player Heights
Larry Bird,"6'9""",NBA Player Heights
Giannis Antetokounmpo,"6'11""",NBA Player Heights
Dirk Nowitzki,"7'0""",NBA Player Heights
Yao Ming,"7'6""",NBA Player Heights
Chiropractor,$65k,Highest Paying Jobs (Indeed 2022)
CPA,$72k,Highest Paying Jobs (Indeed 2022)
Construction Mgr,$77k,Highest Paying Jobs (Indeed 2022)
Judge,$83k,Highest Paying Jobs (Indeed 2022)
Attorney,$89k,Highest Paying Jobs (Indeed 2022)
Veterinarian,$95k,Highest Paying Jobs (Indeed 2022)
Software Engineer,$106k,Highest Paying Jobs (Indeed 2022)
Psychiatrist,$224k,Highest Paying Jobs (Indeed 2022)
Cardiologist,$351k,Highest Paying Jobs (Indeed 2022)
Las Vegas,28%,Most Humid U.S. Cities (%)
Phoenix,34.5%,Most Humid U.S. Cities (%)
Boston,64.5%,Most Humid U.S. Cities (%)
Chicago,70%,Most Humid U.S. Cities (%)
Seattle,73%,Most Humid U.S. Cities (%)
New Orleans,74.5%,Most Humid U.S. Cities (%)
San Francisco,78%,Most Humid U.S. Cities (%)
Juneau,79.5%,Most Humid U.S. Cities (%)
Blue,1st,The World’s Favorite Colors (Rank)
Red,2nd,The World’s Favorite Colors (Rank)
Green,3rd,The World’s Favorite Colors (Rank)
Purple,4th,The World’s Favorite Colors (Rank)
Pink,5th,The World’s Favorite Colors (Rank)
Black,6th,The World’s Favorite Colors (Rank)
Yellow,7th,The World’s Favorite Colors (Rank)
Orange,8th,The World’s Favorite Colors (Rank)
White,9th,The World’s Favorite Colors (Rank)
Moth,0.01%,Most Popular Plushies
Yak,0.03%,Most Popular Plushies
Snowman,0.20%,Most Popular Plushies
Sloth,1.69%,Most Popular Plushies
Fox,3.3%,Most Popular Plushies
Panda,3.6%,Most Popular Plushies
Dragon,4%,Most Popular Plushies
Unicorn,4.7%,Most Popular Plushies
Elephant,5.5%,Most Popular Plushies
Cat,11.7%,Most Popular Plushies
Dog,15.9%,Most Popular Plushies
Bear,40.6%,Most Popular Plushies
