Name,Description,Category
,My most embarrassing moment was when I ____ in front of my crush.,Awkward Moments
,I accidentally called my teacher ____.,Awkward Moments
,The worst time to ____ is during a job interview.,Awkward Moments
,I walked in on my parents ____.,Awkward Moments
,Nothing kills the mood like ____.,Awkward Moments
,I can't believe I ____ at my own wedding.,Awkward Moments
,The most awkward thing to do on a first date is ____.,Awkward Moments
,I accidentally sent ____ to my boss instead of my friend.,Awkward Moments
,My family will never let me forget the time I ____.,Awkward Moments
,The worst thing to say during a funeral is ____.,Awkward Moments
,I got caught ____ by my in-laws.,Awkward Moments
,Nothing says 'awkward silence' like ____.,Awkward Moments
,I accidentally liked my ex's photo from ____.,Awkward Moments
,The most embarrassing thing in my search history is ____.,Awkward Moments
,I can't believe I ____ in front of the entire wedding hall.,Awkward Moments
,The most Pakistani problem is ____.,Pakistani Problems
,You know you're in Pakistan when ____.,Pakistani Problems
,Nothing screams Pakistan like ____.,Pakistani Problems
,The struggle of living in Pakistan is ____.,Pakistani Problems
,Every Pakistani has experienced ____.,Pakistani Problems
,The most annoying thing about Pakistan is ____.,Pakistani Problems
,I moved to Pakistan and all I got was ____.,Pakistani Problems
,Pakistan would be perfect if it wasn't for ____.,Pakistani Problems
,The national sport of Pakistan is actually ____.,Pakistani Problems
,You can take the Pakistani out of Pakistan but you can't take ____ out of the Pakistani.,Pakistani Problems
,The real reason people leave Pakistan is ____.,Pakistani Problems
,Pakistan runs on ____ and chai.,Pakistani Problems
,The Pakistani solution to everything is ____.,Pakistani Problems
,Living in Pakistan has taught me ____.,Pakistani Problems
,The most Pakistani sentence ever is ____.,Pakistani Problems
,My parents think I'm always ____.,Parents
,parents will never understand ____.,Parents
,The worst thing to tell your parents is ____.,Parents
,My mom's solution to everything is ____.,Parents
,dads are obsessed with ____.,Parents
,I can never tell my parents about ____.,Parents
,parents think mental health is just ____.,Parents
,The fastest way to disappoint your parents is ____.,Parents
,My parents compared me to ____ again.,Parents
,moms will blame everything on ____.,Parents
,The scariest thing a parent can say is ____.,Parents
,My dad's favorite hobby is ____.,Parents
,parents think success means ____.,Parents
,I'm hiding ____ from my parents.,Parents
,My mom thinks I'm sick because of ____.,Parents
,The worst thing that can happen at a Pakistani wedding is ____.,Wedding Drama
,Every Pakistani wedding has ____.,Wedding Drama
,The drama at my cousin's wedding was caused by ____.,Wedding Drama
,Pakistani weddings would be incomplete without ____.,Wedding Drama
,The bride's family and groom's family fought over ____.,Wedding Drama
,The most embarrassing wedding moment was ____.,Wedding Drama
,At my wedding I'm definitely not having ____.,Wedding Drama
,The aunties at the wedding were gossiping about ____.,Wedding Drama
,The wedding was ruined by ____.,Wedding Drama
,Pakistani wedding photographers love to capture ____.,Wedding Drama
,The mehndi function was cancelled because of ____.,Wedding Drama
,The worst wedding gift I ever received was ____.,Wedding Drama
,Pakistani weddings waste money on ____.,Wedding Drama
,The groom's side brought ____ as jahez.,Wedding Drama
,The wedding hall ran out of ____.,Wedding Drama
,The hardest part of Ramadan is ____.,Ramadan Life
,I broke my fast early because of ____.,Ramadan Life
,Sehri is incomplete without ____.,Ramadan Life
,The worst thing to smell during Ramadan is ____.,Ramadan Life
,I gained weight in Ramadan because of ____.,Ramadan Life
,Taraweeh would be easier if it wasn't for ____.,Ramadan Life
,My mom made ____ for iftar again.,Ramadan Life
,The most annoying question during Ramadan is ____.,Ramadan Life
,I can't wait for Ramadan to end so I can ____.,Ramadan Life
,Ramadan productivity is killed by ____.,Ramadan Life
,The best part of Ramadan is ____.,Ramadan Life
,I accidentally ____ while fasting.,Ramadan Life
,Laylatul Qadr is best spent ____.,Ramadan Life
,The Ramadan struggle is real when ____.,Ramadan Life
,Everyone becomes religious during Ramadan because of ____.,Ramadan Life
,My teacher caught me ____.,School Days
,The worst subject in school was ____.,School Days
,I got detention for ____.,School Days
,The class troublemaker was known for ____.,School Days
,Pakistani schools are obsessed with ____.,School Days
,I cheated on my exam using ____.,School Days
,The principal called my parents because of ____.,School Days
,School assemblies were always about ____.,School Days
,The most useless thing we learned in school was ____.,School Days
,My excuse for not doing homework was ____.,School Days
,The teacher's pet always ____.,School Days
,I got bullied for ____.,School Days
,The school canteen was famous for ____.,School Days
,PTI period was actually for ____.,School Days
,I'll never forget when my teacher ____.,School Days
,The rishta was rejected because of ____.,Rishta Culture
,Aunties judge rishtas based on ____.,Rishta Culture
,The worst rishta question is ____.,Rishta Culture
,I rejected the rishta because they ____.,Rishta Culture
,Rishta aunties are obsessed with ____.,Rishta Culture
,The boy's family asked about ____.,Rishta Culture
,Rishta meetings always include ____.,Rishta Culture
,I lied about ____ during the rishta meeting.,Rishta Culture
,The deal breaker for the rishta was ____.,Rishta Culture
,Pakistani parents think the perfect rishta has ____.,Rishta Culture
,The most awkward rishta moment is ____.,Rishta Culture
,They brought ____ to impress the girl's family.,Rishta Culture
,The rishta was finalized because of ____.,Rishta Culture
,Rishta culture needs to stop ____.,Rishta Culture
,The worst thing about rishta hunting is ____.,Rishta Culture
,Pakistani traffic is full of ____.,Traffic & Travel
,The worst thing about Karachi roads is ____.,Traffic & Travel
,I got into a road rage fight over ____.,Traffic & Travel
,Pakistani drivers think traffic rules are ____.,Traffic & Travel
,The rickshaw driver charged extra for ____.,Traffic & Travel
,Lahore metro would be better if it had ____.,Traffic & Travel
,I missed my flight because of ____.,Traffic & Travel
,Pakistani airports are known for ____.,Traffic & Travel
,The worst travel companion is someone who ____.,Traffic & Travel
,Motorway travel is ruined by ____.,Traffic & Travel
,Daewoo buses smell like ____.,Traffic & Travel
,The traffic warden tried to fine me for ____.,Traffic & Travel
,Pakistani roads need more ____.,Traffic & Travel
,I survived Pakistani traffic thanks to ____.,Traffic & Travel
,The most dangerous thing on Pakistani roads is ____.,Traffic & Travel
,The best biryani is made with ____.,Food Debates
,People who put ____ in biryani should be arrested.,Food Debates
,Karachi biryani is better than Lahori biryani because of ____.,Food Debates
,The worst food combination is ____.,Food Debates
,Chai is incomplete without ____.,Food Debates
,The most overrated Pakistani dish is ____.,Food Debates
,I will fight anyone who says ____ doesn't belong in nihari.,Food Debates
,Pakistani street food is dangerous because of ____.,Food Debates
,The secret ingredient in my mom's cooking is ____.,Food Debates
,weddings serve too much ____.,Food Debates
,The worst thing to serve guests is ____.,Food Debates
,Paratha is best eaten with ____.,Food Debates
,Pakistani breakfast is incomplete without ____.,Food Debates
,The food debate that will never end is ____.,Food Debates
,I judge people who don't like ____.,Food Debates
,My Instagram is full of ____.,Social Media
,I got cancelled on Twitter for ____.,Social Media
,The most annoying thing on social media is ____.,Social Media
,I unfollowed someone because they posted ____.,Social Media
,Pakistani social media is obsessed with ____.,Social Media
,My most liked post was about ____.,Social Media
,I regret posting ____ on my story.,Social Media
,Facebook uncles and aunties always comment ____.,Social Media
,The worst social media trend is ____.,Social Media
,I'm addicted to scrolling through ____.,Social Media
,TikTok in Pakistan is just ____.,Social Media
,I got blocked for ____.,Social Media
,LinkedIn is full of people posting about ____.,Social Media
,The fastest way to go viral in Pakistan is ____.,Social Media
,I'm only on social media for ____.,Social Media
,My boss is obsessed with ____.,Work Life
,The worst thing about office life is ____.,Work Life
,I got fired for ____.,Work Life
,Office meetings are just ____.,Work Life
,My coworker won't stop talking about ____.,Work Life
,The office WhatsApp group is full of ____.,Work Life
,I pretend to work by ____.,Work Life
,Pakistani offices run on ____ and gossip.,Work Life
,The most useless job is ____.,Work Life
,I called in sick because of ____.,Work Life
,Office politics revolve around ____.,Work Life
,The worst coworker is someone who ____.,Work Life
,I deserve a raise for dealing with ____.,Work Life
,Work from home is ruined by ____.,Work Life
,The office kitchen always smells like ____.,Work Life
,Every family gathering has ____.,Family Gatherings
,The most annoying relative is the one who ____.,Family Gatherings
,Family WhatsApp groups are full of ____.,Family Gatherings
,I avoid family gatherings because of ____.,Family Gatherings
,The aunties at family gatherings always ask about ____.,Family Gatherings
,Family reunions are ruined by ____.,Family Gatherings
,The worst part of Eid is ____.,Family Gatherings
,Family dinners always end in arguments about ____.,Family Gatherings
,The favorite child always gets ____.,Family Gatherings
,I'm the black sheep of the family because of ____.,Family Gatherings
,Extended family gatherings smell like ____.,Family Gatherings
,The uncle who thinks he's funny always jokes about ____.,Family Gatherings
,I fake ____ to leave family gatherings early.,Family Gatherings
,Family gatherings would be better without ____.,Family Gatherings
,The worst time to fart is ____.,Body Functions
,I couldn't hold in ____ during the meeting.,Body Functions
,Nothing clears a room faster than ____.,Body Functions
,I blamed ____ on the dog.,Body Functions
,The most embarrassing body function is ____.,Body Functions
,I had to run to the bathroom because of ____.,Body Functions
,The worst thing to do after eating spicy biryani is ____.,Body Functions
,I can't believe I ____ during the moment of silence.,Body Functions
,The smell of ____ ruined the romantic moment.,Body Functions
,I got sick from eating ____.,Body Functions
,The bathroom at the wedding was destroyed by ____.,Body Functions
,I sneezed and accidentally ____.,Body Functions
,The worst place to have diarrhea is ____.,Body Functions
,I burped and it tasted like ____.,Body Functions
,My stomach made weird noises because of ____.,Body Functions
,Pakistan won the match thanks to ____.,Cricket Fever
,The worst thing about Pakistani cricket is ____.,Cricket Fever
,I stopped watching cricket because of ____.,Cricket Fever
,Pakistani cricket fans are obsessed with ____.,Cricket Fever
,The match was fixed by ____.,Cricket Fever
,Babar Azam needs to work on ____.,Cricket Fever
,Pakistan lost because of ____.,Cricket Fever
,The most annoying cricket commentator is ____.,Cricket Fever
,Pakistani cricket would be better with ____.,Cricket Fever
,I threw my TV remote because of ____.,Cricket Fever
,The real captain of Pakistan cricket team is ____.,Cricket Fever
,Cricket matches in Pakistan are incomplete without ____.,Cricket Fever
,The worst cricket decision ever was ____.,Cricket Fever
,Pakistani cricket fans will blame ____ for the loss.,Cricket Fever
,The most dramatic cricket moment was ____.,Cricket Fever
,The best part of Eid is ____.,Eid Traditions
,Eid is ruined by ____.,Eid Traditions
,I spent my Eidi on ____.,Eid Traditions
,The worst Eid gift is ____.,Eid Traditions
,Eid namaz is always ____.,Eid Traditions
,Eid shopping is stressful because of ____.,Eid Traditions
,The best Eid memory is ____.,Eid Traditions
,Eid would be perfect without ____.,Eid Traditions
,I gained weight on Eid from ____.,Eid Traditions
,The most annoying Eid tradition is ____.,Eid Traditions
,Eid visits are exhausting because of ____.,Eid Traditions
,The kids only care about ____.,Eid Traditions
,Eid day starts with ____.,Eid Traditions
,The worst thing about Eid is ____.,Eid Traditions
,The most annoying aunty question is ____.,Aunties
,Aunties at weddings are obsessed with ____.,Aunties
,I avoid aunties because they always ask about ____.,Aunties
,Aunties think the solution to everything is ____.,Aunties
,The aunty WhatsApp group is full of ____.,Aunties
,Aunties love to gossip about ____.,Aunties
,The worst aunty advice is ____.,Aunties
,Aunties will never stop asking about ____.,Aunties
,I can't stand aunties who ____.,Aunties
,Aunties think every problem is caused by ____.,Aunties
,Aunties judge you based on ____.,Aunties
,The most toxic aunty behavior is ____.,Aunties
,Aunties are experts at ____.,Aunties
,University students survive on ____.,Student Life
,The worst part of university is ____.,Student Life
,I failed my exam because of ____.,Student Life
,Hostel life is all about ____.,Student Life
,The most useless degree is ____.,Student Life
,I bunked class to ____.,Student Life
,University cafeteria food tastes like ____.,Student Life
,The professor caught me ____.,Student Life
,Group projects are ruined by ____.,Student Life
,I chose my major because of ____.,Student Life
,The night before exams is spent ____.,Student Life
,Pakistani universities are obsessed with ____.,Student Life
,The worst classmate is someone who ____.,Student Life
,I regret studying ____.,Student Life
,University taught me ____.,Student Life
,Load shedding ruined ____.,Load Shedding
,The worst time for load shedding is ____.,Load Shedding
,I can't do ____ because of load shedding.,Load Shedding
,Load shedding in summer means ____.,Load Shedding
,Pakistani summers are unbearable because of ____.,Load Shedding
,I invested in ____ because of load shedding.,Load Shedding
,Load shedding during Ramadan is ____.,Load Shedding
,The government blames load shedding on ____.,Load Shedding
,I lost ____ because of load shedding.,Load Shedding
,Load shedding schedule is as reliable as ____.,Load Shedding
,The worst thing about load shedding is ____.,Load Shedding
,Load shedding taught Pakistanis ____.,Load Shedding
,I can survive load shedding with ____.,Load Shedding
,Load shedding will end when ____.,Load Shedding
,The real reason for load shedding is ____.,Load Shedding
,I went to the Hakeem for ____.,Medical Mishaps
,The Pakistani doctor prescribed ____.,Medical Mishaps
,The worst medical advice is ____.,Medical Mishaps
,I Googled my symptoms and found out I have ____.,Medical Mishaps
,The hospital waiting room smells like ____.,Medical Mishaps
,I'm too embarrassed to tell the doctor about ____.,Medical Mishaps
,Desi totkas include ____.,Medical Mishaps
,My mom thinks all illnesses are cured by ____.,Medical Mishaps
,The worst place to get sick is ____.,Medical Mishaps
,Pakistani pharmacies sell ____.,Medical Mishaps
,I got food poisoning from ____.,Medical Mishaps
,The doctor said I need to stop ____.,Medical Mishaps
,Home remedies are better than ____.,Medical Mishaps
,I fainted because of ____.,Medical Mishaps
,The worst medical experience was ____.,Medical Mishaps
,My sibling always gets away with ____.,Sibling Rivalry
,The favorite child gets ____.,Sibling Rivalry
,I got blamed for ____ that my sibling did.,Sibling Rivalry
,My brother/sister is annoying because of ____.,Sibling Rivalry
,Sibling fights are always about ____.,Sibling Rivalry
,My parents love my sibling more because of ____.,Sibling Rivalry
,I stole ____ from my sibling.,Sibling Rivalry
,The worst thing about having siblings is ____.,Sibling Rivalry
,My sibling embarrassed me by ____.,Sibling Rivalry
,I'll never forgive my sibling for ____.,Sibling Rivalry
,Siblings are only useful for ____.,Sibling Rivalry
,My sibling and I compete over ____.,Sibling Rivalry
,The best part about siblings is ____.,Sibling Rivalry
,I ratted out my sibling for ____.,Sibling Rivalry
,Pakistani parents always compare siblings based on ____.,Sibling Rivalry
,My vacation was ruined by ____.,Travel Disasters
,I lost my passport because of ____.,Travel Disasters
,The hotel room had ____.,Travel Disasters
,I got sick during the trip from ____.,Travel Disasters
,The worst thing about traveling is ____.,Travel Disasters
,The tour guide kept talking about ____.,Travel Disasters
,I regret packing ____.,Travel Disasters
,The worst tourist destination is ____.,Travel Disasters
,I got scammed by ____.,Travel Disasters
,Traveling with family means ____.,Travel Disasters
,The airport security stopped me for ____.,Travel Disasters
,I'll never travel to ____ again.,Travel Disasters
,The worst part of the trip was ____.,Travel Disasters
,I'm broke because of ____.,Money Problems
,The worst financial decision was ____.,Money Problems
,I wasted money on ____.,Money Problems
,Pakistani economy is ruined by ____.,Money Problems
,I can't afford ____ anymore.,Money Problems
,The rupee is falling because of ____.,Money Problems
,I'm saving money for ____.,Money Problems
,The worst investment is ____.,Money Problems
,I went into debt because of ____.,Money Problems
,Rich people waste money on ____.,Money Problems
,The fastest way to go broke is ____.,Money Problems
,I regret spending money on ____.,Money Problems
,Pakistani inflation is caused by ____.,Money Problems
,I'm hiding ____ from my spouse.,Money Problems
,The best way to save money is ____.,Money Problems
,The worst fashion trend is ____.,Fashion Fails
,I regret wearing ____.,Fashion Fails
,Pakistani fashion is obsessed with ____.,Fashion Fails
,The most embarrassing outfit is ____.,Fashion Fails
,I had a wardrobe malfunction because of ____.,Fashion Fails
,Fashion advice from aunties includes ____.,Fashion Fails
,The worst thing to wear to a wedding is ____.,Fashion Fails
,I judge people who wear ____.,Fashion Fails
,Pakistani men's fashion is just ____.,Fashion Fails
,The most overpriced clothing item is ____.,Fashion Fails
,I can't believe ____ is back in style.,Fashion Fails
,The worst fashion mistake is ____.,Fashion Fails
,Modest fashion means ____.,Fashion Fails
,I spent too much money on ____.,Fashion Fails
,The ugliest outfit I've seen is ____.,Fashion Fails
,What if Pakistan was ruled by ____?,Absurd Scenarios
,In an alternate universe ____ is the national dish.,Absurd Scenarios
,I would trade my kidney for ____.,Absurd Scenarios
,The zombie apocalypse would be caused by ____.,Absurd Scenarios
,If I could time travel I would ____.,Absurd Scenarios
,The cure for all problems is ____.,Absurd Scenarios
,In my next life I want to come back as ____.,Absurd Scenarios
,The secret to world peace is ____.,Absurd Scenarios
,If animals could talk they would complain about ____.,Absurd Scenarios
,The weirdest superpower would be ____.,Absurd Scenarios
,I would survive on a desert island with ____.,Absurd Scenarios
,The most useless invention is ____.,Absurd Scenarios
,If I ruled the world I would ban ____.,Absurd Scenarios
,The strangest job in Pakistan would be ____.,Absurd Scenarios
,In 100 years Pakistan will be known for ____.,Absurd Scenarios
,The worst way to die is ____.,Absurd Scenarios
,If I had superpowers I would use them for ____.,Absurd Scenarios
,The most bizarre law should be ____.,Absurd Scenarios
,Aliens would be confused by ____.,Absurd Scenarios
,The apocalypse will start with ____.,Absurd Scenarios
,The most overrated Pakistani drama is ____.,Bollywood & Drama
,Every Pakistani drama has ____.,Bollywood & Drama
,The worst thing about Pakistani dramas is ____.,Bollywood & Drama
,I stopped watching dramas because of ____.,Bollywood & Drama
,Pakistani drama moms are always ____.,Bollywood & Drama
,The most unrealistic thing in Pakistani dramas is ____.,Bollywood & Drama
,Every drama serial needs ____.,Bollywood & Drama
,The most annoying drama character is ____.,Bollywood & Drama
,Pakistani dramas are obsessed with ____.,Bollywood & Drama
,I'm addicted to watching ____.,Bollywood & Drama
,The best Bollywood movie is about ____.,Bollywood & Drama
,Pakistani actors are famous for ____.,Bollywood & Drama
,The drama OST that won't leave my head is ____.,Bollywood & Drama
,Every saas-bahu drama includes ____.,Bollywood & Drama
,I judge people who watch ____.,Bollywood & Drama
,The most dramatic scene ever was ____.,Bollywood & Drama
,Pakistani morning shows are full of ____.,Bollywood & Drama
,The worst drama ending was ____.,Bollywood & Drama
,I secretly love ____.,Bollywood & Drama
,The government is hiding ____.,Conspiracy Theories
,The real reason for ____ is a conspiracy.,Conspiracy Theories
,I actually believe in ____.,Conspiracy Theories
,Pakistan is secretly controlled by ____.,Conspiracy Theories
,The Yahoodi Sazish uses ____ to control us.,Conspiracy Theories
,Aliens are responsible for ____.,Conspiracy Theories
,The moon landing was faked using ____.,Conspiracy Theories
,Big pharma doesn't want you to know about ____.,Conspiracy Theories
,The real purpose of ____ is mind control.,Conspiracy Theories
,Wake up sheeple! ____ is a lie!,Conspiracy Theories
,They're putting ____ in the water.,Conspiracy Theories
,The media is covering up ____.,Conspiracy Theories
,5G towers are actually ____.,Conspiracy Theories
,The earth is flat because of ____.,Conspiracy Theories
,Chemtrails are spreading ____.,Conspiracy Theories
,The New World Order wants ____.,Conspiracy Theories
,Birds aren't real they're ____.,Conspiracy Theories
,The real cause of inflation is ____.,Conspiracy Theories
,My aunty believes in ____.,Conspiracy Theories
,WhatsApp forwards claim that ____ will cure everything.,Conspiracy Theories
,My childhood was ruined by ____.,Childhood Trauma
,I'm still traumatized by ____.,Childhood Trauma
,My parents scarred me with ____.,Childhood Trauma
,The worst punishment was ____.,Childhood Trauma
,I cried for days because of ____.,Childhood Trauma
,My teacher traumatized me by ____.,Childhood Trauma
,I'm in therapy because of ____.,Childhood Trauma
,The scariest thing from my childhood was ____.,Childhood Trauma
,I still have nightmares about ____.,Childhood Trauma
,My siblings tortured me with ____.,Childhood Trauma
,I was terrified of ____.,Childhood Trauma
,The worst thing about growing up was ____.,Childhood Trauma
,I'll never forgive my parents for ____.,Childhood Trauma
,Pakistani kids were traumatized by ____.,Childhood Trauma
,The chittar was nothing compared to ____.,Childhood Trauma
,I developed trust issues because of ____.,Childhood Trauma
,My childhood fear was ____.,Childhood Trauma
,I was bullied for ____.,Childhood Trauma
,The worst part of childhood was ____.,Childhood Trauma
,I'm still recovering from ____.,Childhood Trauma
,The worst internet trend is ____.,Internet Culture
,I'm addicted to ____.,Internet Culture
,The most viral meme is ____.,Internet Culture
,Twitter is toxic because of ____.,Internet Culture
,I got cancelled for ____.,Internet Culture
,The most annoying tiktoker is ____.,Internet Culture
,TikTok ruined ____.,Internet Culture
,The internet was a mistake because of ____.,Internet Culture
,I spent 5 hours scrolling through ____.,Internet Culture
,The worst online community is ____.,Internet Culture
,YouTube recommendations led me to ____.,Internet Culture
,I'm chronically online because of ____.,Internet Culture
,The most cringe content is ____.,Internet Culture
,Instagram vs reality is just ____.,Internet Culture
,The algorithm thinks I like ____.,Internet Culture
,I went viral for ____.,Internet Culture
,The worst part of social media is ____.,Internet Culture
,Pakistani internet is obsessed with ____.,Internet Culture
,I learned ____ from the internet.,Internet Culture
,The most toxic fandom is ____.,Internet Culture
,The biggest red flag is ____.,Relationship Red Flags
,I should have known when they ____.,Relationship Red Flags
,Run away if they ____.,Relationship Red Flags
,It's over when they start ____.,Relationship Red Flags
,I ignored the red flag of ____.,Relationship Red Flags
,The worst thing a partner can do is ____.,Relationship Red Flags
,The rishta broke because they ____.,Relationship Red Flags
,Toxic relationships always include ____.,Relationship Red Flags
,The dealbreaker for me is ____.,Relationship Red Flags
,I knew they were crazy when they ____.,Relationship Red Flags
,Never marry someone who ____.,Relationship Red Flags
,The relationship ended after ____.,Relationship Red Flags
,My ex was obsessed with ____.,Relationship Red Flags
,I should have left when they ____.,Relationship Red Flags
,The worst relationship advice is ____.,Relationship Red Flags
,Pakistani relationships are ruined by _____,Relationship Red Flags
,I'm single because I won't tolerate ____.,Relationship Red Flags
,The biggest turnoff is ____.,Relationship Red Flags
,I dodged a bullet when they ____.,Relationship Red Flags
,Love is blind but ____ should be obvious.,Relationship Red Flags
,My most toxic trait is ____.,Toxic Traits
,I'm toxic because I ____.,Toxic Traits
,I know it's wrong but I ____.,Toxic Traits
,My red flag is ____.,Toxic Traits
,I'm working on not ____.,Toxic Traits
,People hate when I ____.,Toxic Traits
,I'm self-aware enough to know I ____.,Toxic Traits
,My therapist says I need to stop ____.,Toxic Traits
,I gaslight people by ____.,Toxic Traits
,I'm manipulative when it comes to ____.,Toxic Traits
,My worst habit is ____.,Toxic Traits
,I'm petty about ____.,Toxic Traits
,I hold grudges over ____.,Toxic Traits
,I'm jealous of ____.,Toxic Traits
,I sabotage relationships with ____.,Toxic Traits
,I can't help but ____.,Toxic Traits
,My toxic behavior includes ____.,Toxic Traits
,I'm in denial about ____.,Toxic Traits
,People leave me because of ____.,Toxic Traits
,I refuse to change ____.,Toxic Traits
,I saw a jinn ____.,Supernatural
,My house is haunted by ____.,Supernatural
,Black magic caused ____.,Supernatural
,I went to a peer/baba for ____.,Supernatural
,The scariest supernatural experience was ____.,Supernatural
,Nazar lagi because of ____.,Supernatural
,I believe in ____.,Supernatural
,My grandmother's ghost ____.,Supernatural
,The taweez protected me from ____.,Supernatural
,I got possessed by ____.,Supernatural
,Jinns are attracted to ____.,Supernatural
,The most haunted place in Pakistan is ____.,Supernatural
,I performed ruqyah for ____.,Supernatural
,The evil eye caused ____.,Supernatural
,I saw ____ at 3 AM.,Supernatural
,My paranormal experience involved ____.,Supernatural
,Pakistani horror stories always include ____.,Supernatural
,I'm scared of ____ because of jinns.,Supernatural
,The amil said I was cursed with ____.,Supernatural
,Supernatural beings fear ____.,Supernatural
,My worst life choice was ____.,Bad Life Choices
,I regret ____.,Bad Life Choices
,I should never have ____.,Bad Life Choices
,The dumbest thing I ever did was ____.,Bad Life Choices
,I wasted years on ____.,Bad Life Choices
,My biggest mistake was ____.,Bad Life Choices
,I ruined my life with ____.,Bad Life Choices
,If I could go back I wouldn't ____.,Bad Life Choices
,I'm still paying for ____.,Bad Life Choices
,The worst decision was choosing ____.,Bad Life Choices
,I threw away my future for ____.,Bad Life Choices
,I wish I never ____.,Bad Life Choices
,My life went downhill after ____.,Bad Life Choices
,I sacrificed everything for ____.,Bad Life Choices
,The choice I regret most is ____.,Bad Life Choices
,I destroyed my rishta by ____.,Bad Life Choices
,I lost everything because of ____.,Bad Life Choices
,My parents warned me about ____.,Bad Life Choices
,I ignored good advice and ____.,Bad Life Choices
,The turning point was when I ____.,Bad Life Choices
,An unexpected benefit of working from home is ____.,Work Life
,Let's prank our teacher on Zoom. Everybody should ____!,School Days
,My kid stays in their room all day doing ____.,Parents
,"Instead of complaining to the manager, Aunties should be complaining about ____.",Aunties
,"I still have a job, but only because ____.",Work Life
,An unknown side effect of eating too much biryani is ____.,Food Debates
,One thing all Pakistanis can agree on is ____.,Pakistani Problems
,The latest WhatsApp forward says that ____ causes cancer.,Conspiracy Theories
,"Scientists think the virus came from bats, but it actually came from ____.",Conspiracy Theories
,The best way to get kids excited about school is ____.,School Days
,Describe the state of the economy in three words: ____.,Money Problems
,We should replace the traffic police with ____.,Traffic & Travel
,I wasn't worried about the petrol shortage because ____.,Pakistani Problems
,The surprising new service Daraz is rolling out is ____.,Internet Culture
,What would convince you to trust a suspicious street vendor? ____.,Food Debates
,My medical report just said '____'.,Medical Mishaps
,A movie title that describes my life is ____.,Bollywood & Drama
,"The government won't fix the roads, but they will take away your ____.",Pakistani Problems
,What caused this year to be such a disaster? ____.,Pakistani Problems
,Aunties everywhere just can’t stop complaining about ____.,Aunties
,The stupidest excuse for missing work is ____.,Work Life
,"It's worse than load shedding, it's worse than traffic, it's ____!",Pakistani Problems
,"The critics panned ____ as ""poorly conceived"" and ""sloppily executed"".",90s Nostalgia Pack
,"Believe it or not, Shakeel Siddiqui can do a dead-on impression of ____.",90s Nostalgia Pack
,Hey Twitter! I'm ____. Ask me anything.,Base Game
,"Introducing X-treme Cricket! It's like cricket, but with ____!",Base Game
,What is Batman's guilty pleasure.,Base Game
,FIA guidelines now prohibit ____ on airplanes.,Base Game
,"Just once, I'd like to hear you say ""Thanks, Mom. Thanks for ____.""",Base Game
,"Daddy, why is mommy crying?",Base Game
,Next from J. K. Rowling: Harry Potter and the Chamber of ____.,Base Game
,"That's right, I killed ____. How, you ask? ____.",Base Game
,"I'm sorry, Professor, but I couldn't complete my homework because of ____.",Base Game
,And the Lux Style Award for ____ goes to ____.,Base Game
,50% of all marriages end in ____.,Base Game
,"My fellow Pakistanis: Before this decade is out, we will have ____ on the moon!",Base Game
,"Dude, do not go in that bathroom. There's ____ in there.",Base Game
,It's a pity that kids these days are all getting involved with ____.,Base Game
,Step 1: ____. Step 2: ____. Step 3: Profit.,Base Game
,What's Teach For Pakistan using to inspire students to succeed?,Base Game
,Mabe she's born with it. Maybe it's ____.,Base Game
,What is the PM thinking about right now?,Base Game
,____. Betcha can't have just one!,Base Game
,"Kids, I don't need drugs to get high. I'm high on ____.",Base Game
,"For my next trick, I will pull ____ out of ____.",Base Game
,Burgers like ____.,Base Game
,____ is a slippery slope that leads to ____.,Base Game
,Why do I hurt all over?,Base Game
,A romantic dinner would be incomplete without ____.,Base Game
,What's my secret power?,Base Game
,I'm going on a cleanse this week. Nothing but karela juice and ____.,Base Game
,____ + ____\n= ____.,Base Game
,Just saw this upsetting video! Please retweet!! #stop____,Base Game
,The class field trip was completely ruined by ____.,Base Game
,What's a girl's best friend?,Base Game
,"When I am PM, I will create the Department of ____.",Base Game
,What are my parents hiding from me?,Base Game
,"I'm no doctor but I'm pretty sure what you're suffering from is called ""____.""",Base Game
,What's there a ton of in heaven?,Base Game
,"After four Hit songs and three Lux Style Awards, it's time to get back to my roots, to what inspired me to make music in the first place: ____.",Base Game
,What never fails to liven up the party?,Base Game
,"IF you like ____, YOU MIGHT BE A PENDU.",Base Game
,Make a haiku.,Base Game
,What made my first rishta meeting so awkward?,Base Game
,They said we were crazy. They said we couldn't put ____ inside of ____. They were wrong.,Base Game
,"Hum TV presents ""____: the Story of ____.""",Base Game
,"____: kid-tested, mother-approved.",Base Game
,Why can't I sleep at night?,Base Game
,"Hey guys, welcome to Nando's! Would you like to start the night off right with ____?",Base Game
,I got 99 problems but ____ ain't one.,Base Game
,____. It's a trap!,Base Game
,ARY's new reality show features eight washed-up celebrities living with ____.,Base Game
,What's that smell?,Base Game
,"After five years in office, how is The President finally letting loose?",Base Game
,This is the way the world ends\nThis is the way the world ends\nNot with a bang but with ____.,Base Game
,"What would grandma find disturbing, yet oddly charming?",Base Game
,____. That was so metal.,Base Game
,I never truly understood ____ until I encountered ____.,Base Game
,"But before I kill you, Mr. Bond, I must show you ____.",Base Game
,Introducing the amazing superhero/sidekick duo! It's ____ and ____!,Base Game
,What ended my last rishta?,Base Game
,What's that sound?,Base Game
,"Uh, hey guys, I know this was my idea, but I'm having serious doubts about ____.",Base Game
,Why am I sticky?,Base Game
,Next on PTV Sports: The World Series of ____.,Base Game
,"When I am a billionaire, I shall erect a 50-foot statue to commemorate ____.",Base Game
,Military historians remember Alexander the Great for his brilliant use of ____ against the Persians.,Base Game
,War! What is it good for?,Base Game
,"In an attempt to reach a wider audience, the Lahore Museum has opened an interactive exhibit on ____.",Canadian Conversion Pack
,What's the government using to inspire rural students to suceed?,Canadian Conversion Pack
,PIA guidelines now prohibit ____ on airplanes.,Canadian Conversion Pack
,"CTV presents ____, the store of ____.",Canadian Conversion Pack
,In Lahore it is now legal to ____.,Canadian Conversion Pack
,"Pak Sarzameen, we stand on guard for ____.",Canadian Conversion Pack
,"After unifying the taxes, the Government can now afford to provide ____ for ____.",Canadian Conversion Pack
,"Papa, come quickly! There, in the garden! Do you see ____? Tell me you see it, Papa!",Family Edition
,Attention students! The Principal is at home recovering from ____. We hope he'll be back soon.,Family Edition
,"I'm sorry, Jordan, but that's not an acceptable Science Fair project. That's just ____.",Family Edition
,"The warm August air was filled with change. Things were different, for Kayla was now ____.",Family Edition
,"This is gonna be the best sleepover ever. Once Mom goes to bed, it's time for ____!",Family Edition
,Coming soon! Batman vs. ____.,Family Edition
,"Class, pay close attention. I will now demonstrate the physics of ____.",Family Edition
,"Hey Riley, I'll give you five bucks if you try ____.",Family Edition
,"Time to put on my favorite t-shirt, the one that says ""I heart ____.""",Family Edition
,My dad and I enjoy ____ together.,Family Edition
,"Hey, kids. I'm Master Sahab. Today, I'm gonna teach you how to defend yourself against ____.",Family Edition
,MY NAME CHUNGO.\nCHUNGO LOVE ____.,Family Edition
,"Never fear, Captain ____ is here!",Family Edition
,"Kids, Dad is trying something new this week. It's called ""____.""",Family Edition
,"Oh, no thank you, Mrs. Lee. I've had plenty of ____ for now.",Family Edition
,There's nothing better than chai and ____.,Family Edition
,"And over here is Picasso's most famous painting, ""Portrait of ____.""",Family Edition
,The aliens are here. They want ____.,Family Edition
,"They call me ""Mr. ____.""",Family Edition
,Mom!? You have to come pick me up! There's ____ at this party!,Family Edition
,CNN breaking news! Over half of Americans are now ____.,Family Edition
,"On the next episode of Dora the Explorer, Dora explores ____.",Family Edition
,"Alright, which one of you little turds is responsible for ____?!",Family Edition
,"Ladies and gentlemen, I have discovered something amazing. I have discovered ____.",Family Edition
,"And in the blue corner, weighing in at 280 pounds, it's Tommy ""____"" Takahashi!",Family Edition
,Bar.B.Q Tonight: No rules. Just ____.,Family Edition
,Ew. Grandpa smells like ____.,Family Edition
,"My name is Peter Parker. I was bitten by a radioactive spider, and now I'm ____.",Family Edition
,"Put on your helmet, strap on your goggles, and get ready for ____!",Family Edition
,Attention students! This is Principal Butthead reminding you that we do not allow ____ in the hallway. Thank you.,Family Edition
,What's about to take this school function to the next level?,Family Edition
,All I want for Eid is ____.,Family Edition
,Me and my friends don't play with dolls anymore. We're into ____ now.,Family Edition
,We're not supposed to go in the attic. My parents keep ____ in there.,Family Edition
,Police! Arrest this man! He's ____.,Family Edition
,"My favorite dinosaur is ""____asaurus.""",Family Edition
,"When I pooped, what came out of my butt?",Family Edition
,"I'm not like the other children. Toys bore me, and I don't care for sweets. I prefer ____.",Family Edition
,"I'm sorry, Mrs. Sanchez, but I couldn't finish my homework because of ____.",Family Edition
,"Oh Boss, we show our devotion with a humble offering of ____!",Family Edition
,"Thanks for watching! If you want to see more vids of ____, smash that subscribe.",Family Edition
,"We're off to see the wizard, the wonderful wizard of ____!",Family Edition
,What's all fun and games until somebody gets hurt?,Family Edition
,"Young lady, we do not allow ____ at the dinner table.",Family Edition
,"Welcome! We're glad you're here. Now sit back, relax, and enjoy ____.",Family Edition
,My favorite book is The Amazing Adventures of ____.,Family Edition
,"Well, look what we have here! A big fancy man walkin' in like he's ____.",Family Edition
,ENOUGH! I will not let ____ tear this family apart!,Family Edition
,"Madam PM, we've run out of time. The only option is ____.",Family Edition
,"I have invented a new sport. I call it ""____ ball.""",Family Edition
,"Hey, check out my band! We're called ""Rage Against ____.""",Family Edition
,Moms love ____.,Family Edition
,Where do babies come from?,Family Edition
,CHUNGO ANGRY. CHUNGO DESTROY ____.,Family Edition
,"At school, I'm just Mandy. But at summer camp, I'm ""____ Mandy.""",Family Edition
,"James Bond will return in ""No Time for ____.""",Family Edition
,It's BIG. It's SCARY. It's ____!,Family Edition
,"Disney proudly presents: ""____ on Ice.""",Family Edition
,What really killed the dinosaurs?,Family Edition
,Beep beep! ____ coming through!,Family Edition
,Now in bookstores: Nancy Drew and the Mystery of ____.,Family Edition
,"You don't love me, Sam. All you care about is ____.",Family Edition
,Did you know that Benjamin Franklin invented ____?,Family Edition
,"One nation, indivisible, with liberty and ____ for all.",Family Edition
,The easiest way to tell me and my twin apart is that I have a freckle on my cheek and she's ____.,Family Edition
,Hey guys. I just want to tell all my followers who are struggling with ____: it DOES get better.,Family Edition
,"Whoa there, partner! Looks like ____ spooked my horse.",Family Edition
,"Princess Marigold, the kingdom is in danger! You must stop ____.",Family Edition
,"Shut up, Becky! At least I'm not ____.",Family Edition
,I lost my arm in a ____ accident.,Family Edition
,"Isn't this great, honey? Just you, me, the kids, and ____.",Family Edition
,Foolish child! Did you think you could escape from ____?,Family Edition
,Girls just wanna have ____.,Family Edition
,"Run, run, as fast as you can. You can't catch me, I'm ____!",Family Edition
,"New from Mattel, it's ____ Barbie!",Family Edition
,"No fair! How come Chloe gets her own phone, and all I get is ____?",Family Edition
,"Bow before me, for I am the Queen of ____!",Family Edition
,New from Hasbro! It's BUNGO: The Game of ____.,Family Edition
,"I don't really know what my mom's job is, but I think it has something to do with ____.",Family Edition
,Our day at the water park was totally ruined by ____.,Family Edition
,Charmander has evolved into ____!,Family Edition
,What killed Old Jim?,Family Edition
,What's keeping Dad so busy in the garage?,Family Edition
,Boys? No. ____? Yes!,Family Edition
,ME HUNGRY. ME WANT ____.,Family Edition
,"Oh, that's my mom's friend Carl. He comes over and helps her with ____.",Family Edition
,"Guys, stop it! There's nothing funny about ____.",Family Edition
,"Huddle up, Wildcats! They may be bigger. They may be faster. But we've got a secret weapon: ____",Family Edition
,I do not fight for wealth. I do not fight for glory. I fight for ____!,Family Edition
,"Come on, Danny. All the cool kids are doin' it. Wanna try ____?",Family Edition
,"Coming to theaters this holiday season, ""Star Wars: The Rise of ____.""",Family Edition
,And today's soup is Cream of ____.,The Fifth Expansion
,"Now in bookstores: 'The Audacity of ____,' by Imran Khan.",The Fifth Expansion
,WHOOO! Wow I love ____!,The Fifth Expansion
,Do you lack energy? Does it sometimes feel like the whole world is ____? Panadol.®,The Fifth Expansion
,"Hi, this is Jim from accounting. We noticed a $1,200 charge labeled '____.' Can you explain?",The Fifth Expansion
,"Well if ____ is good enough for ____, it's good enough for me.",The Fifth Expansion
,"Don't forget! Beginning this week, Jummah will officially become ""____ Friday.""",The Fifth Expansion
,"In his farewell address, Quaid-e-Azam famously warned Pakistanis about the dangers of ____.",The Fifth Expansion
,Having the worst day EVER. #____,The Fifth Expansion
,Get ready for the movie of the summer! One cop plays by the book. The other's only interested in one thing: ____.,The Fifth Expansion
,What's making things awkward in the sauna?,The Fifth Expansion
,Life's pretty tough in the fast lane. That's why I never leave the house without ____.,The Fifth Expansion
,Patient presents with ____. Likely a result of ____.,The Fifth Expansion
,"Help me doctor, I've got ____ in my tummy!",The Fifth Expansion
,Why am I broke?,The Fifth Expansion
,"I don't mean to brag, but they call me the Shahid Afridi of ____.",The Fifth Expansion
,"Heed my voice, mortals! I am the king of ____, and I will not tolerate ____!",The Fifth Expansion
,"Here at the Academy for Gifted Children, we allow students to explore ____ at their own pace.",The Fifth Expansion
,"Well what do you have to say for yourself, Casey? This is the third time you've been sent to the principal's office for ____.",The Fifth Expansion
,"In his new action comedy, Jackie Chan must fend off ninjas while also dealing with ____.",The Fifth Expansion
,Khaadi kurta: $100. Dinner for two at that swanky restaurant: $300. The look on her face when you surprise her with ____: priceless.,The Fifth Expansion
,Do the Dew ® with our most extreme flavor yet! Get ready for Mountain Dew ____!,The Fifth Expansion
,My plan for world domination begins with ____.,The First Expansion
,The ISI now interrogates enemy agents by repeatedly subjecting them to ____.,The First Expansion
,"Dear Sir or Madam, We regret to inform you that the Office of ____ has denied your request for ____",The First Expansion
,Science will never explain ____.,The First Expansion
,I learned the hard way that you can't cheer up a grieving friend with ____.,The First Expansion
,"In its new tourism campaign, Karachi proudly proclaims that it has finally eliminated ____.",The First Expansion
,An international tribunal has found ____ guilty of ____.,The First Expansion
,The government has declared that access to ____ is a basic human right.,The First Expansion
,"In his new self-produced album, Atif Aslam sings over the sounds of ____.",The First Expansion
,What's the gift that keeps on giving?,The First Expansion
,"Next season on Man vs. Wild, Bear Grylls must survive in the depths of the Amazon with only ____ and his wits.",The First Expansion
,"In the distant future, historians will agree that ____ marked the beginning of society's decline.",The First Expansion
,"In a pinch, ____ can be a suitable substitute for ____.",The First Expansion
,Michael Bay's new three-hour action epic pits ____ against ____.,The First Expansion
,"And I would have gotten away with it, too, if it hadn't been for ____.",The First Expansion
,"2 AM in the city that never sleeps. The door swings open and she walks in, legs up to here. Something in her eyes tells me she's looking for ____.",The Fourth Expansion
,"Adventure. Romance. ____. From Paramount Pictures, ""____.""",The Fourth Expansion
,"As king, how will I keep the peasants in line?",The Fourth Expansion
,"Dear neighborhood uncle, our village praises your infinite wisdom with a humble offering of ____.",The Fourth Expansion
,Every step towards ____ gets me a little bit closer to ____.,The Fourth Expansion
,"Forget everything you know about ____, because now we've supercharged it with ____!",The Fourth Expansion
,"I am become ____, destroyer of ____!",The Fourth Expansion
,"I'm pretty sure I'm sleepy right now, because I'm absolutely mesmerized by ____.",The Fourth Expansion
,"I'm sorry sir, but we don't allow ____ at the Gymkhana.",The Fourth Expansion
,"If you can't handle ____, you'd better stay away from ____.",The Fourth Expansion
,"It lurks in the night. It hungers for flesh. This summer, no one is safe from ____.",The Fourth Expansion
,"Nida Yasir's book of the month is ""____ For ____: A Story of Hope""",The Fourth Expansion
,She's up all night for good fun. I'm up all night for ____.,The Fourth Expansion
,"The Japanese have developed a smaller, more efficient version of ____.",The Fourth Expansion
,"This is the prime of my life. I'm young, broke, and full of ____.",The Fourth Expansion
,"This year's hottest album is ""____"" by ____.",The Fourth Expansion
,"We never did find ____, but along the way we sure learned a lot about ____.",The Fourth Expansion
,The new art film tells the story of a precocious child coming to terms with ____.,The Fourth Expansion
,What's fun until it gets weird?,The Fourth Expansion
,"You've seen the bearded lady! You've seen the ring of fire! Now, ladies and gentlemen, feast your eyes upon ____!",The Fourth Expansion
,"____ may pass, but ____ will last forever.",The Fourth Expansion
,____ will never be the same after ____.,The Fourth Expansion
,"You guys, I saw this crazy movie last night. It opens on ____, and then there's some stuff about ____, and then it ends with ____.",The Fourth Expansion
,"During his midlife crisis, my dad got really into ____.",The Second Expansion
,____ would be woefully incomplete without ____.,The Second Expansion
,"Before I run for PM, I must destroy all evidence of my involvement with ____.",The Second Expansion
,This is your captain speaking. Fasten your seatbelts and prepare for ____.,The Second Expansion
,"In his newest stunt, the magician must escape from ____.",The Second Expansion
,My mom freaked out when she looked at my phone and found ____.,The Second Expansion
,"I went from ____ to ____, all thanks to ____.",The Second Expansion
,Members of New York's social elite are paying thousands of dollars just to experience ____.,The Second Expansion
,"Little Miss Muffet Sat on a tuffet, Eating her curds and ____.",The Second Expansion
,"If Allah didn't want us to enjoy ____, He wouldn't have given us ____.",The Second Expansion
,"My country, 'tis of thee, sweet land of ____.",The Second Expansion
,"After months of debate, the politicians could only agree on ""More ____!""",The Second Expansion
,"I spent my whole life working toward ____, only to have it ruined by ____.",The Second Expansion
,Next time on the Morning Show: How to talk to your child about ____.,The Second Expansion
,Only two things in life are certain: death and ____.,The Second Expansion
,Everyone down on the ground! We don't want to hurt anyone. We're just here for ____.,The Second Expansion
,The healing process began when I joined a support group for victims of ____.,The Second Expansion
,"The votes are in, and the new high school mascot is ____.",The Second Expansion
,Charades was ruined for me forever when my mom had to act out ____.,The Second Expansion
,"Before ____, all we had was ____.",The Second Expansion
,Tonight on 20/20: What you don't know about ____ could kill you.,The Second Expansion
,You haven't truly lived until you've experienced ____ and ____ at the same time.,The Second Expansion
,"I work my ass off all day for this family, and this is what I come home to? ____!?",The Sixth Expansion
,"I have a strict policy. First meeting, tea. Second meeting, dinner. Third meeting, ____.",The Sixth Expansion
,"When I was a kid, we used to play Cowboys and ____.",The Sixth Expansion
,"This is America. If you don't work hard, you don't succeed. I don't care if you're black, white, purple, or ____.",The Sixth Expansion
,You Won't Believe These 15 Hilarious ____ Bloopers!,The Sixth Expansion
,"James is a lonely boy. But when he discovers a secret door in his attic, he meets a magical new friend: ____.",The Sixth Expansion
,Don't worry kid. It gets better. I've been living with ____ for 20 years.,The Sixth Expansion
,"My grandfather worked his way up from nothing. When he came to this country, all he had was the shoes on his feet and ____.",The Sixth Expansion
,Behind every powerful man is ____.,The Sixth Expansion
,You are not alone. Millions of Americans struggle with ____ every day.,The Sixth Expansion
,"Come to Dubai, where you can relax in our world famous spas, experience the nightlife, or simply enjoy ____ by the poolside.",The Sixth Expansion
,"""This is madness."" ""No, THIS IS ____!""",The Sixth Expansion
,"Listen Gary, I like you. But if you want that corner office, you're going to have to show me ____.",The Sixth Expansion
,I went to the northern areas and found out my spirit animal is ____.,The Sixth Expansion
,"And would you like those buffalo wings mild, hot, or ____?",The Sixth Expansion
,"The six things I could never do without: oxygen, Facebook, chocolate, Netflix, friends, and ____ LOL!",The Sixth Expansion
,Puberty is a time of change. You might notice hair growing in new places. You might develop an interest in ____. This is normal.,The Sixth Expansion
,"I'm sorry, Mrs. Chen, but there was nothing we could do. At 4:15 this morning, your son succumbed to ____.",The Sixth Expansion
,"I'm Miss Tennessee, and if I could make the world better by changing one thing, I would get rid of ____.",The Sixth Expansion
,Everybody join hands and close your eyes. Do you sense that? That's the presence of ____ in this room.,The Sixth Expansion
,"Y'all ready to get this thing started? I'm the host, and this is Pakistan's Got ____.",The Sixth Expansion
,"If you had to describe the Card Czar, using only one of the cards in your hand, which one would it be?",The Sixth Expansion
,A successful job interview begins with a firm handshake and ends with ____.,The Third Expansion
,Lovin' you is easy 'cause you're ____.,The Third Expansion
,My life is ruled by a vicious cycle of ____ and ____.,The Third Expansion
,The blind date was going horribly until we discovered our shared interest in ____.,The Third Expansion
,"____. Awesome in theory, kind of a mess in practice.",The Third Expansion
,I'm not like the rest of you. I'm too rich and busy for ____.,The Third Expansion
,"In the seventh circle of Hell, sinners must endure ____ for all eternity.",The Third Expansion
,____: Hours of fun. Easy to use. Perfect for ____!,The Third Expansion
,What left this stain on my couch?,The Third Expansion
,"Call the law offices of Goldstein & Goldstein, because no one should have to tolerate ____ in the workplace.",The Third Expansion
,"When you get right down to it, ____ is just ____.",The Third Expansion
,Turns out that ____-Man was neither the hero we needed nor wanted.,The Third Expansion
,"As part of his daily regimen, the news anchor sets aside 15 minutes for ____.",The Third Expansion
,"Money can't buy me love, but it can buy me ____.",The Third Expansion
,"With enough time and pressure, ____ will turn into ____.",The Third Expansion
,And what did you bring for show and tell?,The Third Expansion
,"During high school, I never really fit in until I found ____ club.",The Third Expansion
,"Hey, come visit my house and I'll show you ____.",The Third Expansion
,"After months of practice with ____, I think I'm finally ready for ____.",The Third Expansion
,"To prepare for his upcoming role, the actor immersed himself in the world of ____.",The Third Expansion
,Finally! A service that delivers ____ right to your door.,The Third Expansion
,My gym teacher got fired for adding ____ to the obstacle course.,The Third Expansion
,Having problems with ____? Try ____!,The Third Expansion
,"As part of his contract, the singer won't perform without ____ in his dressing room.",The Third Expansion
,"Listen, son. If you want to get involved with ____, I won't stop you. Just steer clear of ____.",The Third Expansion
,____ really helped my dad through his midlife crises.,
,____ will finally put an end to racism.,
,____ - thats how I want to die.,
,____ + ____ = ____.,
,____ always makes me cry.,
,____ always makes me throw up.,
,____ is on the agenda after we finish this crazy game.,
,____ me on my ____ with ____.,
,____ me with ____.,
,____ will make you sweaty and stinky.,
,"____ is many things to many people, as you will see and learn.",
,"____ IS NOT A WEDDING THEME, CHAD!",
,____ is OP. Please nerf.,
,____ is the one thing I can't live without.,
,____ is way better in virtual reality.,
,____ Spice was one of the lesser-known Spice Girls.,
,____ ____ go away. Come back another day.,
,____ + ____ = Hipsters,
,____ + ____ = Hot new knitting trend.,
,____ a day keeps the ____ away.,
,____ a day keeps the doctor away.,
,"____ always help(s) ""Insert Name"" relax.",
,"____ always helps ""Insert Name"" prepare for a big exam.",
,"____ always make(s) ""Insert Name"" cry for hours.",
,"____ always reminds ""Insert Name"" of fun times with his/her grandma.",
,"____ always starts out fun until ""Insert Name"" gets involved.",
,____ and ____ = heaven on Earth,
,____ and ____ are a love story for the ages!,
,"____ and ____ inevitably lead to the phrase ""Happiness is secured.""",
,____ and ____ make for the best family vacations.,
,____ and ____ make an unbeatable romantic combination.,
,____ and ____: may they never meet.,
,____ and loneliness are a dangerous combination.,
,____ are out to get me.,
,____ be all like ____.,
,____ bought 100 million rounds of ammunition last year because of ____.,
,____ brings all the boys to the yard.,
,____ broke six of my ribs.,
,____ builds trust between friends.,
,____ burns 360 calories per hour.,
,____ can be too much of a good thing.,
,____ can help any relationship,
,____ can save you 15% or more on car insurance.,
,____ fixed the Mosque after the mess that was the 1980's.,
,____ For Dummies is actually the best-selling book in the series.,
,____ fun for the whole family!,
,____ gave me a really bad reputation in middle school.,
,____ gets me the most likes on Instagram.,
,____ gives Dad bad gas.,
,____ got me banned from the Liberty Lounge for life.,
,____ had me bedridden for months.,
,____ has become part of my daily routine.,
,____ has been scientifically proven to cause cancer.,
,____ has lasted longer than a Married at First Sight Relationship,
,____ has me questioning my life choices.,
,____ has taken more lives than Hitler and smoking combined.,
,____ has taken over ____ in the service of a Jinn.,
,____ helps Parish priests relax.,
,____ in your car triples your chance of being pulled over.,
,____ invented time travel.,
,____ is a bad idea. The More You Know …,
,____ is a dying art form.,
,____ is a nightmare!,
,____ is a great way to look and feel younger.,
,"____ is a healthy meal, right?",
,____ is a relationship deal-breaker for me.,
,____ is a sure sign of mankind's decline.,
,____ is a surprisingly tasty pizza topping.,
,____ is a timeless symbol of parenthood.,
,____ is a well-known sign of virility.,
,____ is actually pretty hot.,
,____ is basically the story of my life.,
,"____ is by far the most important item in the ""Fresh Out of Boot Camp"" starter pack.",
,____ is considered a compliment in most of Europe.,
,____ is covering up the zombification of the population of Kansas.,
,____ is Daddy's job.,
,____ is even tastier when it is covered with ____.,
,____ is finger licking good.,
,____ is getting rich smuggling ____.,
,____ is going to make me rich!,
,____ is in the mystery meat.,
,____ is just showing off.,
,____ is merely a puppet of ____.,
,____ is my co-pilot.,
,____ is my motivation.,
,____ is my way of giving back to the community.,
,____ is no way to go through life. Kid.,
,____ is not reimbursable.,
,____ is now the emperor of ____.,
,____ is our new performance indicator.,
,"____ is rare. If you find it, keep it.",
,____ is reporting to Putin right now.,
,____ is subverting the natural order with ____.,
,____ is the active ingredient in cigarettes.,
,____ is the best population control.,
,____ is the best indication why Asians are such bad drivers.,
,____ is the best thing since ____.,
,____ is the best way to avoid volunteering for the PTA.,
,____ is the gift that keeps on giving.,
,____ is the key to a healthy lifestyle,
,____ is the key to recovery.,
,____ is the leading cause for blindness in white males.,
,____ is the moment my kid lost their innocence.,
,____ is the new ____.,
,____ is the new black according to everyone.,
,____ is the new spokesperson for ____.,
,____ is the next development panacea.,
,____ is the only thing more patriotic than Master Chief Carl Brashear's prosthetic leg.,
,____ is the only thing that gets me out of bed in the morning.,
,____ is the secret ingredient in Coca-Cola®.,
,____ is the secrt ingredient in Grandma's famous pies.,
,____ is the tool of ____ to reduce world population.,
,____ is totally acceptable. If you're a freak.,
,____ is wasted on the youth.,
,____ is way better in ____ mode.,
,____ is way too much responsibility for me.,
,____ is well-known for professional-looking ____.,
,____ is what is ruining this country.,
,____ is why I am a failure as a parent.,
,____ is why I can never run for PTA president.,
,____ is why I have gray hair now.,
,____ is why I need feminism.,
,____ is why I'm not a chaperon.,
,____ is why we can't have nice things.,
,____ is worse than ____.,
,____ is worse than stepping on a Lego.,
,____ is/are the New Evangelization.,
,"____ isn't illegal, right?",
,____ keeps me from prayer.,
,____ kills about 450 people in the United States a year.,
,____ kills the mood every time.,
,____ led me to ____.,
,____ led me to believe ____ was morally wrong.,
,____ made my moneyshot twice as powerful.,
,"____ makes ""Insert Name"" scream at the top of his/her lungs.",
,____ makes a questionable gift for your parents.,
,____ makes me feel like the most desirable person in the world.,
,____ makes your PFT score go down faster than a Thai hooker during Cobra Gold!,
,"____ melts in your mouth, not in your hand.",
,____ mesmerized the audience by reading a poem about ____.,
,____ now comes free with a Happy Meal.,
,____ now Gluten Free!,
,____ Plesurable. But Dangerous.,
,____ ran for president on a strong platform of using ____ as a national defense.,
,____ reminds me of my ex.,
,____ ruins everything.,
,____ says I don't need to share my ____.,
,"____ shaped my childhood, making me the person I am today.",
,____ should be a human right.,
,____ should be grounds for a national holiday.,
,____ should be taught in schools.,
,____ showed us that ____ is a great homemade hangover remedy.,
,____ spent their big Vegas winnings on a crazy amount of ____.,
,____ stole my bike!,
,____ tastes like chicken according to 7 out of 10 albinos.,
,____ told me to bring ____ to the family picnic.,
,____ tried to suppress this game!,
,____ used ____ to stop the terrorist attack.,
,____ used the time machine to corner the market on ____.,
,"____ was fun, but then she woke up.",
,____ was my old college nickname.,
,____ was totally worth the trauma.,
,____ will always get you a rishta in Karachi,
,____ will attempt to destroy the Cricket Team. ____ will ensure that threat is defeated.,
,____ will be the downfall of Western Civilization.,
,____ will make anyone seem more attractive.,
,____ will make you sterile.,
,____ will win you the Mom of the Year award every time.,
,____ with ____ always bring a smile to my face!,
,____ won the talent show by putting a whole ____ in their mouth.,
,____ works in mysterious ways.,
,____ would only happen in my worst nightmares.,
,____ x ____ = ____,
,____ - the incredible new documentary series narrated by Tariq Aziz.,
,"____ guaranteed, or your money back!",
,____ really ruined Eid for me this year.,
,____ helps me achieve inner peace.,
,____ is the best part of the newlywed stage.,
,____ keeps me awake at night.,
,____ makes my mouth water!,
,____ tends to run in my family.,
,____ - it's gonna be huge!,
,____ baby ____ (repeat)!,
,____ for a more hopeful Pakistan.,
,____ for Pakistani families.,
,____ gives me the chills.,
,____ hit me right in the feels.,
,____ improves over time.,
,____ is all I need to make the tough decisions.,
,____ is better than summer vacation.,
,____ is Nawaz Sharif's Watergate.,
,____ is in bed with the establishment.,
,____ is my fave emoticon.,
,____ is my secret favorite thing to do when no one is looking.,
,____ is my true passion in life.,
,____ is so awkward at a sleepover.,
,"____ is the law of the land, deal with it.",
,____ is the one thing that would drive me crazy enough to push the button.,
,____ is the real reason the PM declared bankruptcy 4 times.,
,____ is the reason for my pass request.,
,____ is the reason we constantly have safety briefs.,
,____ is the secret to world peace.,
,____ is the subject of Imran Khan's new book.,
,____ is what haunts my dreams at night!,
,____ is/are like roaches - you can't kill them,
,____ is/are not the same thing by any stretch of the imagination as (a) ____.,
,____ is/are the PM's greatest secret to great hair.,
,____ killed my pet goldfish.,
,____ makes me have nightmares.,
,____ should be the start of the conversation on how we can improve as a society.,
,____ this weekend is going to really piss off Sarge.,
,____ was my nickname at LUMS.,
,____ was the strangest thing I've seen in the Army.,
,____ will cause a blistering argument with Narendra Modi.,
,____ won my vote.,
,____ would really make the world a better place.,
,____ of Unusual Size? I don't believe in them.,
,____? Aamir Liaquat will fix it!,
,____. Is THAT what they're calling it these days…,
,____. It's not just for breakfast any more.,
,____. That’s why mums go to Iceland.,
,"____. Once you pop, the fun don’t stop!",
,____. A wedding gift you’ll cherish forever.,
,"____. It's not just a good idea, it's the law.",
,____-flavored ice cream.,
,"____, it's gonna be YUGE.",
,"____, you're fired.",
,____: A Holiday Tradition,
,____. It's finger lickin' good!,
,____. Never again!,
,____. The solution for women.,
,____. These things happen.,
,____.com is the new name for PTV.com.,
,____(s) should never be allowed in Pakistan.,
,____-the best way to ____,
,____. My Spirit Animal.,
,____-the only way to solve Kashmir,
,____-the most common cause of absence from work,
,"____, a failure of the education system.",
,____? No.,
,____. Awesome!,
,"____, For the person who has everything.",
,"____, a near occasion of sin.",
,"____, I can yarn bomb that.",
,"____, I choose you!",
,"____, it's even worse that a poopy diaper!",
,"____, it's what Elizabeth Zimmerman would do.",
,"____, just for a second. Just to see how it feels.",
,"____, or as I like to call it, ____.",
,"____, that's why I got married.",
,"____, the newest My Little Pony character.",
,"____, the number one reason for staying chaste.",
,"____, there's a totka for that.",
,"____, yeah right.",
,"____, you da real MVP.",
,____: A solution in search of a problem.,
,____: A surprising favorite at the PSL this year.,
,____: Achievement unlocked.,
,____: Ain't nobody got time for that!,
,____: Pakistan's favorite drama,
,____: an important prenatal yoga practice.,
,"____: boil 'em, mash 'em, stick 'em in a stew!",
,____: Brought to you by ____.,
,____: Evidence that this is the darkest timeline.,
,____: good to the last drop.,
,____: Has science gone too far?,
,____: I volunteer as tribute!,
,____: It even makes its own gravy!,
,"____: it just keeps going, and going, and going…",
,____: it's magically delicious.,
,____: it's more likely than you think.,
,____: Just another way that Allah shows us he loves us.,
,____: Just girly things.,
,____: Just sayin'.,
,____: Keep out of reach of children.,
,____: Man's final frontier.,
,____: not even once.,
,____: Not just for kids anymore!,
,____: Provided by the management for your protection.,
,____: The best part of waking up.,
,____: The Best! Day! Ever!,
,____: the hit Sufi song.,
,____: the national sport of Pakistan.,
,____: the new and improved way to compel compliance.,
,____: The struggle is real.,
,____: Wake up sheeple!,
,____: Weak and ineffective.,
,____: Your ideas are intriguing to me and I wish to subscribe to your newsletter.,
,____!? NOT TODAY!,
,____? Even I wouldn't go there.,
,____? Thanks Obama.,
,____? That's a dealbreaker.,
,"____? That's a no from me, dawg.",
,____? There's an app for that!,
,____? Totally overrated.,
,____? What a wonderful idea!,
,"____? Yeah, nah.",
,____?! Good heavens!,
,"____. 60% of the time, it works every time.",
,____. Because prevention is better than cure.,
,____. Man's best friend.,
,____. What's not to like?,
,____. — You go Girl!,
,____. #squadgoals,
,____. #justdesithings,
,____. A metaphor for life.,
,____. TOUBA TOUBA!,
,"____. High five, bro.",
,____. I dare you…,
,____. It just tastes better.,
,____. It's what's for dinner.,
,____. Just another reason why you can't trust adults.,
,____. MILLIONS ARE DEAD!,
,____. Now 100% Gluten Free!,
,____. Part of a balanced breakfast.,
,____. Sounds like something Cartman would like.,
,"____. Strong enough for a man, meant for a woman.",
,"____. Tastes awful, but it works!",
,____. That is my life goal.,
,____. That's an HR incident.,
,____. That's how I met your mother.,
,____. That's why mums go to Metro.,
,____. There were no survivors.,
,____. This is the one thing we didn't want to happen.,
,____. What's the worst that can happen?,
,"____. Yeah, I'll blame that on the dog.",
,____'s biggest guilty pleasure is to eat ____.,
,____is all the same to me.,
,____: the best thing since slices bread.,
,____! All alone in the moonlight!,
,____? I thought you meant ____! That explains why everyone is staring.,
,____? I'd rather have ____.,
,____? Looks like the boys are at it again.,
,____. A woman's best friend.,
,____. The breakfast of champions.,
,____. The happiest place on earth.,
,____. The reason I cry myself to sleep at night.,
,____. The taste of paradise.,
,____. You complete me.,
,"____, best describes me.",
,____: How far I'll go for free Biryani.,
,____: How I plan to spend my nights when I'm rich.,
,____: The reason that girl was a real crowd pleaser.,
,____. Coming soon to a cinema near you,
,____. Sounded like a good idea at the time,
,____. The only thing scarring people more than unannounced load shedding,
,"____. Awesome, bro!",
,____. Bet you can't have just one!,
,"""____: The Movie!"" Coming to theaters soon.",
,"""I want you for ____!"" -- The Government",
,"""Insert Name's"" aptitude tst shows he/she is either suited to be a Doctor or ____.",
,"""Insert Name's"" dhaba serves a world famous drink called ____.,""Insert Name's"""" best pick up line involves ____ and a hot dog.""",
,"""Insert Name's"" class trip was completely ruined by ____.",
,"""Insert Name's"" favourite board game is ____opoly.",
,"""Insert Name's"" forecast for this weekend is a whole lot of ____.",
,"""Insert Name's"" grandmother always included spices, onions and ____ in her famous Nihari.",
,"""Insert Name's"" mother doesn't approve of his/her new hobby because it involves collecting ____ and then setting them on fire.",
,"""Insert Name's"" new reality show is called ""It's All About ____, A Look At My Life.""",
,"""Insert Name's"" wedding photographer was shocked that she has to take pictures of ____.",
,"""Insert Name"" admitted he/she has a weakness for chai and ____.",
,"""Insert Name"" always says his/her hopes there are a lot of ____.",
,"""Insert Name"" believes an apple a day keeps the ____ away.",
,"""Insert Name"" believes that ____ guarantees fertility.",
,"""Insert Name"" couldn't resist the sale at the mall and spent a small fortune on ____ in every colour.",
,"""Insert Name"" doesn't think society should protect ____ from predators.",
,"""Insert Name"" donated $1000 to his/her favourite charity that supports ____ in Africa.",
,"""Insert Name"" ended their last relationship because their boyfriend/girlfriend kept pushing ____ on them.",
,"""Insert Name"" enjoyed ____ so much that he/she can't wait to try it again.",
,"""Insert Name"" expects there will be ____ in his/her bed when he/she gets home from game night.",
,"""Insert Name"" filled his/her swimming pool with ____ and took a dip.",
,"""Insert Name"" got pulled over by the police today and was caught with a large assortment of ____ in the trunk.",
,"""Insert Name"" has 24 hours left to live and wants to spend it doing lots of ____.",
,"""Insert Name"" has a weakness for kittens, puppies and ____.",
,"""Insert Name"" has invented a new sport that involves throwing ____ into a hole.",
,"""Insert Name"" has to see a psychiatrist because his/her traumatizing run-in with ____.",
,"""Insert Name"" is grossed out by touching ____.",
,"""Insert Name"" is starting a new diet tomorrow comprised solely of ____.",
,"""Insert Name"" is the captain of a ship that specializes in shipping containers of ____ from China.",
,"""Insert Name"" just bought used ____ on eBay™.",
,"""Insert Name"" just got a Nobel Peace Prize™ for his/her work with ____ in third world countries.",
,"""Insert Name"" just told me about his/her latest conspiracy plot involving world domination and ____.",
,"""Insert Name"" knocked his/her date out cold with a ____.",
,"""Insert Name"" likes to count ____ to help him/her fall asleep at night.",
,"""Insert Name"" needs an intervention. His/Her addiction to ____ is totally out of control.",
,"""Insert Name"" Offered two homeless people lots of ____ in order for them to fight to the death.",
,"""Insert Name"" really wants an Eid filled with ____ this year.",
,"""Insert Name"" recently got kicked out of the mall for his/her involvement on the theft of ____.",
,"""Insert Name"" saw ____ in the movies and thought he/she would give it a whirl, turns out he/she loves it.",
,"""Insert Name"" says ____ are a must for all romantic occasions.",
,"""Insert Name"" says ____ tastes like chicken.",
,"""Insert Name"" says a good workout always includes punching ____ at the gym.",
,"""Insert Name"" says he/she always buys enough ____ to share with his/her family around the holidays.",
,"""Insert Name"" says he/she watched a new reality TV series last night called ""America's Got ____"".",
,"""Insert Name"" says if there were an Olympic sport for ____ he/she would win gold.",
,"""Insert Name"" says the true meaning of life can be found in ____.",
,"""Insert Name"" says, ""If I had a million dollars I'd buy ____"".",
,"""Insert Name"" spent a hard day at the office working on a project for ____.",
,"""Insert Name"" spent all day on the toilet after eating ____.",
,"""Insert Name"" spent all his/her money on ____ instead of supporting his/her family.",
,"""Insert Name"" thought ____ was better than any internet cat videos.",
,"""Insert Name"" thought he/she was a ____ vampire.",
,"""Insert Name"" thought you could prevent hair loss by avoiding ____ like the plague.",
,"""Insert Name"" traded ____ for a vial of pristine Gypsy tears.",
,"""Insert Name"" wanted a pony but got ____ instead.",
,"""Insert Name"" was aspiring to become a doctor, but ended up as a ____ junkie.",
,"""Insert Name"" was caught at the county fair with ____ and the prize winning bull.",
,"""Insert Name"" was fired for an incident involving ____ at work.",
,"""Insert Name"" was stopped at the border for bringing ____ back from Thailand last week.",
,"""Insert Name"" was surprised to find that you are prohibited from doing ____ on a plane.",
,"""Insert Name"" watched a Pay Per View documentary about ____ last night.",
,"""Insert Name"" woke up one morning and found a dozen ____ in the kitchen.",
,"""Insert Name"" woke up with ____ on his/her face.",
,"""Insert Name"" would love to see ____ as the new school mascot.",
,"""The time has come,"" the Walrus said, ""To talk of many things: Of shoes, and ships, and sealing-wax. Of cabbages, and ____.""",
,"""They’re bringing drugs. They’re bringing crime. They’re thieves. And some, I assume, are ____.""",
,"""This workplace has been 0 days without ____.""",
,"""What flight are you on?!?"" ""Flight ____, Sir!""",
,"""You have my sword."" ""And you have my bow."" ""And my ____!""",
,“____ victims should make the best of a bad situation.” – A wise man,
,“Give me liberty or give me ____!”,
,“I have ____.” - Dr. Martin Luther King Jr.,
,“I love the smell of ____ in the morning!”,
,"“I'm sorry, Mario, but our princess is ____.”",
,"“The pursuit of ____,” starring Will Smith.",
,"(Heavy breathing) Luke, I am ____.",
,(insert name) died when ____.,
,[POINT TO ANY PLAYER.] My friendship with this person is based entirely on ____.,
,[POINT TO THE PERSON TO YOUR LEFT.] I have this person to thank for introducing me to ____.,
,[POINT TO THE PERSON TO YOUR LEFT.] What is this person's guilty pleasure?,
,*RANDOM* Hand this card to another player and have them: MAKE A LOUD ANIMAL NOISE,
,*RANDOM* Hand this card to another player and have them: MAKE SILLY FACES FOR THIRTY SECONDS,
,*RANDOM* Hand this card to another player and have them: SING A SONG,
,*RANDOM* Hand this card to another player and have them: TELL A FUNNY STORY,
,*RANDOM* Hand this card to another player and have them: TELL A JOKE,
,#____ is trending on Twitter.,
,#1 topic discussed in your staff room ____.,
,★✰✰✰✰ Do NOT go here! Found ____ in my fettuccine alfredo!,
,★✰✰✰✰ Do NOT go here! Found ____ in my Kung Pao chicken!,
,$100? Highway robbery! For that much I'd expect ____.,
,1 out of 5 rishtas end in ____.,
,"1.5 million years ago, Dinosaurs were wiped off the face of the earth by ____.",
,16 people. 39 days of ____. One Survivor.,
,1998: that was the summer I learned the true meaning of ____.,
,"2 fish, 4 potato fritters, 1 scoop of chips and ____, crumbled if possible.",
,"2019, the year of ____ and ____",
,27 million would have been a cheap spend for a new flag featuring ____.,
,29 is the number of times I've ____.,
,4 out of 5 dentists recommend ____.,
,404 - ____ Not Found,
,Geo News is having a 3-hour segment on ____.,
,87 % of ____ believe in ____.,
,"9-1-1, what's your emergency?",
,98% of all ____ fail safety testing.,
,A ____ in the hand is worth two in the bush.,
,A 450 million year old fossil of ____ scientists didn't know existed.,
,A Bad Hombres' celebration always include ____.,
,A bird in the hand is worth ____.,
,A Student's guide to ____.,
,A Student's secret guilty pleasure.,
,A celebrity can get away with ____ but when I do it it's a federal offense.,
,"A CLUE mystery revealed: Miss Scarlet, with a ____.",
,"A curse upon thee! Many years from now, just when you think you're safe, ____ shall turn into ____.",
,A day in the life of a Bad Hombre has plenty of ____.,
,A Disney princess would never know about ____.,
,A donation has been made in your name to the Society for ____.,
,A dorm party isn't a dorm party without ____!,
,"A dozen red roses - $20, Limo service for the night - $800, ____ - Priceless.",
,A first rishta meeting with me would include ____.,
,A fortune teller said my life would be filled with ____.,
,A fun outing with my dad always included ____.,
,"A genie granted me three wishes, but I wasted them all trying to wish for ____.",
,A good solution for the Bad Hombres dilemma would be ____.,
,A horse! a horse! ____ for a horse!,
,A lesser-known story is about ____.,
,A magician never reveals ____.,
,"A Martian just landed on our planet. After seeing you ____, he thinks that's the way to say, ""Hello.""",
,A McDonald's employee was recently fired for placing ____ in children's Happy Meals.,
,A million dollars isn't cool. You know what's cool? ____.,
,A miracle cure is ____.,
,A nefarious source tells Geo News that the PM has his own secret plan to replace the Cabinet with ____.,
,A new adventure awaits at Magical Kingdom of ____!,
,A new poll shows that ____ is only 6 points ahead.,
,"A new Russian dash-cam video shows ____, right there in the middle of the street!",
,A night of fun must include ____.,
,"A picture is worth a thousand words, and so is ____.",
,"A publisher accepted ____'s book, ""1001 uses for ____.""",
,A reality series based on my life would be titled ____.,
,A recent study shows students get straight A's after being exposed to ____.,
,A remarkable new study has shown that chimps have evolved their own primitive version of ____.,
,A romantic evening would be incomplete without (a/an) ____.,
,A school play starring ____.,
,A single death is a tragedy; a million deaths is ____.,
,"A Soldier-inspired musical, you say? What's the theme?",
,A spoonful of ____ helps the ____ go down.,
,A study published in Nature this week found that ____ is good for you in small doses.,
,"A superior officer approaches. You salute and say ____, and they respond with ____.",
,"A thoughtful present for a deaf,blind and downs syndrome baby is ____",
,A trip to Mexico can make you so happy because of ____.,
,A true friend is someone who ____.,
,A typical family dinner would be incomplete without ____.,
,A visit to the in-laws is never complete without ____.,
,A vote for Imran Khan is a vote to Make Pakistan ____ Again.,
,A vote for me is a vote for ____.,
,A wild ____ appears! You used ____! It's super effective!,
,A wildly inappropriate gift that I received from my boss:,
,"A wise man once said, “What doesn't kill you makes you ____.” I stand before you today as living proof that this is true.",
,Absence makes the heart grow ____.,
,"According to a new poll, 57 percent of people support ____.",
,"According to my doctor, I have a problem with ____.",
,"According to recent polls, 76% of Democrats are voting in support of ____.",
,"According to the international best seller Breaking Up With Your Boat Boo, ____ is the #1 way to cope with your loss.",
,"According to this personality quiz, you're the friend who's most likely to be ____.",
,"According to The PM, he's ""strongly into Iman and religion."" But only sort of into ____.",
,"According to The PM, the government can take away your home, but not your guns or ____.",
,"According to your permanent profile, you can no longer be in the vicinity of ____.",
,Bad trips always start with ____ & end with ____.,
,PIA guidelines now prohibit ____ on aeroplanes.,
,Action stations! Action stations! Set condition one throughout the fleet and brace for ____!,
,Actions speak louder than ____.,
,Admit it. You would like to spend the night ____ with at least one person at this table.,
,Adulting is like ____ mixed with ____.,
,Adulting is stressful. At least as a child I was ____.,
,Affordable healthcare's not the answer. Only ____ can end the epidemic.,
,"After ____, I don't take anything for granted.",
,"After ____, the elevator ride got really uncomfortable.",
,"after 24 hours in labor, my wife grabbed the nurse by the throat and yelled ____",
,After a long and secret battle with ____. Larry King sadly passed away this morning.,
,"After a long day, ____ relaxes me.",
,"After a long day, don't you just want ____.",
,"After a long day, nothing feels as good as ____.",
,"After a night of fun, I found ____ in my back pocket",
,After a week long binge of biryani and nihari I woke up with a tattoo of ____!,
,"After announcing ____ as their new model, Khaadi stock soared to a never before seen high.",
,After attending Food Street I frequently enjoy ____.,
,"After being crowned King or Queen, your first reception is interrupted by ____.",
,"After blacking out during New Year's Eve, I was awoken by ____.",
,"After climate change, what is the worst ecological concern today?",
,"After graduating from LUMS with ____, I'm now qualified to do ____.",
,"After the floods, Shahid Afridi brought ____ to all the people of Sindh.",
,"after I confessed, the priest told me ____",
,"After its unsuccessful campaign, the Secession Movement has shifted its focus to separating ____ from ____.",
,"after The PM performed his first U-turn, he turned to the crowd and proclaimed ____",
,"After last night's debate, we were shocked to find out that Trump supports ____.",
,"After learning about the rampant use of ____ within the Navy, you quickly decide against re-enlisting.",
,"after learning Darth Vader was his father, Luke said ____",
,"after my grandma passed gas, she learned over to my grandpa and said ____",
,After my parents abandoned me I was raised by ____.,
,"After numerous reports of Marines falling ill, the VA has reluctantly that ____ causes unpleasant illness.",
,"After phasing out orca shows, SeaWorld is now attracting customers with ____.",
,After President Trump gets done beheading top-bracket tax rates? Say goodbye to ____.,
,After reading Stephen Hawking's latest theory of ____ I curled up into a corner and cried for three days straight.,
,"After smoking too much weed, I thought I was being chased by ____.",
,"After stomping Indian spy into the dirt, Major Aziz celebrated his victory with ____.",
,"After surviving cancer, i really want to make the most of my life by ____.",
,"After taking on the Buffalo School Board, Carl Paladino takes on ____.",
,"after telling me she was pregnant, I told my wife ____",
,After the birth I'm gonna have to ____.,
,"after the crash, the cop picked up the driver's phone and the last text message said ____",
,"After the drought, Marc Lottering brought ____ to the people of the Orania",
,"After the drought, Mark Lottering brought ____ to the peopel of Orania.",
,"After the earthquake, Sean Penn brought ____ to the people of Haiti.",
,"After the end of my last relationship, i decided to take an interest in ____ to get over things",
,"After the final book was published, J.K. Rowling confirmed that Dumbledore was ____.",
,"After the Ice Boom was removed, ____ was floating down the Niagara River.",
,"After the NYSE delisted Trump Hotels in 2004, you could buy 1000 shares with ____.",
,"After the school bell rings, ____ is the one thing I want to do.",
,"After the show it’s the afterparty, and after the party it's ____.",
,"After the spring thaw, we found ____ buried under the giant snowdrift.",
,"After Trump defunds Planned Parenthood, low-income Americans can still rely on ____ for birth control.",
,"After Trump repeals every word of ObamaCare, he's replacing it with a luxury golf course and ____.",
,"After trying to sell his/her favourite ____ on eBay™, ""Insert Name"" decided to give it his/her grandmother.",
,"After viewing our reflection in a mirror, I thought: ____.",
,"After work, I like to spend time decompressing with ____.",
,"After years of searching, we finally found the Lost City of ____.",
,"After years of study, I finally received my doctorate in ____.",
,"After years of work, I finally present to you my autobiography, A Life of ____.",
,"Afterward, I realized having my grandmother over for ____ on her birthday may not have been the best idea I've ever had.",
,Aggressively bidding online for ____.,
,"Ah, excuse me, waiter, I see that the restaurant offers ____. Is that gluten-free?",
,"Ah, High School. A place for ____ and ____.",
,Ah! Your rival! What was his name again?,
,Ahhh ____! Toodle pip!,
,"AHOY, Seaman! Welcome to the Cutter Midgett! Prepare for a nonstop onslaught of ____.",
,Ain't it nifty? Barb and Bob hit 50! So get off your ass and raise a glass to 50 years of ____.,
,Ain't no party like a Catholic party because a Catholic party has ____.,
,Ain't no sunshine when she's ____.,
,Air Force incompetence is getting so bad that the brass are starting to blame ____ on the lack of discipline.,
,"Air New Zealand has released their latest safety video, featuring ____, ____ & ____.",
,Airport scanners are really looking for ____.,
,Airport security guidelines now prohibit ____ on airplanes.,
,"Airport security is totally out of control, on his/her last vacation ""Insert Name"" was stopped for having ____.",
,Al Gore invented ____,
,"Alex, I'll take ____ for $200",
,"Alexa, add ____ to my shopping list.",
,"Alexa, why does my breath smelll like ____",
,All classes today are cancelled due to ____.,
,All compromise is based on give and take. But there can be no give and take on ____.,
,All day I dream about ____.,
,All dogs go to ____.,
,"All hands, brace for ____!",
,All I want for Eid is a day without ____.,
,All I want for my birthday is ____.,
,All of my friends agree. I would be so much better if it were not for ____.,
,All that and a bag of ____.,
,"All the world's a stage, and all the men and women merely ____.",
,All we are saying is give ____a chance.,
,"All women flirt with me, consciously or unconsciously, thinking about ____.",
,All you need is ____.,
,"Along with his ""very good brain,"" who or what else will make up Trump's Cabinet?",
,"Along with millions of so-called paid protesters, what else is fueling the Trump Economy?",
,"Along with something borrowed and something blue, be sure to take ____ with you down the aisle.",
,"Along with sticks, weeds, and discarded panties, what will you find at Donald J. Trump State Park?",
,"Alright everybody, HOLD! Kelly, why is there ____ on my stage?",
,"Alright, I'm done with ____. It's time for ____.",
,Alternative medicine is now embracing the curative powers of ____.,
,"Although ____ is authorized, it is strongly discouraged.",
,"Although ____ provided excellent results, the ethics committee has decided that the practice can no longer continue.",
,Alton Towers have announced their new roller coaster will be called ____.,
,"Always a bridesmaid, never ____.",
,"Always blow on ____, Safer communities together!!",
,Am I the only one to admit that I hate ____?,
,Am I… ____?,
,"Amazingly, Japanese toy manufacturers have managed to make ____ irresistibly cute.",
,Amazon just announced that it is partnering with the U.S. Air Force to deliver ____ to your doorstep.,
,Amazon Prime membership now includes ____.,
,"AMC's new spin off, ____ The Walking Dead.",
,"Amelia Earhart didn't die flying a plane, she is living on an island surrounded by ____.",
,America is hungry. America needs ____.,
,America's Navy: A Global Force for ____.,
,American children are too spoiled and lazy to appreciate ____.,
,An abandoned grain elevator filled with ____ would be a good time.,
,An abundance of ____ is always the first sign of spring.,
,An angry riot broke out on campus were triggered by a speech made by ____ about ____.,
,An apple a day keeps ____ away.,
,"An apple a day keeps the doctor away, ____ keeps the rapists away.",
,An engagement ring is a beautiful symbol of ____.,
,An enormous statue commemorating ____ was erected in front of the Lee Harvey Oswald School of Marksmanship Excellence.,
,A Hum TV Original Series: ____.,
,An executive order will be issued calling dibs on ____.,
,An nonconsensual ____ during a game of league.,
,An ounce of ____ is worth a pound of ____.,
,An unconsentual ____ during a game a league.,
,"An unexpected slowdown in traffic on the 33, obviously caused by ____.",
,An upcoming social event just got canceled. How are you celebrating?,
,Ancient Chinese proverb say: ____ is just ____ without ____.,
,And all because the lady loves ____.,
,"And for my final wish Genie, I want you to make me the master of ____.",
,"And for my next magic trick, I will pull ____ out of a hat!",
,And here we see the alpha male of the species uses ____ to entice a mating partner.,
,"And here we see the aunty in her natural habitat, angrily commenting about ____ on her Facebook page.",
,"And in the end, the dragon was not evil; he just wanted ____.",
,"And now, from PTV in Islamabad, it's ""____ with Tariq Aziz.""",
,"And on the 8th day, Allah created ____, and it was good",
,And that's the last time I buy ____ off OLX.,
,And the Pakistani Entertainment Award for ____ goes to ____.,
,And they'll know we are Pakistanis by our ____.,
,And what do we say to the Angel of Death?,
,Angelina Jolie will now be special envoy for ____.,
,Anonymous's next target? ____.,
,Ant Mcpartlin has released his new book entitled ____,
,Anthropologists have recently discovered a primitive tribe that worships ____.,
,Any movie can be improved by the presence of ____.,
,Anyone else surprised the Nobel Prize for ____ went to ____ this year?,
,Anyone who knows me knows that I love ____.,
,Anything about ____ has to be educational.,
,Aply liberally three times a day to reduce ____.,
,"Apple just announced that in the next iPhone update, they’re replacing Siri with ____.",
,Apple® has announced a new device that promises to revolutionize the way we think about ____.,
,"April is ""The Month of the Military Child."" What are you doing to celebrate?",
,Afridi responds to ____ with ____.,
,KFC: We Have ____.,
,"Are you thinking what I'm thinking, B1? I think I am, B2: it's ____ time!",
,"Meera is unattractive, both inside and out. I fully understand why her former husband left her for (a) ____. He made a good decision.",
,Art isn’t just a painting in a stuffy museum. Art is alive. Art is ____.,
,"As a birthday treat, nothing can top ____ dipped in ____.",
,"As a businessman, The PM is best known for ____.",
,"As a feminist, I cannot support ____.",
,"As a huge fan of Maula Jutt I'm a bit disappointed with the film's casting, I've always pictured ____ as Maula Jutt.",
,"As a kid, I spent my hard earned allowance on ____.",
,"As a kid, I was afraid ____ was hiding under my bed.",
,"As a parent, I get excited about ____.",
,"As a practical joke, we switched grandma's heart pills with ____.",
,"As a show of loyalty to Pakistan, every foreign visitor must burn a science book and pledge allegiance to ____.",
,"As a small child, I used to feed my goldfish ____.",
,"As a staunch libertarian, I believe the only role for government is ____.",
,"As a rickshaw driver, I have one rule: No ____.",
,"As a tuition teacher, I was shocked the first time I caught my students ____.",
,"As a Youth Development Volunteer, I spent all day teaching children about ____.",
,"As Quaid-e-Azam famously declared, ""The first casualty in the War on the Media is the truth. The second is ____.""",
,"As always here at TED, we've saved the best for last. Please give a very warm welcome to ____, here to give us an extra long, five-hour talk on how to deal with ____.",
,"As far back as I can remember, I always wanted to be ____.",
,"As first female PM, I am legalizing ____.",
,"As long as my kid doesn't grow up to be ____, I'm happy.",
,"As my New Year's resolution, I vow to give up ____.",
,"As of today, all local staff will be paid in ____.",
,"As part of his contract, Atif Aslam won’t perform without ____ in his dressing room.",
,"As part of its hazing process, the senior students forced the juniors to try ____.",
,As PM the hardest task is dealing with ____.,
,"As PM, I would include a policy on ____.",
,"As PM, Imran Khan promises to take Iran's oil, return Afghanistan's Afghans, and ____.",
,"As PM, Imran Khan will create a new holiday that celebrates ____.",
,"As Teddy Roosevelt said, the four manly virtues are honor, temperance, industry, and ____.",
,"As the mom of five rambunctious boys, I'm no stranger to ____.",
,"As the self-described ""king of debt,"" The PM ruled over a magnificent empire of failed housing societies and ____.",
,"As First Lady of Pakistan, she will be an outspoken advocate for ____.",
,"As your commanding officer, I order you to perform ____ for my amusement.",
,Ask not what your country can do for you; ask what you can do for ____.,
,Ask your doctor if ____ is right for you. Side affects may include: ____.,
,Asking the hotel manager to arrange ____ for your room.,
,Asking your blind date if they also like ____.,
,"Astronomers have discovered that the universe consists of 5% ordinary matter, 25% dark matter, and 70% ____.",
,"At 8 months pregnant, mom should do (or have) a lot of ____.",
,"At a parent teacher conference, your teacher confessed you have a serious problem focusing on ____.",
,"At a work meeting, I suggested shifting our core competencies away from web-based monetization and toward ____.",
,"At a Mehndi, ____ is not only allowed, it's encouraged.",
,"At first I was afraid, I was petrified / kept thinking I could never live without ____.",
,"At his inauguration, The PM confirmed that deporting ____ is his #1 priority.",
,"At Bani Gala, The PM imports foreign dishwashers because he can't find Pakistani workers with ____.",
,"At cadet college in the 1960s, The PM won medals for neatness and ____.",
,At my command SUPARCO will have to shoot ____ into space.,
,"At my father's funeral, I put ____ in the casket with him.",
,"At my last Dholki, there was so much ____, I ____ (ed).",
,"At my last physical, the doctor told me I need to cut back on ____.",
,At night when I close my eyes ____ occupies my thoughts.,
,"at Eid, I hugged my father-in-law and whispered ____",
,"at the Eid party, my boss whispered ____",
,"At the city council meeting this month, we will talk about ____.",
,"At the end of the day, my underwear is so ____ in the front and ____ in the back.",
,"at the end of the night, my rishta date anxiously blurted out ____",
,"At the end of the night, the venue smelled like ____.",
,"At the next home game, the first 1,000 attendees will get commerorative ____ bobble head.",
,"at the royal wedding, the Queen was overheard teling Kate Middleton ____",
,"At the Food Street, you can buy deep-fried ____.",
,"at the urinal, the guy next to me looked down and said ____",
,"At PC Bhurban, room service will bring you a ""PC Supreme"" pizza where every square inch is topped with ____.",
,"At Agha Khan University Nursing College, aspiring caregivers learn all about ____.",
,"At SUPARCO, satellites designed to monitor ____ are now being launched into low Earth orbit.",
,"At work, I've managed to get this far with only ____.",
,Attempting to explain to your Dad why you were ____ in the garden shed.,
,Attention students. This is the Principal. Please remember that we do not alow ____ in the hallway. Thank you.,
,"Audiences at Alhamra were traumatized by the controversial new film, ""____.""",
,Aunt Mary bored us for hours by showing us hundreds of photos of ____.,
,Authorities were baffled when they found out the killer was actually ____ all along.,
,"Aw babe, your burbs smell like ____.",
,"Aw babe, your burps smell like ____!",
,"Awkward … I saw ""Insert Name"" with ____ on Saturday night.",
,"Awww, sick! I just saw this skater do a 720 kickflip into ____!",
,"Babe, come over, I'm ____.",
,Baby got ____.,
,"Baby I'm ____ on the streets, ____ in the kitchen.",
,"Back in college, my nickname was ____.",
,Back in my day ____ only cost a quarter.,
,"Back when ""Insert Name"" was a kid he/she had to work hard for his/her ____.",
,"Backers who supported Tabletop at the $25,000 level were astonished to receive ____ from Wil Wheaton himself.",
,Bad Hombres actually enjoy ____.,
,Bad Hombres' biggest weakness is ____.,
,Bankrupt governments around the world are turning to ____ to generate additional revenue.,
,Cricket's new drug scandal involves players hopped up on ____.,
,"Based on my experience, this could easily be fixed by ____.",
,"Be sure to pack ____ carefully when camping, it attracts bears.",
,Be wise as ____ and innocent as ____.,
,Beauty and the ____ is my favorite Disney movie!,
,Beauty and the ____.,
,"Because of my investment in Bitcoin, soon I'll be able to afford ____.",
,"Because you enjoyed ____, we thought you'd like ____.",
,Becoming transgender - the most attention seeking thing since ____,
,"Before 1 year of age, the baby should be careful to avoid ____.",
,"Before deciding on the EdgeWalk, the CN Tower is considered ____ as a new attraction",
,Before going to sleep I always check under the bed for ____.,
,"Before hot dogs, Kobayashi was the champion of devouring ____.",
,"Before I attend your dawwat, I must inform you: toys vore me, and I don't care for sweets. I prefer ____.",
,"Before I go to sleep, I always think about ____.",
,"Before I got laid off, I never pictured a career in ____.",
,"Before i kill you, Mr. Bond, i must show you ____.",
,"Before kids, I never thought about ____.",
,"before pulling the covers over her head, my girlfriend said ____",
,"Before they were teenagers, my biggest worry was ____, but now I fear ____.",
,Behind every successful man is ____.,
,"Behold the Four Horsemen of the Apocalypse! War, Famine, Death, and ____.",
,Being a good husband means ____.,
,Being accused of ____ at a work disciplinary.,
,Being asked to leave the art gallery for ____.,
,Being called into your managers office for ____ at the work Eid party.,
,Being Muslim is the best because of ____.,
,Being caught ____ by the library security.,
,Being concerned that the baba saw ____ in your future.,
,Being distracted by ____ at the side of the road.,
,Being married means having the freedom to embrace ____.,
,Being partners for life means embracing ____.,
,Being pregnant makes me want to ____.,
,Being The PM is easy. You just need ____.,
,Being reprimanded by the Headmaster for ____ when you should've been at school.,
,Being reprimanded by your boss for including ____ in your yearly objectives.,
,Being sold ____ by an aggressive salesman in the shopping centre.,
,Being the first country to give women the vote has resulted in ____.,
,Being unable to look your Dad in the eye once he's seen you ____.,
,Believe in ____.,
,Believe in the magic of ____.,
,Believe it or not Jim Carrey can do a dead-on impression of ____.,
,"Bentley's® latest ultra-high-end luxury sedan comes complete with ____, ____ and ____.",
,"Imran Khan. The messier his hair gets, the more powerful ____ becomes.",
,"Besides sticky napalm, what else is detrimental to kids in a war zone?",
,"Best you go back where you came from, now. We don’t take too kindly to ____ in these parts.",
,Bet I can give you ____!,
,Beware of Greeks bearing ____.,
,Beware of the ides of ____.,
,"Iqbal Park is much better than its original name, ""____ Park.""",
,"Bilal got so messed up at the last company holiday party, that everyone saw him ____.",
,AMIR LIAQUAT HERE FOR ____.,
,Maualan Tariq Jameel is lit because of ____.,
,Blaming ____ for all your money troubles.,
,Blood is thicker than ____.,
,"Bob Ross's little-known first show was called ""The Joy of ____.""",
,Bobby was suspended from high school when they found ____ in his locker.,
,"Bowing to years of pressure, the Lahore Qalandars have officially been renamed the Lahore ____.",
,BowWOW! is the first pet hotel in Lahore that offers ____ for dogs.,
,Box of diapers: $40. Food for the week: $200. ____: priceless.,
,Boys are so good at ____.,
,Boys remind me of ____.,
,"Brace yourselves, ____ is coming.",
,Breaking News: Geo News Reports that The PM has been removed by ____ for his actions in/on ____.,
,Loan from IMF won`t solve the economy but ____ will.,
,Bringing up ____ on a first date is a terrible idea. I know from experience.,
,Khaadi sale! 50% off of ____,
,"Brown bear, brown bear, what do you see?",
,Browsing for a new outfit for ____ this weekend.,
,Bruno Mars should write a song about ____.,
,Karela tastes like ____.,
,Building up the courage to tell your partner about the time you were ____ to pay the bills.,
,"Business idea: like Careem, but for ____.",
,"But wait, there’s more! If you order ____ in the next 15 minutes, we’ll throw in ____ absolutely free!",
,"Buy one, give one should be reserved for ____.",
,Buying excessive amounts of ____ on $5 week.,
,Mangobaaz presents: 10 pictures of ____ that look like ____.,
,"By the age of four, male children already display a preference for ____.",
,"By the third date, most people expect ____.",
,"By the year 2025,it`s believed over 50% of the world will be ____.",
,"La-ho-ri girls, we're unforgettable / ____, dupattas on top.",
,Nida Yasir's TED Talk on plastic surgery is called ____,
,Pakistani universities now offer a degree in ____.,
,"Call me a bad parent, but the only way I can get my toddler to calm down is to give him ____.",
,"Call me a patriot if you will, but I believe in Truth, Justice and ____.",
,Call of Duty: Modern ____.,
,"Calm down, dear, it's only ____.",
,Campus police arrested me for public ____.,
,Can a woman really have it all? A career and ____?,
,Can we stop by the store? I need to grab ____.,
,Can you believe Nando`s have added ____ to their menu,
,Can you explain why we found ____ under your pillow?,
,Can you feel the ____ tonight?,
,Can you help me understand the connection between ____ and ____?,
,Can you pass the ____ to ____ already?,
,Can you please help me find my ____?,
,"Can you tell me how to get, how to get to ____?",
,Can you tell me the best way to bring ____ to the masses?,
,Can you tell me why the local aunties have been seen buying up ____?,
,Can't believe Nawaz Sharif put ____ on his pizza.,
,"Can't you see? The Establishment is behind everything-the banks, the media, even ____!",
,Cancel all my meetings. We've got a situation with ____ that requires my immediate attention.,
,Bar.B.Q Tonight really closed because of ____,
,Carte Blanche investegates ____.,
,Geo News investigates ____.,
,Monal is now offering a 2-for-1 Cliff diving and ____.,
,Cash strapped City Hall has decided to implement a tax on ____ immediately,
,Cat in the ____.,
,The Quran talks about ____.,
,Pakistani millenials are known for ____.,
,Pakistanis are tired of talking about ____ with non-Pakistanis.,
,CAUTION: ____ can be hazardous to your health.,
,Caution! ____ leads to ____.,
,"PTV presents ""____: the Story of ____.""",
,"Channel 4 presents ""____: the Story of ____.""",
,Geo's new reality show features eight washed-up celebrities living with ____.,
,Channel 5’s new reality show features eight washed-up celebrities living with ____.,
,"PTV is pleased to present its new variety show, ""Hey Hey It's ____.""",
,Charlie and the chocolate ____.,
,Shoaib Akhtar holds the record for ____ the fastest.,
,"Check me out, yo! I call this dance move ""____.""",
,Check out my new podcast about ____ and ____.,
,"Cherish the special moments, like ____.",
,Chief said if you finish ____ you can go home early.,
,Children should be seen and not ____.,
,Children these days don't appreciate ____.,
,Biryani: $5 Nihari: $8 ____: Market Price,
,Chocolate cake with ____ would be epic!,
,"Chocolate, flowers, and ____.",
,Choosey mothers choose ____.,
,Choosy moms choose ____.,
,"Chris Warner saying: ""Please tell me that is not ____.""",
,"Chris Warner saying: ""Please tell me that is not your ____.""",
,Junaid Jamshed's radical new perfume was inspired by the smell of ____.,
,Eid was ruined for me when my Uncle Larry got me ____.,
,CHUNGO FEEL SICK. CHUNGO NO LIKE ____ ANYMORE.,
,"Citing demographics, Sunday Magazine has replaced fashion with ____.",
,Civilians will never understand the joys of ____.,
,"Classic summer camp prank: while someone is asleep, put his hand in ____.",
,Cleaning while the kids are awake is like ____.,
,Click Here for ____!!!,
,Close only counts with horse shoes and ____.,
,Cloudy with a chance of ____.,
,CNN breaking news! Scientists discover ____.,
,"Code Three, request backup! I'm surrounded by ____!",
,Colleges should really start offering classes in ____.,
,"Lahoris know that when it smells like ____, it's going to rain.",
,Lahore's next big public art installation will depict ____.,
,"Come on, it's lovely weather for a/an ____ together with you.",
,"Come to Lahore for the ____, stay for the ____",
,Come with me on an adventure to the land of ____.,
,"Come with me, and I will show you a world of ____.",
,Comedy = Tragedy + ____.,
,"Coming soon from Pixar: ""____""",
,"Coming this fall, ____, starring Fawad Khan.",
,Coming this fall: garam masala ____!,
,"Coming this holiday season, Metal Gear Solid: ____.",
,"Coming this season, Samuel Beckett's classic existential play: Waiting for ____.",
,"Coming this spring from BioWare, Mass Effect: ____.",
,"Coming to Alhamra next season: ""____ on the Roof.""",
,"Coming to Bar.B.Q Tonight® this month, ____.",
,"Coming to the Art Council this season, ____: The Musical",
,"Coming to the Artscape this season, ____: The Musical.",
,"Coming to the cinema this year, ____: The Musical.",
,"Coming up on PTV Home: Shaan and Hamayun Saeed star in ""The Hunt for ____.""",
,comments you shouldn’t leave on an old picture of your ex,
,Computer dating services have brought together ____ and ____.,
,Computer! Display ____ on screen. Enhance.,
,Concerned about diabetes? Watch for symptoms like ____ and ____.,
,Confessing your love of ____ to your partners family when you first meet them.,
,Confessng to your parents you've been suspended from college due to ____.,
,Congratulations! It's a ____!,
,"Congratulations! You have been selected for our summer internship program. While we are unable to offer a salary, we can offer you ____.",
,Congratulations! You joined the Army! Get ready for ____.,
,The Senate approved a new retirement plan that replaces your pension with a lifetime supply of ____.,
,The President declared Marshal Law because of ____ & ____.,
,Parliament introduced the 30th Amendment guaranteeing every Pakistani the right to ____.,
,Consider including ____ in your vows.,
,Contemplating ____ takes up a lot of my prayer time.,
,Contravening workplace policy by ____ in front of your colleagues.,
,Controversy erupted when the Imam gave his blessing to ____.,
,Convince me to ____ using your magical powers of ____.,
,"Corruption. Betrayal. ____. Coming soon to Netflix, ""House of ____.""",
,Cover your eyes and count to ten while I ____.,
,Cowards die many times before their deaths; the valiant never taste ____.,
,Create your new unit motto: ____ and ____!,
,Creepiest ride ever: my Careem driver was ____.,
,Crikey! I've never seen ____ like this before! Let's get a bit closer.,
,"Critics are raving about HBO's new Game of Thrones spin-off, ""____ of ____.""",
,Crossfitters won't stop talking about a new exercise in their routine that involves ____.,
,Cry havoc and let slip ____!,
,"CTV presents ""____: the Story of ____.""",
,"K2's new tourism campaign: come for ____, stay for ____.",
,Cupid is known for this ____.,
,"Sadequain's ""The Last Supper"" contains a hidden image of ____.",
,Dad left the family when I was only a baby because of his desire to be ____.,
,Dad seems to never notice ____.,
,Dad shouldn't be playing with ____ like a toy.,
,Daddy drinks because I'm ____.,
,"Daddy, what made you divorce Mommy?",
,"Daddy, why does Mommy always call you ____ behind your back? That's because Mommy is ____, my dear.",
,"Daddy, why is mummy crying?",
,Daddy? What are you doing?,
,Daddy's worst nightmare.,
,Dammit Gary. You can't just solve every problem with ____.,
,"Dammit, I don't care what anyone thinks! I'm in love with ____.",
,Damn it feels good to be ____.,
,Damn it! I forgot the ____.,
,Dan Brown's latest novel explores the hidden symbolic meaning behind ____.,
,"Dance like there’s nobody watching, love like you’ll never be hurt, and live like you’re ____.",
,Darn right I'm running for PM and I'm taking ____ with me.,
,David Farrier uncovering a secret ____ ring.,
,David's secret weapon to defeat Goliath was ____.,
,Daydreaming about ____ is the only way to survive a boring class.,
,Daydreaming about buying ____ when you get rich.,
,Lollywood is really scraping the bottom of the barrel with the new Batman movie. They're calling it Batman: ____.,
,"Dear Abby, I'm having some trouble with ____ and would like your advice.",
,"Dear Agony Aunt, I'm having some trouble with ____ and I need your advice.",
,"Dear Agony Aunt, I'm having some trouble with ____ and would like your advice.",
,"Ya Allah, if I promise to start ____ will you let me into Jannah?",
,"Dear Parliament, before cutting the military budget, you might want to think about ____.",
,"Dear Diary, my parents have no idea I spent the day ____.",
,"Dear PM, you are so great at ____.",
,"Dear Aamir Liaquat, I'm having trouble with ____ and would like your advice.",
,"Dear Mom and Dad, Camp is fun. I like capture the flag. Yesterday, one of the older kids taught me about ____. I love you, Casey",
,"Dear Parent, we regret to inform you that ""Insert Name"" will no longer be allowed on school property after he/she involvement with ____.",
,"Dear Santa, All I want for Eid is ____. Love, Don PS, Give The PM ____.",
,Dear Santa. All I want for Eid this year is ____.,
,"Dear Substitute Teacher, could you please stop ____?",
,"Dear Teacher, instead of giving us a math test, can we spend the time ____?",
,"Dear, your father and I found ____ and ____ in your bedroom. I'm shocked, and frankly just a little disappointed.",
,"Dearly beloved friends, we are gathered here to join together these two persons in ____.",
,Deck the halls with boughs of ____.,
,"Delirious from ____, a cackling Patrick Etheridge once exclaimed, ""You have to go out, but you don't have to come back!""",
,Demand that disgruntled longshoreman ____.,
,Denying the school-wide rumour that you were ____.,
,Describe the Army with one card.,
,Describe your Air Force career with one card.,
,Describe your military career with one card.,
,Describe your time in the Navy with one card.,
,Describing ____ as the highlight of your year during a birthday speech.,
,Metro Bus: ____ for the children.,
,"Despite overwhelmning scientific evidence to the contrary, some people still believe that vaccines cause ____.",
,"Despite what I've been told, ____ is not a crime in Pakistan",
,"Deviating from his usual landscapes, Jimmy Engineer painted ____ in his most recent episode.",
,Diary of a wimpy ____.,
,"Bilal and Ayesha smoke sheesha, and then ____.",
,Zardari was hiding ____ under his shirt.,
,Did not enjoy ____. One star.,
,Did you even know that ____ invented ____?,
,Did you hear about the new boy band? They are called ____ on the Block.,
,Did you hear that? I think it was ____.,
,"Did you just hear ""Insert Name"" just say he/she was going to eat ____?",
,Did you know? Our college was recently named the #1 school for ____!,
,Did you read the Scary Mommy blog post about ____?,
,Did you see the last episode of Hoarders? ____ had the biggest collection of ____ I ever saw!,
,"Did you see? ""Insert Name"" accidentally posted a picture of themselves doing ____ on Facebook™.",
,"Directed by Shoaib Mansoor, the unnecessary sequel to Khuda Kay Liye is basically three hours of ____.",
,Disabled children. They never say no to ____.,
,Disney Presents: ____ on ice!,
,Disney's experimental amusement park centered around the theme of ____ was a colossal failure.,
,Distracting the band by ____ in the front row of the concert.,
,Distracting the fitness instructor by ____ during the class.,
,Do not ____ on my parade.,
,"Do not go gentle into that good night. Rage, rage against ____?",
,"Do the Bhangra, get ____.",
,Do what?,
,"Do with me what you want, Pakistan does not negotiate with ____.",
,Do you lack energy? Does it sometimes feel like the whole world is ____ ? Ask your doctor about Panadol.®,
,Do you suffer from ____? Find instant relief with ____.,
,Do you want liberty secured?!? Because ____ is how you get liberty secured!,
,Do you want to join my band? It's called ____.,
,"Doc, it burns when I pee. Could it be because ____?",
,"Doctor, you've gone too far! The human body wasn't meant to withstand that amount of ____!",
,DOCTOR: What seems to be the problem? YOU: ____.,
,Does a bear ____ in the woods?,
,Does anybody wanna play ____?,
,Domestic Violence is not ok! But it is okay to ask for ____.,
,Cheezious now sell a pizza with two great toppings ____ and ____,
,Don't be silly! Of course I can ____.,
,"Don't blame me, I voted for ____.",
,Don't bother ____ if you can't handle ____.,
,Don't Google ____. You're gonna regret it.,
,Don't smoke hash! Instead you should ____.,
,Don't hate me because I'm ____.,
,Don't hate me because I'm beautiful. Hate me because I'm ____.,
,Don't judge me because of ____.,
,Don't judge me too hard -- I voted for ____.,
,Don't judge me when I want to ____.,
,"Don't miss Nida Yasir's hit new show, Cooking with ____.",
,Don't talk to me before I've had my morning ____.,
,Don't talk to me in the morning until I have my first cup of ____.,
,Don't tease me about ____. It's a very sensitive subject.,
,Don't tell Daddy about ____.,
,Don't try teaching your Grandma to ____.,
,Don't worry about ____. This isn't my first rodeo.,
,"Don't worry, ____ is not as hard as it seems.",
,"Don't worry, millions of South Africans have issues with ____.",
,"Don't worry, officer, I'm just ____.",
,"Don't worry, Penny! Go Go Gadget ____!",
,Don't you just hate it when ____ has the consistency of ____?,
,Don`t fear failure fear ____,
,Don`t get mad get ____,
,The PM eats ____ for breakfast.,
,The PM has nominated ____ for his VP.,
,The PM is changing the name of Air Force One to ____,
,"Donald Trump Is sometimes known by his vigilante alter ego: ""____: Destroyer of ____!""",
,Donald Trump is working to quit his ____ habit.,
,Donald Trump keeps his hair lustrous by rubbing ____ deep into his scalp.,
,Donald Trump keeps tweeting about ____.,
,Donald Trump often calls Ivanka just to tell her ____,
,Donald Trump's first act as presidnet was to outlaw ____.,
,Donald Trump's Twitter was taken away when he tweeted ____,
,"Donna, pick up my dry cleaning and get my wife something for Eid. I think she likes ____.",
,Dora the Explorer® found herself in over her head when she discovered ____.,
,Doubting Thomas wished he was known for ____.,
,Douglas Munro posthumously received the Medal of Honor for extraordinary heroism in the face of ____.,
,"Dreidel, Dreidel, Dreidel, I made it out of ____.",
,"DRILL SERGEANT: What the hell are you doing, private? PRIVATE: Sir, ____, sir!",
,Drip ____ on my ____.,
,"Drop the kids off, call in sick, then hurry home to enjoy ____.",
,Drunk Me bought ____ online. Sober Me says thanks!,
,Drunk texting your landlord pictures of ____.,
,Drunkenly confessing your obsession with ____ to your best mate.,
,Drunkenly getting a tattoo of ____ on a wild night out.,
,"Dude, do not go in that washroom. There's ____ in there.",
,"Dude, it's a ____ cheer up!",
,"Dude, where's my ____?",
,Dude! Let's ____.,
,"Due to a clerical error, ____ is still legal in Mississippi.",
,"Due to a PR fiasco, Walmart no longer offers ____.",
,"Due to a PR fiasco, Woolworths no longer offers ____.",
,"Due to an ""incident"" our next safety and security training will be on ____.",
,"Due to falling petroleum prices, Houston families have begun to invest in ____.",
,"Due to George R.R. Martin's persistent writer's block, HBO is now developing a new fantasy epic: Game of ____.",
,"Due to heightened security, please have ____ out and ready for inspection.",
,"Due to the monetary success of their recreational marijuana program, Colorado official are now considering the legalization of ____.",
,"Duh, of course I know what the spleen does. It's for ____.",
,"During a math test, I like to think about ____.",
,"during communion, the priest gestured to the altar boy and said ____",
,"During delivery, I would like to think about ____.",
,"During foreplay, I close my eyes and visualize ____.",
,"During his childhood, Salvador Dali produced hundreds of paintings of ____.",
,"During his short-lived boxing career, the Boxer fought under the name Sultan ""____"" Rahi.",
,"During lengthy sessions of ""hurry up and wait,"" I enjoy ____ to help pass the time.",
,"During my first game of D&D, I accidentally summoned ____.",
,"During my job interview, I was asked my strengths, so I told them about my talent for ____.",
,During my last dominatrix relationship we always used ____ as our safe word.,
,"During my last physical, my doctor told me to never again ____.",
,"During Picasso's often-overlooked Brown Period, he produced hundreds of paintings of ____.",
,"During the 1914 Eid Truce, soldiers of both sides come together to enjoy ____.",
,"During the 1965 War, Major Aziz Bhatti defended the nation against ____.",
,"During the rishta meeting, I found out that he really likes ____ and ____ at the same time. I'm NOT okay with that.",
,During the family vacation I found a ____ washed up on the beach.,
,"During the first aid training ""Insert Name"" learned to use ____ to save lives.",
,"During the full moon, I get the instiable urge for ____.",
,during the interview I couldn't stop thinking ____,
,"During the lunch meeting, we were shocked to hear the boss reveal her obsession with ____.",
,During the next debate I'm going to keep focus on ____.,
,"During work, my mind usually wanders to ____.",
,Duuuuuuude. You have got to go to space. ____ is awesome in space.,
,Each freckle is a soul that a ginger has ____.,
,"Earth! Fire! Wind! Water! ____! By your powers combined, I am Captain ____!",
,"Eat the rich, but spare ____.",
,"Eat your ____, child.",
,"Eat, sleep, ____, repeat.",
,Eating ____ makes me stronger.,
,Ebola was eradicated by injecting ____ with ____.,
,"Eenie, meenie, miney, ____.",
,"Akkad, bakkad, bambay bo. Assi nabay ____.",
,EEWWWW! There is ____ in my shoes.,
,Elect me school president and I will get rid of ____ forever!,
,"Embrace the suck, boot! Pain is just ____ leaving your body.",
,Enough. I tire of ____.,
,The PM + ____ = an embarrassing international incident.,
,Entertaining attendees with a story about ____ during the funeral service.,
,Ernest Rutherford is famous for splitting open ____.,
,PTV Sports is now broadcasting the new sport: Major League ____.,
,Even a political cartoonist wouldn't dare to make light of ____.,
,"Even if you've only met me one time, you would associate me with ____.",
,Even Edhi Sahab can't help ____.,
,"Eventually, every little boy suffers the torment of finding his mother's hidden stash of ____.",
,"Ever heard of the secret menu? Try going to McDonald's and ordering ""____"". It works, I swear!",
,"Ever since ____, my life has gotten so much busier.",
,"Ever since ""the incident,"" every time I close my eyes, I still see ____.",
,"Ever since the explosion, every time I hear a loud noise I think of ____.",
,Every Pakistani girl's dream.,
,"Every Eid, my uncle gets emotional and tells the story about ____.",
,"Every day, I'm grateful for ____.",
,Every kiss begins with ____.,
,Every Pakistani knows what comes next: Dil Dil ____,
,Every night I say a little prayer for ____ on Earth.,
,every now and then I secretly wish my husband would say ____,
,"Every Sunday ""Insert Name"" goes to market to sell ____, and every time comes home with Magic Beans.",
,"Every Sunday, a couple of Tableeghi Jamaat bang on my door to ask if I want to talk about ____. I say yes every single time. Who wouldn't?",
,"Every time a bell rings, an angel gets ____.",
,every time I look at a cucumber I think ____,
,"Every time I sneeze, ____ comes out of my nose.",
,"Every Tuesday, I purchase a box of jalebi. I sit on the roof. I eat the jalebi. I remember ____, and I cry.",
,Every wedding toast should include at least one mention of ____.,
,Every woman knows what it's like to be called ____ while walking down the street.,
,"Every young boy dreams about ____, but only a few will get to experience the glory.",
,"Everyday has 86,400 seconds. And I'm always a second away from ____.",
,Everyday I dress up like ____.,
,Everynight before bed I always ____.,
,"Everyone agrees, my absolute best quality is ____.",
,everyone at the wedding gasped when the best man said to the bride ____,
,Everyone gets a Nishan-e-Haider! Just be within 50 meters of ____ and you qualify.,
,Everyone I know is talking about ____ but I'm pretty sure it's wrong.,
,Everyone is staring at you because you're ____.,
,Everyone knows that I'm trustworthy because I have ____.,
,Everyone loved the wedding cake until it was revealed it was modeled on ____.,
,"Everyone thinks I'm all about ____, and for the most part they're right.",
,"Everyone wonders if ""Insert Name's"" mom was ever involved with ____ when she was in her prime.",
,Everyone’s favorite new third-party JorBox expansion: ____ Against ____.,
,Everything is awesome! Everything is cool when you're part of ____!,
,Everything is negotiable except ____.,
,Everything's a complete mess but I'm still ____ so I guess it's okay.,
,Ew. Taste this. Doesn't it taste like ____?,
,Eww! Gross! ____!,
,Ewwwww the chow tastes funny again! I bet the cook slipped ____ into it!,
,Excitedly replying to spam emails which offers ____ for free.,
,"Excuse me, waiter. Could you take this back? This soup tastes like ____.",
,Experiencing ____ for ten minutes really changed my perspective on everything.,
,Experts agree: The global financial crisis was caused by ____.,
,Experts have warned us that the ____ pandemic is inevitable.,
,"Experts say that without careful management and conservation, ____ will disappear within our lifetimes.",
,Exposure to ____ scarred me for life.,
,FACT: ____ causes ____.,
,Failed startup NayaPakistan.com was supposed to help people get better deals on ____.,
,Geo News is finally investigating ____'s relationship with ____,
,"Fans were shocked when it was announced that in the next movie, besides being Batman, Bruce Wayne is also ____.",
,Fantasising about ____ to help you get through another pointless work meeting.,
,Fast food restaurants have decided to add ____ to make kids meals healthier for kids.,
,"Forgive me, for I have ____.",
,FIA just released a list of the biggest national security threats: 1. Smugglers 2. Money Launderers. 3. ____.,
,Fear is the path to the dark side. Fear leads to anger. Anger leads to hate. Hate leads to ____.,
,Fear leads to anger. Anger leads to hate. Hate leads to ____.,
,Feeling nostalgic when you remember ____ from your childhood.,
,Feeling so grateful! #amazing #mylife #____.,
,"Few remember Nusrat Fateh Ali Khan's lesser-known qawwali, ""Ode to ____.""",
,Finally opening Nawaz Sharif's 'little black box' just to find ____.,
,"Find a ____ and pick it up, and all the day you'll have good luck.",
,"Find a guy who ruins your ____, not your mascara.",
,Finding ____ in your bed the next morning.,
,"First comes love, then comes marriage, then comes ____.",
,FIRST LOOK: Bata drops hot new chappals designed exclusively for ____.,
,"First there was a war on drugs, then a war on terrorism, what we really need is a war on ____.",
,"Five, four, three, two, one…. ____!",
,Flashing web pages force you to love ____.,
,"Float like a butterfly, sting like ____.",
,Pindi boy tragically dies when ____.,
,Fluoridation was the first step. Next in our water: ____.,
,Folks over at Miniso are rolling out a new kind of bear that will be stuffed with ____.,
,Follow the ____ brick road.,
,Follow the Army Band on Twitter @____.,
,Foodpanda riders are always pissed off. ____ doesn't even make them happy.,
,"Fool me once ____ me, fool me twice ____ you.",
,"For ""Insert Name's"" magic trick next he/she will pull ____ out of a hat.",
,"For ""Insert Name's"" next magic trick, he/she will pull a ____ out of a hat.",
,"For 50% of the people involved, ____ is hilarious.",
,"For an Eid meal your family will be talking about all year, try stuffing the dumba with ____.",
,"For a unique baby shower activity, try ____.",
,"For every $1 that men receive, women receive ____.",
,"For every magazine subscription I sell, I've been promised ____ by ____.",
,For the Eid party I dressed as ____.,
,"For her birthday, I surprised my begum with ____. We haven't spoken since.",
,"For hunting in the Royal forest, I hereby sentence you to death by ____.",
,"For me, ____ is a dealbreaker.",
,"for my best friend's dholki, we all wore shirts that said ____",
,For my birthday ____ jumped out of my cake.,
,"For my birthday, my mom gave me a year's supply of ____.",
,"For my OLX ad, I wrote that you must be ok with ____.",
,"For my last romantic rishta meeting, I scored big points by suggesting we first ____.",
,"For my turn, I will spend four gold and allocate all three workers to ____.",
,For only Rs. 2000 plus shipping and handling you can get ____ delivered right to your door.,
,"For only 100 rupees a day, you can provide a child in Thar with ____.",
,"For such a ""know-it-all"" tween, they were not ready for ____.",
,"For the crime of treason, I sentence you to a slow and torturous death by ____.",
,"For the price, you’d think a self-driving car could also include ____.",
,"For the Science Fair, I made ____.",
,"For your crimes against the people, I hereby sentence you to ____.",
,Foreign Policy? You mean ____.,
,Forget chocolate and peanut butter… try ____ and peanut butter instead!,
,Forget Maula Jutt... Give me Fifty Shades of ____!,
,"Forget the chicken and the egg, which came first-- ____ or ____.",
,Forgive me I have sinned. It's been one week since my last ____.,
,Forgive me I have ____.,
,"GHQ is known as ""The Great Place"" because it provides Soldiers with an endless supply of ____.",
,Fortune cookie says: Nothing is impossible if you have ____.,
,Fossil evidence shows that ____ existed before humanity.,
,Four out of five dentists can't be wrong! You should try ____.,
,"Four score and seven years ago, Pakistanis wanted to ____.",
,"Fourscore and seven years ago, our fathers brought forth on this continent ____.",
,Free trade is terrible. Free trade can be wonderful if you have smart people in office. But we have ____.,
,Freedom. Markhor. ____. PAKISTAN!,
,Friday's safety brief warns Jawans to avoid ____.,
,Friday's safety brief identified ____ as the greatest threat to Soldiers.,
,Fridays this fall: CID: ____.,
,Friendly fire or ____; I don’t know what's worse.,
,Friends don't let friends try ____.,
,Friendship is all about ____ together,
,Lays® just announced that the flavor of the mystery Masala® was actually ____.,
,"Frog legs don't taste like chicken, the taste like ____.",
,"From now on for visiting dignitaries, it's Bun Kabab, not lavish state dinners, with a side order of ____.",
,"From the desire of destroying ____, deliver me.",
,"From the people who brought you Maula Jutt and Waar, Lollywood's® next horror film combines churails with ____.",
,"From the producers of Shark Week... Coming this fall, ____ Week.",
,"From Radio Pakistan, it's This Pakistani Life. Today on our program, ____. Stay with us.",
,Bundu Khan® is secretly testing a burger made with ____.,
,Future historians will agree that ____ marked the beginning of Pakistan's decline.,
,FW: re: FBI WARNING!!! VIOLENT GANGS USING ____ TO RECRUIT CHILDREN!,
,Gapping it faster than Meera Jee driving away from ____.,
,"Gary is at the door, trying to sell us ____.",
,"Gather 'round, boys! It's time for a story about ____ and ____.",
,Gender integration for all combat jobs has caused promotions to be mostly based on ____.,
,General Raheel Sharif's playlist is a disturbing collection of songs about ____ and ____.,
,"General, it appears that instead of brains, these zombies want ____.",
,"Generally, most things can be solved by ____",
,Genius is 1% inspiration and 99% ____.,
,Genius is one percent inspiration and ninety-nine percent ____.,
,"Gentleman, I'm sure you're wondering why I asked you here this evening. It's a long story, but it all began with ____.",
,"Gentlemen prefer blondes, but they marry ____.",
,Nawaz Sharif regrets not focusing on ____ more.,
,Nawaz Sharif's new painting will be a revealing look at ____.,
,George RR Martin says that ____ is preventing him from finishing his epic fantasy saga.,
,"George, George, George of the jungle, watch out for ____!",
,Sheikh Rasheed was caught snacking on ____.,
,"Get busy ____, or get busy dying.",
,"Get out now, Satan! The power of ____ compels you!",
,Get rich or die ____.,
,Getting another detention for ____ at the back of the class.,
,Getting drunk on Valentine's Day usually leads to ____.,
,Getting street cred the only way know how; ____.,
,Girls just want to ____.,
,Give ____ a chance! He'll grow on you!,
,"Give a man a fish and you feed him for a day, give a man ____ and he`ll eat forever.",
,Give it 20 years and the Army will be nothing but ____.,
,Give me ten good men and 48 hours. I'll get you ____.,
,"Given enough time, jawans will turn any situation into ____.",
,Giving your best friend ____ to show you're secretly in love with them.,
,Giving your elderly neighbour assistance in ____.,
,Global warming could lead to ____ across much of Pakistan.,
,"Global warming? In The PM's opinion, it's just a concept by ____ to ""make Pakistani manufacturing non-competitive.""",
,Go ____ in a bucket and smell it.,
,Go go gadget ____.,
,Nature created ____ as a means of population control.,
,Allah defend ____.,
,ALLAH HATES ____!,
,Allah helps those who help ____.,
,"Bond! He's the man, the man with ____.",
,Goldilocks ate the three bears food and then wanted to ____.,
,"Good morning, people! You're ____ is awake… let the fun begin!",
,"Good morning, comrade! Grab a quick breakfast and meet me in the barracks for a hardcore session of ____!",
,"Good news, everyone! I'm giving a TED Talk on the subject of how ____ will transform ____.",
,"Good night, good night! ____ is such sweet sorrow.",
,Good thing our Mosque doesn't do ____.,
,"Goodbye, ____, hello ____!",
,Google Calendar alert: ____ in 10 minutes.,
,"Google recently changed its corporate slogan from ""Don't be Evil"" to ____.",
,Got any ____? I'll trade you for it.,
,"Got me lookin' so crazy right now, ____'s got me lookin' crazy right now.",
,"Government of, by, and for ____.",
,Graduation should put an end to ____.,
,Grandma always gives us ____ when we visit.,
,Grandma believes that ____ is the source of all goodness.,
,Grandma got run over by a ____.,
,Grandma recommends ____ to help with ____.,
,"Grandma told me ""beta, everyone on this earth was born with a skill, and yours is ____. …So don't you never do it for free.""",
,Grandma would never admit she likes ____.,
,Grandma's homemade ____s are the best of all.,
,Grandmother's house always smells like ____.,
,"Grandpa says ""When I was your age we would ____ for fun"".",
,"Great job, Casey! Everybody loved ____.",
,Great things always come from ____.,
,Great. Millennials have now ruined the ____ industry.,
,Green eggs and ____.,
,GREETINGS HUMANS I AM ____ BOT EXECUTING PROGRAM.,
,"Greetings, POGs! I am the RoboCop, a cybernetic body slayer from the future to save the Army from ____.",
,"Growing up happens in a heartbeat. One day, you're ____; next day, you're ____.",
,Growing up I didn't have many friends. Kids always teased me about my fascination with ____.,
,Growing up I didn't have many friends. Kids always teased me for my fascination with ____.,
,"Growing up, Ammi always told me life is like a box of ____.",
,PTA is now promoting smartphones for ____.,
,Gundecking checklists ALWAYS leads to ____.,
,"Havaldar keeps saying he's got a meeting at Regiment, but what he's really doing is ____.",
,Havaldar on Havaldar violence: a serious scourge plaguing our Army. How do we stop it?,
,Havaldar told me if I don't cut back on ____ then I'm for sure getting punished.,
,"Havaldar, why are you crying?",
,"Guns don't kill people, ____ kill people.",
,Guys? I know I agreed to go along but now I think we have to stop ____.,
,Half of all ____ are below average.,
,Hallelujah it's raining ____.,
,"Hallmark has invented a new holiday. It's called ""____ Day.""",
,"Hang tough, Kashmir! A cargo ship filled with ____ is on the way.",
,Happy Birthday to ____.,
,Happy Birthday! I love you. Here's ____.,
,Hark! The herald angels ____!,
,Harry Potter™ and the Goblet of ____.,
,"Haters love hating, but lovers love ____.",
,"Have kids they said, it'll be fun they said. Instead, we got ____.",
,"Have you seen my son, Bogdan? He leave 30 years ago to look for ____.",
,"Have you tried a cheese omelette, but with ____ instead of cheese? It's the only way I'll order mine now.",
,Have yourself a merry little Eid / let your heart be light / from now on ____ will be out of sight.,
,Having a kid makes me want to ____.,
,"Having abandoned his pleas for a return to the gold standard, the Finance Minister is now promoting a ____-based economy.",
,Having kids is like ____.,
,"Having tired of poetry and music, the beautiful jinns now fill their days with ____.",
,"Ragging is illegal, but it's still acceptable to give your new check-ins ____ and tell them to have fun.",
,"He alone, who owns the ____(s), gains the ____(s).",
,"He is, The Most Interesting Man in the World. ""I'm not always ____, but when I do, I prefer ____. Stay motivated, my friends.""",
,He reeked of ____ when he was pulled over.,
,He who controls ____ controls the world.,
,He's ____. She's ____. Together they fight crime!,
,He's absolutely magnificent! I bet his poop smells like ____.,
,"Headlining at Food Street this summer, my favorite band: ____.",
,"Hear my words, ____ will rise again!",
,Hell hath no fury like ____.,
,"Hello IT, have you tried ____?",
,"Hello, This is my first meeting and I'm addicted to ____.",
,Hello! Do you have a moment to talk about our leader ____.,
,"Hello. My name is Elder Price, and I would like to share with you the most amazing ____.",
,"Hello. I'd like to order a large cheese pizza and a side of ____, please.",
,HELP WANTED: Need assistance with ____. No experience necessary.,
,Help! My dog just ____.,
,"Hemp is nmot only widely used for clothing, it's also popularly used to ____.",
,Here is the mosque Here is the minaret Open the doors And there is ____.,
,"Here is the mosque, here is the minaret. Flip it over and here are the ____.",
,"Here lies First Last, Year-2015, devoted friend, lover of ____.",
,Here's a fact that might surprise you. ____ is caused by ____ and often leads to ____.,
,"Here's a few topics for discussion when the PM visits: ____, ____, and ____.",
,Here's a little something I learned in business school: The customer is always ____.,
,"Here's the draw: $1,000,000 every week for the rest of your life. Here's the catch: You're involved with ____ for the rest of your life.",
,Here's what you can expect for the new year. Out: ____. In: ____.,
,"Hey baby, come back to my place and I’ll show you ____.",
,"Hey Shehzadi, wanna see ____.",
,"Hey diddle diddle the ____ and the fiddle, the ____ jumped over the moon.",
,Hey everybody! I just won the ____ eating contest.,
,"Hey everybody! It's ""____ Guy.""",
,"Hey guys, welcome to Pizza Hut! Would you like to start the night off right with ____?",
,"Hey guys, welcome to Salt'n Pepper! Would you like to start the night off right with ____?",
,"Hey guys, welcome to Gloria Jeans! Would you like to start the night off right with ____?",
,"Hey guys, welcome to Butt Karahi! Would you like to start the night off right with ____?",
,Hey kids! Did you know that combining ____ with ____ is great for relieving ____.,
,Hey little girl. What's that in your hand?,
,"Hey man, you gonna come check out my show tonight? My new band is called ""____.""",
,"Hey there, Young Scientists! Put on your labcoats and strap on your safety goggles, because today we're learning about ____!",
,"Hey, check out my podcast! It's just two regular guys talking about ____.",
,"Hey, honey. For the bedroom, were you thinking, ""Off White"" or ____Pink?""",
,"Hey, kids. I'm Connor's dad, but you can call me Mr. ____.",
,"Hey, Susie. I know your job is ____ but can you just grab me ____? Thanks.",
,"Hey, whatever happened to Meera?",
,"Hey, while you're at the Metro, could you pick me up ____?",
,"Hey, XO! Instead of just echoing the commander, why don't you tell us about the importance of ____?",
,"Hey, you guys want to try this awesome new game? It’s called ____.",
,"Hey! I know we haven't talked in years, but I was wondering if you'd like to make residual income by selling ____ with me.",
,Hum TV presents its newest home improvement series titled ____,
,"Hi I'm ____, and this is ____.",
,"Hidden behing the Mona Lisa, scientists recently found Sadequain's original subject: ____.",
,High school students today just don't have a good grasp of ____.,
,Maryam Nawaz wants to focus her campaign on ____.,
,Maryam is better then The PM because of ____.,
,Maryam is worse then The PM because of ____.,
,Maryam loves her new Snapchat account because the messages she sends about ____ disappear all by themselves.,
,Maryam was caught with ____.,
,Maryam will never get it. I will tell you that right now.,
,Maryam's email divulged cryptic discussions on ____.,
,His Tinder profile seemed fine until he listed ____ as an interest.,
,History is written by ____.,
,"HO HO HO! Eid Mubarak, Chief! You were naughty this year, so I put ____ in your stocking!",
,Hobbit's feet smell like ____.,
,"Hold up. I gotta deal with ____, then l'mma smoke this.",
,"Holding back laughter, the hawaldar suggested you add ____ to your CONOP.",
,Holy crap?! I've just realized that my super-power causes ____ to ____.,
,Holy MOLY! Now THAT'S what I call ____!,
,Home for the holidays was great until Mom walked in on me ____ (ing).,
,Home schooling is a plot by ____ for ____.,
,"Honey, I have good news, and bad news. The good news is that I'm ____. The bad news is that I'm ____.",
,"Honey, I've decided to put the house up for sale. Yes, it's because of the new neighbors. Do you really want to live next to ____?",
,"Honey, it's gonna take more than a cheap greeting card to make up for ten years of ____.",
,"Honey, Mommy and Daddy love you very much. But apparently Mommy loves ____ more than she loves Daddy.",
,"Honey, there is a charge for R 3 756,25 labeled ____ on the credit card. Can you explain it?",
,"Honor a fallen comrade. Seriously, pause the game and raise your glasses for someone who made the ultimate sacrifice.",
,"Honor those lost at sea. Seriously, pause the game and raise your glasses for those who unknowingly made their final voyage.",
,"Iman, Taqwa, Jihad fi Sabilillah, and ____: The Newest Army Motto.",
,Hope my friends don't find ____ in the closet.,
,"Hopefully, in our generation, we will solve the problem of ____.",
,Hoping ____ will help you get your life back on track.,
,Hoping customs don't notice ____ in your bag.,
,Hoping the Bride and Groom like your present of ____.,
,Hoping the Judge will be lenient on you for ____ on t he bus.,
,Hoping the ticket inspector will believe your story of ____ for not having a ticket.,
,Hoping you have successfully deleted ____ from your internet search history.,
,Hoping your boss will accept ____ as your reason for calling in sick.,
,Hoping your new partner dosen't open your desktop folder of ____ pictures.,
,Hoping your partner doesn't see the photo of ____ after you give them your phone.,
,Horton is always forcing his ____ on other people.,
,Hot damn! That last deployment was a super sloppy mix of ____ and ____.,
,Housekeeping! You want ____?,
,How am I going to kill myself?,
,How am I maintaining my relationship status?,
,"How am I, the Card Czar, going to die?",
,How are the writers of JorBox spending your Rs. 500?,
,"How can I explain deployment? Well, I guess it's mostly ____ and ____.",
,"How can I explain my time on patrol? Well, I guess it's mostly ____ and ____.",
,How did I alone break the Lahore Qalandars' curse?,
,How did I get my job?,
,How did I get this restraining order?,
,How did I get through college?,
,How did I hurt my back?,
,How did I lose my car keys this time?,
,How did I spend my inheritance?,
,How did my grandparents make it through the Great Depression?,
,How did The Army fend off Indian forces at the Battle of Chawinda?,
,How did these ____ get broken?,
,How did you celebrate your first anniversary?,
,How do commissioned officers view NCOs?,
,How do I know if I have the Zika virus?,
,How do we get people to stop moving to Lahore?,
,How do you balance the ego needed to be PM and the humility to lead?,
,How do you convince your subordinates to do the right thing?,
,How do you endure the hell that is Army billeting?,
,How do you explain ____ to your friends back home?,
,How do you explain crop circles?,
,How do you know if you have altitude sickness?,
,How does one win the heart of a beautiful woman?,
,"How does The PM plan to restore ""a sense of dignity to the PM House""?",
,How I got the baby to sleep.,
,How I solve all my problems: ____.,
,How much ____ can a woodchuck chuck?,
,How much is that ____ in the window?,
,How my husband would describe me: ____.,
,How the ____ stole Eid.,
,How the Grinch stole ____.,
,"How useful is the Traffic Police? I'll put it this way, they're about as useful as ____.",
,How was the universe really created?,
,How we got your little brother.,
,How will I keep myself busy after I retire?,
,How will Afghanistan pay for the fence?,
,How will the PML-N hold back Imran Khan?,
,How will The PM help Pakistan start winning against Mother Nature again?,
,How will we defeat corruption?,
,How you found out you're no longer the cool parent.,
,How's my hair look? Like ____.,
,Netflix's new reality show features twelve hot singles living with ____.,
,Humpty Dumpty sat on ____.,
,"Humpty Dumpty sat on the wall, Humpty Dumpty had a great ____.",
,Faisalabad is the ____ capital of Pakistan,
,Hypothesis: ____ Experiment: ____ Conclusion: ____,
,"I a surprise move, The PM recently changed his campaign slogan to, “Make ____ great again.”",
,I accidentally downloaded ____ onto my iPhone.,
,"I admit it, I'm jealous of ____.",
,I adulted for six straight hours before ____.,
,I always call in sick to work when I have a bad case of ____.,
,I always find the key to sucess is ____.,
,I always keep ____ in my car.,
,I always keep ____ in my trunk.,
,I always knew I would end up in the military because I enjoyed ____ at an early age.,
,"I always knew my cousin was disturbed, then we found his rambling manifesto on ____.",
,"I always maintain my arms, my equipment, and my ____.",
,I always put achar on my ____ for breakfast.,
,I always want to think of myself as ____.,
,I am ____. I speak for ____.,
,I am a master at ____.,
,I am a positive person and attract positive events to my life because,
,I am always embarrassed when I ____.,
,"I am a Pakistani Jawan, I am ____.",
,"I am become ____, the destroyer of worlds.",
,I am being followed by ____.,
,I am calmed by the thought of ____.,
,I am confident that ____ would finally make the Hockey Team good.,
,I am fairly certain that ____ is not gluten free.,
,I am filthy rich because I invested heavily in ____.,
,I am going to name my new dog ____.,
,I am going to try out for my schools ____ team.,
,I am going to wear a ____ to my Mehndi.,
,I am grateful for all my blessings especially ____.,
,I am guilty of ____.,
,I am just the absolute best at ____.,
,I am loved and loving. I deserve to receive ____.,
,I am not allowed to use my computer unless I ____ first.,
,"I am not sure what ""Insert Name"" has up his/her ass, but I think it might be ____.",
,"I am not the first man on the moon, but I am the first to ____.",
,I am proud and excited to announce ____ as my running mate!,
,I am responsible for ____.,
,I am so over ____ and it hasn't even started yet.,
,"I am so proud of ""Insert Name"", he/she just tried ____ for the first time.",
,I am so proud of my drawing of ____.,
,I am so talented because I can ____.,
,I am storing all the ____ I can for the inevitable apocalypse.,
,I am the least racist person there is. I'm even friends with ____.,
,I am the master of ____.,
,I am totally awesome at ____.,
,I am vengeance. I am the night. I am ____.,
,I am very paranoid that my friends will ____.,
,I am woman! Hear me ____.,
,I am writing my thesis on ____.,
,I asked for ____ for Eid.,
,"I asked my boyfriend to surprise me for my birthday, I never thought he'd give me ____.",
,I base my sense of self worth on ____.,
,I beat ____ all the time!,
,I beg you to ____ me.,
,"I believe it was Winston Churchill who said: ""Never in the field of human conflict was so much owed by so many to ____.""",
,I believe refugees have an innate human right to receive ____.,
,I believe that the majority of life's problems can be solved with ____ and ____.,
,"I belong with you, you belong with me, you're ____.",
,I bet when you insert (a/an) ____ into ____ (he/she) will cry.,
,I bet you can't have just one ____!,
,I blacked out and woke up covered in ____.,
,I blamed the streetcar but I was really late because of ____,
,I bless ____ down in Africa.,
,I blew all my money on ____.,
,I broke up with my girlfriend when she came home with a tramp stamp that said ____,
,I bumped my head so hard I woke up and thought I was ____!,
,I call this hairstyle ____.,
,"I came here to chew bubblegum, and get aroused by black and white photos of____. And I’m all outta bubblegum.",
,"I came up with a new dance move. I call it ""____"".",
,"I can hardly recognize my country anymore; everywhere you look, ____.",
,I can never choose between ____ and ____.,
,I can never have too much of ____.,
,I can only get through my day with ____.,
,I can prepare ____ really well for ____.,
,"I can show you ____, shining, shimmering, splendid.",
,I can survive being stranded on a deserted island as long as I have ____.,
,I can't be friends with people who are interested in ____.,
,"I can't believe ""Insert Name"" just said he/she loves ____.",
,I can't believe he proposed to me with ____ instead of a ring.,
,I can't believe I accidentally ____ in front of everyone at the school play.,
,I can't believe I ate ____.,
,I can't believe I fell asleep last night while I was trying to ____.,
,I can't believe it! I got written up for ____ during my last barracks inspection.,
,I can't believe my camp counselor just admitted to ____.,
,I can't believe my husband asked for ____.,
,I can't believe my sister wrote in her diary about ____.,
,I can't believe my teacher gave me ____ to do over school vacation.,
,I can't believe Netflix is using ____ to promote Meray Paas Tum Ho.,
,I can't believe that ____ is now being taught to kids as young as seven!,
,I can't believe that I was arrested just because I had a wild Saturday night and tried to ____.,
,I can't believe that someone will be able to pull ____ out of ____.,
,I can't believe they actually made “____ For Dummies.”,
,I can't believe this came out of my (babies') butt!,
,I can't believe you like ____ too. We should hang out sometime.,
,I can't forget to bring ____ to the hospital.,
,I can't get no ____.,
,I can't possibly live without ____.,
,"I can't stop myself, I just have to eat ____!",
,I can't wait for my kids to outgrow ____.,
,I can't wait to ____.,
,I can't wait to fall asleep so I can once again dream I will soon ____.,
,I can't wait to go to Nani's house ____ this summer!,
,I cannot believe that middle school students regularly use ____ behind the school.,
,I cannot stop smiling about ____.,
,I cannot support ____ because of its support of ____.,
,I caught the kids getting into ____.,
,I celebrated paying off my committee by ____.,
,I claimed ____ as a deduction on my taxes last year.,
,I cleared my email history because of ____.,
,"I come from a little town called ____, Mianwali.",
,I command you to ____.,
,I could easily become famous for ____.,
,"I could have sworn I was ____ last night, but it might've just been the lack of sleep.",
,I could never marry someone who supports banning ____.,
,I could never refuse ____.,
,"I could never truly understand ____, until I encountered ____.",
,I couldn't believe it when I learned about ____.,
,"I couldn't help but give a rupee to the homeless guy with the sign: ""Will work for ____.""",
,"I couldn't help but wonder. Was ""having it all"" an unattainable myth? Was the secret to a truly happy life just ____?",
,I cringe while watching horror films when stupid teenagers ____.,
,I dare you to tell your Dad about ____.,
,I decide to try ____ but it was nothing to write home about.,
,I decided not to join the gym when their personal trainer told me ____,
,I decided to become an activist and fight for ____.,
,I deserve a Lux Style Award for not reacting when he started talking about ____ 10 minutes into our first (and last) rishta meeting.,
,"I did my Eid shopping too late, and ended up buying my daughter a pop-up book titled ""____.""",
,"I did my Eid shopping tooo late, and had to get my daughter a pop-up book titled ____.",
,I did my own laundry today! Tomorrow I plan to be ____.,
,I did not expect to see the popular kid spending most of the time ____ at the farewell party.,
,I did not have ____ with ____.,
,"I didn't believe the gossip tabloids about ____, until I watched the videos.",
,"I didn't choose ____, ____ chose me.",
,I didn't have any plans for the weekend until I found ____ in the attic.,
,"I didn't want to deal with my family, so I sat in my car for two hours just ____.",
,"I didn't want to tell it to her face, but her baby reminds me of ____.",
,I didn't want to tell it to their faces but their baby reminds me of ____.,
,I do ____ on the side for some extra cash.,
,"I do declare, in times of distress I have always relied on ____.",
,"I do not know what weapons World War III will be fought with, but World War IV will be fought with ____.",
,"I do not know with what weapons World War III will be fought, but World War IV will be fought with ____.",
,I do solemnly swear that I will faithfully execute the office of ____ of the Islamic Republic of Pakistan.,
,I do wish the newspapers hadn't mentioned ____ in grandpa's obituary.,
,"I don't care if it's fun, ____ is sexism.",
,"I don't care what people say, ____ is not a crime.",
,"I don't care what your team leader says, ____ is not an excuse for being asleep on duty!",
,"I don't consider myself religious, but I do believe in ____.",
,"I don't do the Marathon, I run ____ instead.",
,I don't have enough money to eat this month because I spent my last ten bucks on ____,
,"I don't know exactly how I got the flu, but I suspect it had something to do with ____.",
,"I don't know how I got sick, but I suspect it had something to do with ____.",
,I don't know one person who doesn't love ____.,
,"I don't know what will cause my second divorce, but my third divorce will be caused by ____.",
,"I don't know what's worse, ABUs or ____.",
,"I don't know which is more disturbing: ____, or ____.",
,I don't like it when my friends ____.,
,"I don't mean to brag, but they call me the Micheal Jordan of ____.",
,"I don't need to hold onto my youth, I just love ____.",
,I don’t believe in politicians. I believe in ____.,
,I donated $500 to support ____ in Africa.,
,I eat to forget ____.,
,I dropped my cellphone in the ____ and now it won't work anymore.,
,I eat ____ for breakfast!,
,I enjoy ____ in the hostel's washrooms.,
,"I expected it would suck but the opposite happened. ""____: The Movie"" is now officially my favorite movie ever.",
,I feel bad for people who can't stop ____.,
,I feel inadequate when I see others ____.,
,I feel the need. The need for ____.,
,I fell asleep watching Netflix and woke up to ____ on my TV.,
,I felt a little flattered when the doctor remarked ____,
,I felt a little unsure when the flight attendant told me ____,
,I find your lack of ____ disturbing.,
,I first became an adult when I learned how to ____.,
,I flushed my dead ____ down the toilet.,
,I forgot to vote because I was too distracted with ____,
,I found ____ in my cupcake.,
,I found ____ in Santa Claus's beard.,
,I found ____ under Zardari's mattress.,
,"I found a ____ in my bellybutton, and named it ____.",
,"I found a ____ in my school lunch, but I ate it anyway.",
,I found a mysterious clump of Play-Doh® in the shape of ____.,
,"I found out that ""Insert Name"" is selling ____ online.",
,I found out the hard way. You cannot sneak ____ into a penitentiary.,
,I gave her my heart and she gave me ____.,
,I gave the pizza boy the wrong idea when I opened the door and said ____,
,I gave up ____ for my diet.,
,I get a lot of rishta proposals on Shaadi.com because my bio says ____,
,I get by with a little help from ____.,
,I go incognito when I visit ____.com,
,I got a job once cleaning ____.,
,"I got a new tattoo, it looks a bit like ____.",
,I got a pop-up book entitled “____” for my 9-year-old nephew's birthday.,
,I got bit by a radioactive spider and gained ____.,
,I got totally confused on MM Alam Road and ended up with ____.,
,I got catfished by a ____ again!,
,I got hot sauce in ____ swag.,
,I got kicked out of a youth conference for ____.,
,I got my current job through ____.,
,I got my degree in ____ from ____.,
,I got my dog from a shelter. She was rescued from ____.,
,I got my frenemy ____ for an Eid present.,
,"I got rhythm, I’ve got music, I’ve got ____. Who could ask for anything more?",
,I got scared when the officer tapped on my window and said ____,
,I got seven deadly sins but ____ ain't one.,
,I got so emotional last night that I ended up crying about ____.,
,"I got some strange looks in the checkout line when the cashier noticed ____, ____ and ____ in my cart.",
,I got stuck in time out for ____.,
,I grew up on a desolate ____ farm.,
,I had a dream Miss Marvel and I were ____.,
,I had a nightmare last night. The baby was ____.,
,I had a terrible nightmare about ____ and ____.,
,"I had a job that consisted of getting Rs. 10,000 worth of ____ for ____ every week.",
,I had the time of my life and I owe it all to ____.,
,I had the weirdest dream last night about ____.,
,"I had to save ""Insert Name"" from the police for stealing ____ from a baby.",
,I had to call the health insurance company three times just to get coverage for ____.,
,I had to reprimand my dog when he tried to ____.,
,I hate ____.,
,I hate all these silly conspiracy theories about Benazir. Every sane person knows what really killed her was ____.,
,I hate being knocked off of my surfboard by ____.,
,I hate Rishta Aunties because (of) ____.,
,I hate it when my boss says ____.,
,"I hate this job. I hate this place. Most of all, I hate ____. I quit.",
,"I hate to be one of those parents, but I just really don't want my child exposed to ____.",
,I hate when people think I am ____.,
,I have ____ under my covers,
,I have a complicated history with ____.,
,I have a dream that one day this nation wil rise up and live out the true meaning of ____.,
,I have a great ____ at my place. DDo you want to come over so we can ____.,
,I have a court order that prevents me from coming within 500 feet of ____.,
,I have a secret talent. All I can say is that it has to do with ____.,
,I have a secret weakness for ____.,
,"I have an idea even better than Kickstarter, and it's called ____starter.",
,I have an irrational fear of ____.,
,I have been given a lifetime honorary membership to ____ club.,
,I have decided to stick with ____ as ____ makes me happy.,
,I have enough ____ to eat at home,
,I have never seen a thin person drinking ____.,
,"I have no idea why The Bank is closed today. There's just a sign on the door that reads ""____.""",
,I have offered ____ as nazrana at this mehfil,
,I have one simple request: ____.,
,"I have one word for you. Just one word, ____!",
,"I have my Eidi list. After having ____, you're getting ____ for Eid.",
,I have solved politics. My solution is ____.,
,"I have this recurring dream where I'm ____, and I'm giving ____ to ____.",
,"I have to admit... it took me a while to agree to it, but incorporating ____ into our wedding ceremony is a decision I will never regret.",
,I have trouble succeeding without ____.,
,"I haven't gotten the chance, but I've always wanted to ____.",
,I hope I don't ____ on the roller coaster.,
,I hope my zakat goes to providing ____ to the needy.,
,I hope that my baby would describe me as ____.,
,I hope that my push gift will be ____.,
,I hope the ASF doesn't find ____ in my luggage.,
,"I hope you don't mind me saying, but ____",
,I htought we were done with ____.,
,"I hug them. I hold them. They are all over the place. Here, The PM is talking about ____.",
,I inhaled. My dreamquest included a vision of ____. It shaped who I am.,
,I introduce myself to strangers by telling them about ____.,
,I joined the Peace Corps for ____ but all I got was ____.,
,I judge people based on their ____ and ____.,
,I jumped into the ocean and found ____.,
,I just built a rocket ship out of ____.,
,I just can't stop watching ____ videos on the internet.,
,I just don't want my obituary to include the phrase ____.,
,I just filled my 1.5 TB hard drive with pictures of ____.,
,I just got fined for the improper use of ____.,
,I just got fired because I liked a Facebook page titled “____” and my employer found out.,
,I just got some ____ stuck in my braces.,
,I just received the report from the doctor. Turns out I have ____.,
,I just won a Small Project Assistance grant to bring ____ to ____.,
,"I kept falling asleep on guard duty, but I managed to stay awake by thinking about ____.",
,I ate ____ and I like it.,
,I knew having both ____ and ____ at the party was a bad idea!,
,I knew he/she was creepy when ____.,
,"I knew it meant trouble when I heard a voice scream ""____!"" mid flight. And unfortunately I was right.",
,I knew it would be a legendary night once ____ showed up.,
,I knew my gym shorts were too tight when I heard ____,
,I knew my relationship was doomed when I found a note on the mirror that read ____,
,I knew that I had to turn my life around when I woke up to find ____ in my pocket.,
,I knew we would be friends when I found out they had ____.,
,I know ____ poses a direct threat to Pakistan.,
,I know I am smart when I ____ in front of a mirror.,
,"I know I haven't been the best person but, ____.",
,I know I'm good at adulting when I'm regularly ____.,
,I know I'm in touch with my true self when I'm ____.,
,I know my baby always looks forward to ____.,
,"I know when that hotline bling, that can only mean one thing: ____.",
,"I know you are, but what am I?",
,I know you're my best friend because you ____.,
,I know you're still mad but is ____ out of the question?,
,I know! We can blackmail the Sharif family with ____.,
,I learned about ____ in high school and ____ in college.,
,I left Lahore because I heard about ____'s obsession with ____.,
,I left the waitress a bigger tip when she scribbled on my receipt ____,
,I lie to my children about ____.,
,"I lied and blamed ____, but the actual reason I was late to formation was because of ____.",
,I like ____ and I cannot lie!,
,I like long walks on the beach and ____.,
,I like my ____ how I like my ____: ____.,
,I like my coffee like I like my men: filled with ____.,
,I like my coffee like I like my women: strong and ____.,
,I like spaghetti and ____.,
,"I like sushi, but I have my doubts about the ____ roll.",
,I like to brush my teeth with ____.,
,I like to dip my french fries in ____ and eat them.,
,I like to fill my water ballons up with ____.,
,I like to look deep into someone's eyes while ____.,
,I like to party… and by party I mean ____.,
,I like to take pictures of ____ on my phone.,
,I liked ____ before it was cool.,
,"I liked what I got for my birthday, but I would've LOVED ____.",
,I literally have no hobbies other than ____.,
,"I live with crippling trust issues, due to the time my Mum put ____ in the Mitchell's tomato sauce bottle.",
,I look older than I should because I've had ____ on my face so many times.,
,"I look very much forward to showing my ____, because it's huge.",
,I lost a lot of weight simply by replacing ____ with ____.,
,I lost my innocence when I saw ____ for the first time.,
,I love ____ the most at Kakul Academy.,
,I love ____.,
,I love being a mom. But it's tough when my kids come home filthy from ____. That's why there's Tide®.,
,I love it when my husband has ____.,
,I love my babysitter! She always brings us ____ when she comes over.,
,I love my husband but he has a serious addiction to ____.,
,I love the beach and the feeling of ____ between my toes.,
,"I love the same activities every classy person enjoys; windsurfing, polo, and anything involving ____.",
,I love waking up to ____ in bed.,
,I love you more than ____.,
,I love you to the ____ and back.,
,I made it halfway through ____ before falling asleep,
,"I majored in business, but I minored in ____.",
,I make all of my major life descisions based on ____.,
,"I managed to avoid ____, all thanks to ____.",
,"I may forget a name, I may forget a face, but I never forget ____.",
,"I may not argue with what you just said, but I respect your right to be ____.",
,"I may not live or work wihtin 2,000 ft. of any school because of ____.",
,"I mean, really, who knows how much the Japs will pay for ____(s) these days?",
,I miss the good old days when ____ could be done without ____.,
,"I missed my last flight to Dubai because ""Insert Name"" hid ____ in my luggage and I was detained by Airport security.",
,I need you like ____ needs ____.,
,I needed to buy a new mattress but my $50 was only good for ____.,
,I never expected to get ____ when I became a soldier.,
,"I never got a speeding ticket, but I once got ____.",
,I never karaoke because I always end up getting emotional and singing a song about ____.,
,I never knew ____ was an Olympic sport or that ____ was a champion in it.,
,I never met a ____ I didn't like,
,I never should have introduced ____ to ____.,
,I never thought ____ would feel so good.,
,I never thought I'd have to worry about ____.,
,I never thought there would be a Social Studies chapter about ____.,
,I never truly understood maritime enforcement until I stumble upon ____.,
,I never understand why adults were always in such a bad mood until I started ____.,
,I never want to see ____ again.,
,I never want to take a shower after my brother. He leaves ____ in the tub.,
,I never worked harder in my life to get ____.,
,I no longer believe in ____.,
,I nominate the person to my left to ____ in political office.,
,I now look at ____ differently.,
,I often regret not (having) ____.,
,I once discovered a golden ____.,
,I once paid $100 for ____.,
,"I once won a camel riding contest, the prize was ____.",
,I only retweet tweets about ____.,
,"I only saw my father cry twice: once after Mom died, and once after ____.",
,I overheard the sweaty repairman say to my wife ____,
,"I peeled the banana like I always did, but this time I found ____ inside it.",
,I picked up ____ on the night bus,
,I plan on sending ____ to the Prime Minister as a gift.,
,I played golf with my friends and then I started to play with ____.,
,I pledge allegiance to ____.,
,I pledge to raise taxes to create more ____.,
,I pooped off the side of the ship and ____ squirted out!,
,I popped a zit and ____ came out.,
,I posted a picture of ____ and crashed the internet.,
,I probably should have left ____ out of my best man's speech,
,I promise ____ for every hard working mother in our country.,
,"I promise that if I'm elected PM, I will build a giant dam to keep ____ out of our great country.",
,I promised my mother I would ____.,
,I quit my day job and started a blog called ____,
,I quit my job as a waiter the night some jackass left me ____ as a tip.,
,I ran out of money on Umrah because of ____.,
,"I ran out of money, so I started betting ____ at the Ludo game.",
,I realized that my tastes have turned much trashier since my experience with ____.,
,I really hate it when (insert name) ____s.,
,I really hope my baby is ____.,
,I really hope my grandma doesn’t ask me to explain ____ again.,
,I really hope the picture of me ____ doesn't show up in the facebook photo album.,
,"I really love both Kari and Stephen, but the deciding factor between the two is simple. ____.",
,I really miss the good old days when men were men and ____ could not vote.,
,I really think my baby will look like ____.,
,"I said, ""Do you speak my language?"" He just smiled and gave me ____.",
,I saw ____ on Snapchat the other day.,
,I saw ____ on the interenet today. It turned me on a little.,
,I saw visions of ____ after ____.,
,"I see London, I see France, I see ____.",
,I should earn a Pulitzer Prize for when I was able to successfully ____.,
,I should have learned more about ____.,
,"I should really go to sleep right now, but I can't stop eating ____.",
,I skipped the guage swatch and now my ____ looks more like ____.,
,I sneezed so hard ____ came out my nose.,
,I snuck into the PM House and I saw ____.,
,I so tired I ____.,
,I spent all my hazard pay on ____.,
,I spent all summer working on ____.,
,I spent my day off in Siachen ____.,
,I spy with my little eye ____.,
,I spy with my little eye something ____.,
,I stand before you as someone who is against ____ in all circumstances.,
,I started feeling old after I got into ____.,
,I started knitting so I would stop ____.,
,I still can't get the taste of ____ out of my mouth.,
,"I still remember the last thing my best friend said to me before he died. He held my hand, looked me in the eye, and whispered ____.",
,"I struggle to maintain a healthy weight, but my problem isn't glandular, it's ____.",
,"I struggled to get out of bed this morning, until I heard ____ knocking at my door.",
,I support the right to bear ____.,
,I swear you could mistake ____ for ____ if you didn't have your glasses on.,
,"I tend to be an anxious person, but the one thing that always puts me at ease is ____.",
,I think about ____ while breastfeeding.,
,I think hot dogs taste like ____.,
,I think I might nickname myself ____.,
,I think I need to take Fluffums to puppy training: he has this terrible habit of ____.,
,I think I overheard my friends calling me ____.,
,I think I'll be treating kids to ____ instead of candy this Eid.,
,I think it's time we leave ____ in the past where it belongs.,
,I think somoneone should pay me for how well I can ____.,
,I think that children are good for ____.,
,I think the only difference between me and the other candidates is that I'm more honest and my ____ is/are more beautiful.,
,I think they are running out of superheroes now that they've introduced the Human ____.,
,"I think, therefore I am ____.",
,"I thought I was ____, but it turns out I was ____.",
,I thought it was wrong when my manager was eating a banana and blurted ____,
,"I thought my Chinese tattoo meant ""you only live once"", but it actually means ____",
,"I thought my job sucked, then I found out about ____.",
,"I thought passing a kidney stone was painful, but ____ is way worse.",
,I thought she was cool until she showed me her ____.,
,"I thought you were going to learn an instrument, not to play the ____.",
,"I told myself I'd be the cool parent and accept ____, but I was wrong.",
,I took a selfie with ____ on the bus.,
,I took inspiration from ____ where I started ____.,
,I took it as a sign when my fortune cookie said ____,
,I took the day off so I could concentrate on ____.,
,"I tried ____ and to my surprise, I didn't hate it.",
,"I tried baking a cake, but the directions were unclear. I ended up with ____.",
,I tried to soothe an angry cat with ____. I failed.,
,"I try to find a nice date, but I always end up falling for people who are ____.",
,I use ____ as bait when I go fishing.,
,I use ____ instead of ____. Money in the bank.,
,I use ____ to assert my dominance in uncomfortable social situations.,
,"I use a cupful of ____ as my morning energy boost, the result is amazing!",
,I use snacks to escape ____.,
,I use the Internet to look at pictures of ____.,
,I use to ____ in a way that would make you blush.,
,I used to believe in fairytales. Now I believe in ____.,
,I used to get detention in high school when I would ____.,
,I used to get in trouble for playing with ____.,
,"I used to look forward to weekends, but now I just spend my time ____.",
,I used to think ____ is where babies come from.,
,I value ____.,
,I waited in line for 8 hour when they released the new ____.,
,"I walked in the house, saw ____, and KNEW he had just been there!",
,I wanna put ____ in her!,
,I want ____.,
,I want (a/an) ____ for my next birthday.,
,"I want 30 sliders, 5 french fries and ____.",
,I want a country of shared opportunities and ____.,
,I want inner city children to all have ____.,
,I want to be the first person take a selfie while ____.,
,I want to go to school to study ____.,
,I want to settle down and have kids but ____ takes up all of my time.,
,I want to travel the country to speak about ____.,
,I want you to elect a person who is cool on the outside but burns for ____ on the inside.,
,"I was a smart child. At 3, I already knew about ____.",
,I was attracted to your brother until he said ____,
,I was chilling with Ali Zafar when he started singing and said ____,
,I was fired from my last job because on a random check they found traces of ____ in my blood.,
,I was forced to resign when the pictures of ____ surfaced.,
,"I was going to go to college, but ____ got in the way.",
,I was in ____ but my life changed when I found ____.,
,I was late to class and forgot my ____.,
,I was no surprised to see ____ at the trailer park.,
,I was not distrubed when I saw a ventriloquist ____.,
,I was on a hayride and ____ jumped out and scared me.,
,"I was once sent to the HR department for an incident involving ____, ____, and (allegedly) ____.",
,I was recently given money to ____.,
,I was sent to the principals office for ____.,
,I was shocked when my crush gave me ____.,
,I was so excited to receive a box of ____ in the mail.,
,I was strangely proud when my kid asked Santa for ____.,
,"I was supposed to go to Taste of Lahore, but I got stuck ____ instead.",
,I was surprised to hear the TV scholar preach ____,
,I was surprised when I heard the shepherd say to his sheep ____,
,I was surprised when my therapist put his arm around me and said ____,
,"I was surrounded by murderous thieves, with only a ____ to protect myself.",
,"I was thinking of the immortal words of Socrates who said, “I ate ____???”",
,I watched the news for five minutes. Now I want to be ____.,
,I went fishing and caught ____.,
,I went in for a loan and the banker told me ____,
,"I went on a spiritual journey to India hoping to find ____, but instead all I found was ____.",
,I went to my parent's closet to look for Eid presents only to find ____.,
,"I went to the toilet, and guess what came out?",
,I will ____ if you reciprocate by ____.,
,"I will always be at my station, alert and atteding to ____.",
,I will be canonized for ____.,
,I will be thrilled if I never have to be a part of ____ again.,
,I will call my baby ____.,
,I will create a new national holiday celebrating ____.,
,I will huff and puff and blow your ____ down.,
,I will intercede for they who are ____.,
,I will make you fishers of ____.,
,I will replace cricket as Pakistan's passion with a sport that involves ____.,
,I will shout ____ down the halls of Parliament.,
,"I will stand on the deck of an aircraft carrier, under a banner that says ""____"" and declare it a rousing success.",
,I will tackle Pakistan's obesity problem by promoting an hour of daily exercise with ____.,
,I will vote for any politician that promises me an unlimited supply of ____.,
,I wish ____ didn't remind me of ____.,
,I wish Doc McStuffins could fix ____.,
,I wish I could give ____ to ____.,
,I wish I could unsee ____.,
,I wish I hadn't lost the instruction manual for ____.,
,I wish I was good as making friends in real life as I was at ____.,
,I wish I was old enough to ____.,
,I wish I were ____.,
,I wish it were something simple--like peanuts or shellfish--but my doctor tells me I'm actually allergic to ____.,
,I wish my husband would give me ____.,
,I wish my parents would let me watch that TV show about ____.,
,I wish petrol was cheap so I could ____ without fearing I would be arrested.,
,I wish someone would make ____ flavored ice cream.,
,I wished for ____ on my birthday last year,
,I woke up in a cold sweat after an eerily realistic nightmare about ____.,
,I won the Mean Parent Award today with ____.,
,I wonder if ____ was as common in the Army as it is in today's Air Force.,
,I wonder if my landlord will accept ____ as payment.,
,I would be on board with politics if it weren't for ____.,
,I would be the Ambassador of ____.,
,I would build a wall around ____(s).,
,I would consider it a miracle if my parents would only just ____.,
,I would definitely give a homeless person some money if their sign said ____,
,I would do anything for love but I won't do ____.,
,I would eat my best friend's earlobe if he offered to ____ first.,
,I would give talks about ____ to youth groups.,
,I would learn Japanese specifically for ____.,
,I would like ____ for Eid.,
,"I would move heaven and earth, I would split the ocean, even ____ would not be able to stop me from being with you my love.",
,"I would never admit this in public, but I've never experienced ____.",
,I would pay for someone to explain ____.,
,I would personally deliver a flaming bag of ____ to Bon Jovi's doorstep.,
,"I would rather ____ than see Tom Brady win anything. When he does win, I think about ____.",
,"I would rather have my ""O"" face resemble ____ than ____.",
,I would suck off ____ to pay off my student loan.,
,I would watch a four-hour movie about ____.,
,"I wouldn’t say that ____ is a complete substitute for ____, but it's close enough for government work.",
,"I wrote back ""new phone, who dis?"" when I got this message ____",
,I'd be happy to sit with Joe Six Pack at the local bar and discuss ____.,
,I'd do anything for love but I won't do ____.,
,I'd have more money if I didn't waste it on ____.,
,I'd like to ask for a moment of silence in honor of ____.,
,I'd like to force the members of the Neighborhood Committee to ____ each other. Repeatedly.,
,I'd love to celebrate hump day with ____.,
,"I'd make a card with Star Trek references, but the ____ at Paramount are lawsuit-happy.",
,I'd rather be ____ in Texas than ____ in California.,
,I'd rather be ____ than file my own taxes.,
,I'd rather be ____.,
,I'd rather deal with ____ than ____.,
,I'd rather find my child ____ than playing Pokemon GO®.,
,I'd rather stick my hand in ____ than ____.,
,I'd rather stick my hand in ____ then ____.,
,I'd sell my body for ____.,
,I'll admit it. I'm turned on by ____.,
,I'll get you off with a little help from ____.,
,"I'll get you, my pretty, and ____ too!",
,I'll pleasure you using ____ if you pleasure me with ____.,
,I'll trade you the Skittles in my MRE in exchange for ____.,
,I'll work with Congress to get the ____ our children need.,
,"I'm ____, you're ____, let's celebrate!",
,I'm a bad Pakistani because of ____.,
,"I'm a delivery boy now, but I dream of being a professional ____.",
,I'm a glass half full of ____ kind of person.,
,I'm a pretentious Pakistani because of ____.,
,I'm afraid the only way to get rid of this jinn is by ____.,
,I'm afraid to talk to my kids about ____.,
,I'm always fashionable with ____.,
,I'm always confused by ____.,
,I'm an expert in ____. I invented it.,
,I'm announcing the war on ____!,
,I'm bored reading ____'s weekly blog about ____.,
,"I'm Captain Safdar, and this is my favorite place for ____ on the MM Alam Road.",
,I'm constantly confusing ____ and ____.,
,I'm definitely going to hell for ____.,
,I'm dreaming of a white ____.,
,"I'm finally writing that book, it's titled ""Zen and the Art of ____.""",
,I'm getting a degree in English. It's basically four years of ____.,
,I'm getting too old for ____.,
,I'm glad one of us remembered. That could've been ____.,
,I'm going to be late to work because a ____ got in my way.,
,"I'm going to bed now, so if you need ____, you'll have to ask your father.",
,I'm going to name my band ____.,
,I'm going to start listing ____ as a skill on my resume.,
,I'm gonna go build my own theme park! With ____! And ____!,
,I'm good at connecting with people because I have ____.,
,I'm having difficulty finding a college that will allow me to pursue a degree in ____.,
,"I'm just a girl, standing in front of a boy, asking for ____.",
,"I'm just gonna stay in tonight. You know, Chai and ____.",
,"I'm Shoaib Malik, and when I'm not playing cricket, I love ____.",
,I'm looking for a partner in crime. The crime? ____.,
,"I'm lucky you can't read my mind, because the only thing I'm thinking about right now is ____.",
,I'm making a viral video to raise awareness of ____.,
,I'm never going to be rich and famous because I'm too busy ____.,
,"I'm not a child anymore, Mom. I'm ____.",
,"I'm not a racist, but I love ____.",
,I'm not ashamed of ____.,
,"I'm not going to lie. I despise ____. There, I said it.",
,"I'm not irresponsible. Just today, I started ____.",
,"I'm not proud to admit it, but I once used ____ to break up with a friend.",
,"I'm not sure what to get my mom for Mother's Day, but I'm getting your mom ____.",
,"I'm not usually one for eating contests, but when I found out it was for ____, I just couldn't help myself.",
,I'm not worried about ____ it will take care of itself.,
,I'm only in these Buy and Sell pages for ____.,
,"I'm out of coffee, so the only thing keepig me alive right now is ____.",
,"I'm pretty sure ""capacity building"" is just a euphemism for ____.",
,"I'm pretty sure ""fundraising"" is just a euphemism for ____.",
,"I'm pretty sure I'm tired right now, because I""m absolutely mesmerized by ____.",
,I'm putting ____ first.,
,I'm raising money on Kickstarter to fund ____.,
,I'm really struggling to get the sweet taste of ____ out of my mouth,
,"I'm rubber and you're glue. Whatever bounces off of me, sticks to ____.",
,I'm seeking legal representation after being arrested for ____.,
,I'm selling a kidney to pay for ____.,
,I'm sick of being shamed for ____.,
,I'm so damn sick of Daal Chawal! I would rather eat ____.,
,I'm so glad that before my birth I ____.,
,I'm so grateful for ____.,
,"I'm so hungry, I could eat ____.",
,"I'm so sorry everyone, but I just ____.",
,I'm so tired I want to ____.,
,I'm so tired of the Aunties complaining about ____.,
,"I'm sorry Professor, but i couldn't complete the assignment because of ____.",
,"I'm sorry, but I don't hate people whose only concern is ____.",
,"I'm sorry, Sir, but I couldn't complete my homework because of ____.",
,"I'm sorry, sir, but we don't allow ____ at the country club.",
,"I'm sorry, this table is reserved for ____.",
,I'm starting a club for people who believe in ____.,
,I'm stressing more about ____ than I am about ____ right now. It should really be the opposite.,
,"I'm Sheikh Rasheed, and I'm proud to endorse ____.",
,I'm thankful to Allah for creating ____ that love the taste of ____.,
,I'm that bad type Make your mama sad type Might upset your dad tyoe I'm ____.,
,I'm the only one of my friends without ____.,
,I'm thinking about getting a lower-back tattoo of ____.,
,"I'm thinking of calling my memoir ""Life, the Universe, and ____"".",
,I'm too rich and important for ____.,
,I'm totally impressed when someone wears glasses and has ____.,
,I'm trying to reduce my appetite by ____.,
,"I'm usually a vegan, but I'll make an exception for ____.",
,I'm worried the FIA will find ____ in my computer search history.,
,I've always enjoyed ____ said ____,
,I've always imagined Santa's Sleigh was powered by ____ rather than reindeer.,
,I've always wanted to ____ you.,
,I've been ____ like eight times already.,
,I've been afraid of clowns ever since I heard one say ____,
,I've been keeping the rent price down in my neighbourhood by publicly ____.,
,"I've been working three jobs, so the only thing I have energy for is ____.",
,I've designed a spaceship powered by the energy released when you combine ____ and ____.,
,I've got ____ in low places.,
,I've lost my ____.,
,I've never lost my faith in ____.,
,"I’m Chef Zakir, and if you can’t stand ____, get out of the kitchen!",
,"I’m sorry, sir, but your insurance plan doesn’t cover injuries caused by ____.",
,I’ve always dreamt of ____.,
,"I’ve had a horrible vision, father. I saw mountains crumbling, stars falling from the sky. I saw ____.",
,Ideal first date: ____.,
,"If ____ ever becomes sentient, it's first act will be to kill ____.",
,"If ____ is wrong, I don't want to be right.",
,"If ____ isn't supposed to go in the microwave, why does it fit?",
,"If ____ was an Olympic sport, I'd win the gold medal.",
,If ____ were a sport I would be a star athlete.,
,"If ____ were an Olympic sport, I'd take home the gold.",
,"If ""Insert Name's"" life were turned into a musical it would be called the Sound of ____.",
,"If ""Insert Name"" could change one thing in the world, he/she would change how we think of ____.",
,"If ""Insert Name"" was Prime Minister, the first thing he/she would do is ban all ____.",
,"If a creepy guy won't leave me alone at a bar, I just start talking about ____ until he leaves. Works every time.",
,"If General Raheel Sharif was resurrected from the dead using gnarly pirate sorcery, he would cringe at the sight of ____ in today's Army.",
,"If animals could talk, they'd tell you how they REALLY feel about ____.",
,If at first you don't scceeed ____.,
,If at first you don't succeed try ____,
,"If at first you don't succeed, try, try, try ____.",
,"If Bigfoot came to your house, what would you feed him for dinner?",
,"If Captain Pakistan transferred to the Air Force, his indestructable shield would be replaced with ____, and his new catchphrase would be ""____!""",
,"If Captain Planet™ battles against ecoterrorism, then what does Lieutenant Planet fight?",
,"If JCOs are the backbone, what is the rectum of the Navy?",
,"If counting sheep doesn't work, sometimes I'll try ____.",
,"If The PM ever did date his daughter, Maryam, how would they spend their first date?",
,"If General Zia were alive he'd bust through that door, put an end to all this ____, and then bring back ____!",
,"If The Angel offered me the afterlife of my choice, I would wrap myself in razor wire and ____.",
,"If he were alive today, Quaid-e-Azam would be most proud of ____, but also disappointed in ____.",
,"If he were elected Prime Minister, what would Bilawal Bhutto bring to the PM House?",
,"If Maryam Nawaz can't satisfy her husband, what makes her think she can satisfy ____.",
,"If I could get rid of one thing from the world, it would be ____.",
,"If I could make up my own subject at school, it would definitely be ____.",
,"If I could study anything for a year, it would be ____.",
,"If I could take one thing with me to the afterlife, it would be ____.",
,"If I could take something to a dessert island, I'd take ____.",
,"If I could travel back in time to PMA Kakul, I would surely warn my past self about ____.",
,"If I die tomorrow, I will miss ____ the most.",
,"If I ever met a Jinn, I would give him ____.",
,If I ever met the PM I would tell him about ____ and ____.,
,"If I found a job that paid a living wage, I'd quit ____.",
,"If I get tired, you can wake me up with ____.",
,"If I had a super power, it would be ____.",
,If I had just one wish it would be for ____.,
,"If I had my way, everybody would be required to learn about ____ before graduating the 8th grade.",
,"if i had one thing to do before i died, it would be ____",
,"if I had to guess, my last words will probably be ____",
,If I have to see ____ again I'm gonna go crazy.,
,"If I hear ____ one more time, I'm going to punch a baby.",
,"If I opened my own restaurant in Lahore, I would call it ____.",
,If I saw Ali Zafar in the streets I would ____.,
,"If I spent less time ____, I'd feel more like an adult.",
,"If I started an order, it would focus on ____.",
,"If I was a ice cream flavor, I would be ____.",
,"If I were a mad scientist, I'd try to combine ____ and ____.",
,"If I were a Spice Girl, I’d be “____ Spice.”",
,if i were a super hero my power would be ____,
,If I were a superhero my super power would be ____.,
,"If I were a superhero, I would be Super ____.",
,If I were in hell I would probably have to ____ for all eternity.,
,"If I were you, I would ____ before I do anything else.",
,If I won the lottery the first thing I would buy is ____.,
,"If I won the lottery, first I'd buy ____.",
,"If I'm not ____ by the time I'm 45, shoot me.",
,If India builds nuclear weapons I will unleash ____.,
,"If it doesn't work out, we can always get oil from ____.",
,"If it hadn't been for ____, I would definitely have gotten away with it, too.",
,"If it wasn’t for ____, deployment wouldn't be so bad!",
,"If it were up to my, my homework assignment would be ____.",
,"If it weren't for ____, I wouldn't have spent that year in college.",
,"If it weren't for ____, my mind would have nowhere to go.",
,"If it weren't for Google, I wouldn't have a clue how to ____.",
,If it weren't for modern medicine I would have died of ____ a long time ago.,
,"If it weren't for my committee, I could be ____.",
,"If it weren't for your gumboots, where would you be? You'd be in ____",
,"If laughter is the best medicine, the second best is ____.",
,"If linguists were ever considered ""The Tip of the Spear"" then what would be the shaft?",
,"if Maryam Nawaz runs for PM in 2028, her slogan will be ____",
,"If Shahbaz Sharif could dream, he would dream about ____.",
,"If music be the food of ____, play on.",
,"If my deployment was made into a hardcore action film, it would be full of ____ and ____.",
,"If my deployment was made into a drama, it would be full of ____ and ____.",
,"If my relationship doesn't involve ____, then I don't want it.",
,"If NCOs are the backbone, what is the rectum of the Army?",
,"If not with my tongue, then with what? ____.",
,"If not with your finger, then with what? ____.",
,"If people wouldn't be so quick to judge, I would give ____ to the person on my left in a heartbeat.",
,"If public speaking makes you nervous, try imagining that the audience is ____.",
,"If the Arabian Sea had a mascot, it would be ____.",
,"If the eyes are the windows to the soul, then why are mine filled with ____?",
,"If the kids ever find out about ____, we're so screwed.",
,"If the stars align, this will be a good month for ____.",
,"If the walls in The PM House could talk, they would tell stories of ____.",
,"If there's a separate Jannah for command sergeants major of the Army, it is certainly full of ____ and neatly trimmed grass.",
,"If there's one thing I know about, it's ____.",
,"If there's one thing you'll never miss about being single, it's ____.",
,"If there's something strange in your neighborhood, who you gonna call?",
,"If this were my last night on earth, I'd want to spend it with ____.",
,"If The PM were King, what would Jannah's border wall be made out of?",
,"If we could eat ____, we could end world hunger.",
,If we don't protect ____ Pakistani families will suffer.,
,"If we got rid of slavery, why can't we get rid of ____?",
,If we have that wrestler join us for dinner ____ is sure to go down.,
,"If you ____, they will come.",
,"If You Ain't Artillery, You Ain't ____!",
,"If you build ____, they will come.",
,"If you can't be with the one you love, love ____.",
,"If you can't get rich dealing with ____, there's something wrong with you.",
,"If you can't handle ____, then this job just isn't for you.",
,"If you can't love yourself, how the hell you gonna love ____?",
,"If you can't see the water, you're not in Murree, you're deep in ____.",
,"If you could pick one thing to take to sleep-away camp, what would it be?",
,"If you decide to ride a polar bear, you should first ____.",
,If you don't laugh at ____ it's just sad.,
,"If you don't stop ____, I'll turn this car around!",
,"If you don't try ____, how do we know you're not a cop?",
,"if you don`t want anyone to find out, try ____",
,"If you eat then meet up with ____, you're a bloody legend",
,"If you enjoy ____, it's because you are weak, your bloodline is weak, and you will not survive the winter.",
,"If you forgot your lunch money, how would you pay for lunch?",
,"If you get cold feet the night before your wedding, try ____.",
,"If you get toys from a Happy Meal, what would you get from a Sad Meal?",
,"If you give me everything in your crisper drawer, I will ____.",
,"If you hold a Bata shoe to your ear, you can hear the sound of ____.",
,If you let my daughter go now that'll be the end of it. I will not look for you. I will not pursue you. But if you don't. I will look for you.,
,"If you like it, then you should put ____ on it.",
,If you liked it you should have put ____ on it.,
,"If you miss the last boat back to the mainland from Manora Island, prepare for a long night of ____",
,"If you need a break from the pressures of parenthood, try ____.",
,"If you need him to, Malik Riaz can pull some strings and get you ____, but it'll cost you.",
,If you rub a unicorn horn you will receive ____.,
,"If you say ""Bloody Mary"" three times in a row, the ghost of Noor Jahan will ____.",
,"If you sign up for our Platinum Membership, you'll get ____, absolutely free!",
,"If you eat too much paan, you are likely to ____.",
,"If you think your life is hard, I was just ____.",
,"If you thought Waar was bad, you should have seen what I did with ____.",
,"If you thought veggie omelet was bad, just wait until you try the newest MRE flavor. It tastes like ____!",
,"If you wanna be my lover, you gotta get with ____.",
,"If you want a picture of the future, imagine a boot stamping on ____--forever.",
,"If you want someone to leave you alone, just tell them about ____.",
,"If you want to marry ____, think about planning a proposal built around ____.",
,"If you were the Grand Mufti of Saudia Arabia, who or what would you issue a fatwa against?",
,"If you wish upon a star, you are likely to then ____.",
,"If you're going to play in Lahore, you gotta have ____ in the band.",
,"If you're not supposed to eat ____, why does it taste so good?",
,If you've got ____ flaunt it.,
,"If your Havaldar was captured by Enemy, they would torture him until he divulged info about ____.",
,Ill-advised Fancy Dress costume concept:,
,Imagine our shock when we walked in on our son live streaming ____ to the world. He is SO grounded.,
,Imagine the surprise when future generations open the time capsule and find ____!,
,Imagine what the world would be without ____.,
,"In ""Insert Name's"" memoirs he/she is going to reveal the biggest secret about ____.",
,"In 1,000 years, when paper money is a distant memory, how will we pay for goods and services?",
,"In 1,000 years, when paper money is but a distant memory, ____ will be our currency.",
,"In 1973, The PM sued the government to protect his right to not rent apartements to ____.",
,"In 2007, The PM started selling premium boxed meat. Customers said it tasted like ____.",
,"In 2019, The PM eliminated our national parks to make room for ____.",
,In 2028 The PM will finally declare war on ____.,
,"In a 1000 years, when paper money is all but extinct, our new currency will be ____.",
,"In a committed adult relationship, ____ goes a long way.",
,In a fight to the death against ____ I would use ____.,
,"In a groundbreaking experiment, ____ has given birth to ____.",
,"In a marriage, whatever the question is, the answer is always ____.",
,"In a move that has Lollywood insiders baffled, the producers of Pakistan Idol have decided to replace host Mohib Mirza with ____.",
,"In a new novel by Umera Ahmed, a young girl tragically falls in love with ____.",
,"in a public restroom, someone in the stall next to you grunts ____",
,"In a riveting speech, Gandhi convinced his followers of the virtues of ____.",
,"In a shocking new report, 80% of people under 40 now believe in ____.",
,"In a shocking turn of events, GHQ now authorizes Soldiers to wear ____ while on duty.",
,"In a world corrupted by ____, our only solace is ____.",
,In a world ravaged by ____ our only solace is ____.,
,"In addition to Kashmir Day, The PM has created ____ day.",
,"In addition to breakfast, McDonalds now serves ____ all day.",
,"In addition to ladyboys, it's best to watch out for ____ while in Thailand.",
,"In an argument, never begin a sentence with ____.",
,"In an attempt to appeal to Air Force dependents, Sesame Street has created ""Big Blue,"" a character who teaches the other muppets about ____.",
,"In an attempt to reach a wider audience, the National Museum of Pakistan has opened an interactive exhibit on ____.",
,"In an attempt to reach a wider audience, the Lok Virsa Museum has opened an interactive exhibit on ____.",
,"In an attempt to recreate conditions just after the Big Bang, physicists at the LHC are observing collisions between ____ and ____.",
,"In an effort to fight poverty in Pakistan, The PM bans ____ for citizens.",
,"In an exclusive Geo News interview, the PM revealed his new hobby: ____.",
,"In an incredible plot twist, ____ was the murderer and it was done with ____.",
,"In ancient Sparta, boys became men only after killing and eating ____.",
,"In Arabic, ALLAHU AKBAR translates to ____.",
,"In Australia, ____ is twice as big and twice as deadly.",
,"In Adiala Jail, word is you can trade 200 cigarettes for ____.",
,"In bookstores now: ""From ____ to ____: A memoir.""",
,"In bourgeois society, capital is independent and has individuality, while the living person is ____.",
,"In breaking news: they've finally entered Khewra Salt Mines, just to find ____.",
,"In chemistry lab today ""Insert Name"" learned how to make explosives by/with ____.",
,"In class today, we learned how to say ____ in Punjabi.",
,"in sujood, the molvi walked up behind me and said ____",
,"In exchange for safe passage, Lyari gangs are now bribing Seaman with ____.",
,"In grade school, I excelled at ____.",
,"In her latest feature-length film, Mahira Khan struggles with ____ for the first time.",
,"In high school, I was popular with the cricket team for ____.",
,"In high school, I was voted the most likely to ____.",
,"In high school, this girl tweeted about me, that I ____(ed)!",
,In hindsight having ____ at a child's birthday party was a bad idea.,
,"In hindsight, ____ was probably ill-advised.",
,"In hindsight, it seems obvious that ____ was never going to cure ____.",
,"In his final interview, Robin Williams discussed his private battle with ____.",
,"In his first 100 days in office, The PM would tackle the threat of ____.",
,"In his latest philanthropic effort, Malik Riaz plans to donate billions of dollars to support ____.",
,In his most astonishing magic trick yet Dynamo is now able to control ____ with ____,
,"In his new book, author David Sedaris details his life-long love affair with ____.",
,"In his new comedy, Umer Sharif is ____ trapped in the body of ____.",
,"In his new summer comedy, Humayun Saeed is ____ trapped in the body of ____.",
,"In his next movie, Humayun Saeed is ____.",
,"In his youth, Allama Iqbal struggled with ____.",
,"In its new tourism campaign, Lyari proudly proclaims that it has finally eliminated ____.",
,"In J.K. Rowling's new novel, Harry Potter and the Cursed Corps, Harry uses ____ in his fight against the dark forces of ____.",
,"In Shoaib Mansoor's new thriller, a young family discovers that ____ had really been ____ all along.",
,"In junior high, my favorite teacher taught me about ____.",
,"In KPK, it is illegal to keep ____ in your underwear, unless you are ____.",
,In Punjab there are whisperings that Raiwind has a secret room devoted to ____.,
,"In KZN, there are whisperings that Nkandla has a secret room devoted to ____.",
,"In line with our predictions, we find a robust correlation between ____ and ____ (p<.05).",
,"In Michael Jackson's final moments, he thought about ____.",
,"In middle school, the biggest rumor about me was ____.",
,"In my day, ____ only cost a nickel.",
,In my dream there were zombies ____.,
,"In my dreams, I am ____.",
,"In my last will and tetament, I will leave all my money to ____.",
,"In my life, there's always room for more ____.",
,In my nightmares I'm being chased by ____.,
,"In my opinion, ____ is grounds for justifiable homicide.",
,"In my school, my unofficial major was ____.",
,In my will I'm leaving my children ____.,
,"In order to stop my family from talking politics, I distract them with ____.",
,"In order to win more voters, Hillary Clinton will now support ____.",
,"In place of punishment, what are leaders now encouraged to use as punishment?",
,"In Poland, the #1 cause of infant mortality is ____.",
,"In preschool, I made finger paintings of ____.",
,"In Central Jail, word is you can trade 200 cigarettes for ____.",
,"In Central Jail,word goes around that you can trade 2000 cigarettes for ____.",
,"In psychology ""Insert Name"" learned that basic human needs include ____.",
,"In Atif Aslam's new single, he repeats the phrase ""____"" dozens of times over a skittering drum beat.",
,"In return for my soul, the Jinn promised me ____, but all I got was ____.",
,"In some cultures, ____ is considered a good omen.",
,"In some families, ____ is a bad word!",
,"In space, no one can hear ____.",
,"In terms of career development, I'm most focused on ____.",
,"In the 1950s, hakeems prescribed ____ as a cure for baldness.",
,"In the beginning, there was ____. And the Lord said, ""Let there be ____.""",
,"In the category ____, the first prize is awarded to ____.",
,"in the cave, Batman turned to Robin and said ____",
,"In the days before her death, Benazir Bhutto wrote a moving essay about ____.",
,in the delivery room the doctor examined ____,
,"In the distant future, historians will agree that ____ marked the beginning of Pakistan's decline.",
,"In the final round of this year's Omegathon, Omeganauts must face off in a game of ____.",
,"In the follow up to his #1 Best Seller ""Own Your Future,"" The PM has teased ____, a documentary series focused on ____.",
,"In the future, ____will be used as currency.",
,"In the future, the government will send someone back in time to warn us about ____.",
,"In the future, we will refer to this year as “The Year of ____.”",
,"In the gas chamber, it feels like ____.",
,In the grim darkness of the far future there is only ____.,
,"In the land of the blind, the one-eyed man is ____.",
,"In the last election ""Insert Name"" voted for the only woman candidate because of her love for ____.",
,"In the last year, Geo News has aired thousands of PM stories. But not once has it mentioned his ____.",
,"In the late 1990s, The PM tried to court his ""dream lady,"" Lady Diana, by bombarding her with ____.",
,"In the latest multi-level marketing scheme sweeping the nation, women are throwing parties to sell ____.",
,"In the latest political news, the Chief Justice reveals that ____ had really been ____ all along.",
,"in the morgue, the detective turned to his partner and chuckled ____",
,"In the name of Allah, I command you to stop ____.",
,"In the new Hum TV Original Movie, Mahira Khan struggles with ____ for the first time.",
,"In the new DLC for Mass Effect, Shepard must save the galaxy from ____.",
,"In the new episode of Pimp My Barracks, a few lucky Jawans find themselves with a room full of ____.",
,"In the new Javed Sheikh movie, Danish Taimoor pranks ____ for the first time.",
,"In the newest film from Taika Waititi, ____ finds ____ in the woods and long story short, results in ____.",
,"In the news story of the year, Mitchell's have announced their latest collaboration with ____, a new ____ flavoured chocolate.",
,"In the next election, voters must choose between ____ and ____.",
,"In the next episode, Ms. Frizzle and her class explore ____ in the Magic School Bus.",
,In the next Marvel movie we will witness ____ take on ____ for world domination.,
,"in the produce section, an old man picked up an avocado, squeezed it and whispered ____",
,In Pakistan it's now socially acceptable to have ____ in public,
,"In the Pakistan Air Force, we fight in Air, Space, and ____.",
,"In the year 2069, you can get ____ any time, any where.",
,In the year book I was voted most likely to ____.,
,"In the years ahead, pundits will debate the impact of the ____-gate scandal on The PM's legacy.",
,"In their new self-produced album, Young Stunners raps over the sounds of ____.",
,"In thier new self-produced album, Young Stunners raps over the sounds of ____.",
,"In this Administration, there's no official PM House pet. For unconditional love, The PM nuzzles ____.",
,"In this essay, I will be ____.",
,"In this paper, I will explore ____ from a feminist perspective.",
,"In this very special episode of Burka Avenger, she discovers first-hand what it is like to be ____.",
,In this week's The Lunchbox I found ____.,
,"In today's news conference, The PM made headlines when he denounced ____.",
,"In Lahore, the phrase ""Going to Data Darbar"" is actually slang for ____",
,In Centaurus you'll find 60 stories of ____(s) and ____(s).,
,"In The PM's Pakistan, the only acceptable form of dissent is ____.",
,"In The PM's opinion, free speech is warranted only in cases of ____.",
,"In The PM's opinion, the PSL should have more head-on-head collisions and ____.",
,"In Jannah, it is said that all brave warriors are given ____.",
,"In war, there is no substitute for ____.",
,"In what some are calling an act of desperation, the conservative billionaire Koch brothers are funding ____.",
,"In what's being hailed as a major breakthrough, scientists have synthesized ____ in the lab.",
,"In your Best-Man speech, I'd talk about when we found ourselves ____.",
,Inappropriate names for video games.,
,Incredible! Biologists have discovered an octopus capable of ____.,
,Indie-dyed yarns can have some crazy color names. Last week I bought a colorway called ____.,
,Infantry platoon - rational decisions making abilities = ____.,
,Informing the Police Officer that ____ is the reason you are speeding.,
,Instagram caption for a picture of your breakfast sausages,
,Instant oatmeal. Just add ____.,
,"Instead of ""Allah-hu-Akbar!"" the new Army catch phrase should be ""____!""",
,"Instead of a doodh pilai rasam, try ____.",
,"Instead of a turkey, I think I will pardon ____ on Eid.",
,"Instead of coal, Santa now gives the bad children ____.",
,"Instead of electricity, my new hybrid car runs by converting ____ into ____.",
,"Instead of going out, I'm secretly posting reviews of ____.",
,"Instead of paper, modern couples are using ____ as the first wedding anniversary gift.",
,"Instead of playing a card this round, everyone must stare the Card Czar while making a sound you'd make after tasting something delicious.",
,"Instead of rings, Sonic now collects ____.",
,"Instead of roses, he gave me ____.",
,"Instead of taking people's guns, let's focus on ____.",
,"Instead of trusting my inner voice, I think I'll just trust ____.",
,"Instead of mutton this year, my family is going to eat ____ for Eid.",
,"Instead of using wax to buff the deck, the Sepoy and below are forced to use ____.",
,"Instead of waterboarding Adiala Jail prisoners now have to endure ____, sometimes for hours on end.",
,Instructions unclear: finger stuck in ____.,
,Interrogators are now using ____ and ____ as their new go-to torture methods.,
,Introducing powdered ____! Simply add water to activate.,
,Introducing...____ the new childrens book by Umera Ahmed.,
,Investing in ____ was a total waste of money.,
,Inviting the new neighbours around to enjoy ____.,
,"India's new ""state of the art"" drone is basically a hang gliding Roomba® that uses ____ as its main weapon system.",
,Is ____ an instrument?,
,Is ____ the illegitimate love child of Sheikh Rasheed and Meera?,
,Is it any wonder that people started googling ____ and ____?,
,Is it OK that I sometimes fantasize about ____?,
,Is it really art? A sculpture of ____ made from ____!,
,"Is that ____ in your pocket, or are you just happy to see me?",
,Is that ____ stuck in your braces?,
,"Is this a dagger I see before me? No, it's ____.",
,ISIS is now demanding ____ in exchange for hostages.,
,Isn't it about time we legalized ____.,
,"Isn't the famous saying, ""Speak softly but carry a big ____""?",
,"It costs how much for an operation? I'm sorry, but we're going to have to use the ____ method instead.",
,It depends on what the meaning of the word(s) ____ is/are.,
,It didn't take long before ____ replaed Quaid-e-Azam on the 1000 rupee note.,
,It is a truth universally acknowledged that ____ brings happiness.,
,"It is a truth universally acknowledged, that a single man in possession of a good fortune, must be in want of ____.",
,It is bad luck to ____ before rolling a joint.,
,It is bad luck to ____ on Eid.,
,"It is better to have tried and failed, then to ____.",
,it is claimed Nazia Hassan's death was caused by ____,
,It is my belief that ____ would improve racial relations worldwide.,
,It is not widely known that most dhabas also make ____.,
,It is pitch black. You are likely to be eaten by ____.,
,It is said that the Pathans have 40 different words for ____.,
,It makes me sad to think about?,
,"It may be totally unconventional and shunned by society in general, but when you come right down to it, ____ is the best purchase I've ever made.",
,"It may have taken 11 years to process the paperwork, but you were finally awarded the Medal of Honor for ____.",
,"It may not be much, but we’ll always have ____.",
,"It might be the bath salts talking, but I love ____.",
,"It might look like ____, but it's actually ____.",
,"It never fails! You just want to nap at the Mess, but ____ always gets in the way.",
,It probably wasn`t the best idea to get caught ____ on the first day in my new job,
,It rubs ____ on its skin or else it gets ____ again.,
,It rubs the ____ on its skin or else it gets the ____ again.,
,It should be a goal of the human race to ensure that ____ never happens.,
,It takes both ____ and ____ to snatch victory from the jaws of defeat.,
,"It took seven years in a remote Tableeghi markaz, but I finally learned the art of ____.",
,It turns out the Reapers didn't want to destroy the galaxy. They just wanted ____.,
,It was ____ in the library with the ____.,
,It was all fun and games until ____.,
,It was bound to happen. ____ has taken over the world.,
,"It was Colonel Mustard, in the drawing room, with ____.",
,It was the craziest thing I've ever seen. I once saw a jawan kill a man with ____.,
,"It's 106 miles to Lahore, we got a full tank of gas, ____, it's dark… and we're wearing sunglasses.",
,It's 3AM. The red phone rings. It's ____. Who do you want answering?,
,"It's a bird! It's a plane! No, it's ____!",
,It's a fine line between pleasure and ____.,
,It's a good thing I am allergic to ____.,
,"It's a jungle out there, and that's why i never leave the house without my trusty ____.",
,"It's a secret, but if you whisper ____ to an illegal Pete's employee, they'll add ____ to your burrito.",
,"It's a simple dream, its about ____. It has always been about that.",
,It's about time we deported ____ to Australia.,
,It's all about ____ - no ____.,
,It's all fun and games until someone loses ____.,
,It's always darkest before ____.,
,It's always fun when ____ are at the pool.,
,It's annoying that parents are so obsessed with ____.,
,"It's been a long and difficult journey, but I'm now officially recovering from my encounter with ____",
,It's been five years but no one in the family will talk about the ____incident.,
,It's beginning to look a lot like ____.,
,It's dangerous to go alone! Take ____.,
,It's dangerous to go alone! Take this.,
,It's finally happening! I'm finally doing it! Yes! It's time for ____!,
,It's finally summer! Time to start ____.,
,It's hard to stand at attention when you're ____.,
,It's like ____ in a round hole.,
,"It's my birthday, so my wife said we could try ____ tonight.",
,It's never a bad time for ____!,
,It's not a real mehndi without ____!,
,"It's not surprising, the cling to their guns and ____.",
,"It's not that I'm so dependent on my phone, it's just that it keeps me distracted from ____.",
,It's not true Lahori hospitality unless it offers ____.,
,it's not truly Eid until my Grandpa shouts ____,
,It's often argued that our ancestors would have never evolved without the aid of ____.,
,"It's one thing to have their cat stare at you while you're eating, It's another to be stared at while ____.",
,It's pretty obvious my kid's first word will be ____.,
,It's raining cats and ____.,
,It's simple: we kill: ____.,
,It's so easy to hack the NADRA database. Even ____ can do it.,
,"It's so sad. Even with ____, ""Insert Name"" can't get a rishta.",
,"It's the ____, stupid.",
,It's the 21st century. A woman shouldn't have to apologize for ____.,
,It's Pakistan Day! What are you doing to celebrate?,
,"It's time for me to share my story. I will call it, ____: A Memoir.",
,"It’s not ____ that puts strain on a relationship, it’s ____.",
,It’s not delivery. It’s ____.,
,It’s trendy to include ____ in your wedding these days.,
,It`s been revealed that Hum TV`s latest drama will be called - ____.,
,"Its all good, dude! I've got noooo problem with ____.",
,"Its important to always bring ____ when going to the dawat with ""Insert Name"".",
,"Its okay, millions of parents struggle with ____ every day.",
,ALLAHU AKBAR. Translation: ____.,
,Maryam Nawaz moonlighted as ____ before becoming Chief Minister.,
,"Jellicle Cats come out tonight, Jellicle Cats come one, come all, the time for ____ is now, Jellicles come to the Jellicle Ball.",
,Aamir Liaquat has moved on from mangoes and is now spreading misinformation that ____ causes autism.,
,The PM is ____.,
,The Saint performed the miracle of ____ but it was never recorded.,
,Tahir-ul-Qadri specialized in ____ before his public ministry.,
,Maulana Tariq Jameel would never be caught ____.,
,The Molvi's guilty pleasure was ____.,
,Job interviews: not the best place for ____.,
,"Joey, look out behind you! It's ____!",
,John from the office tried ____ (ing) at the dhaba last night.,
,Join ____ and help wipe out ____!,
,"Join our peaceful community. We eat grapes. We live in tents. We enjoy ____, together.",
,June is Ramadan. What is the Army doing to celebrate?,
,Just a spoon full of ____ helps the medicine go down.,
,Just because you're married doesn't mean you have to give up ____.,
,"Just call me by the nickname I had in high school: ""____"".",
,Just say no to ____.,
,Just watch. ____ is how I will make history.,
,Taher Shah attributes his genius to ____.,
,Kanye West grabbed the mic from the award winner and shouted ____,
,"Karen still wants her 20 dollars back, or else you'll get ____!",
,Karma is ____.,
,Pakistan is now the world's number one exporter of ____.,
,Keep ____ away from my ____!,
,KEEP CALM AND CARRY ____,
,Keep that crusty ass Hawaldar happy with a whole lotta ____!,
,Keep your ____ close but your enemies closer.,
,Sadequain went back into his archives and found his original sketches for ____.,
,"Fawad Khan and Mahira Khan have teamed up for Humsafar II: More Tears, More Drama, and ____.",
,Key to a healthy marriage: ____.,
,"Kids and grown-ups love it so, the happy world of ____.",
,Kids Create Absurdity makes me want to ____.,
,Kids these days have no respect for ____.,
,"Kids these days with their iPods and their Internet. In my day, all we needed to pass the time was ____.",
,Kids were horrified to learn that their teddy bears were actually stuffed with ____.,
,"Kids, don't talk to strangers. Especially the ones who try to give you ____.",
,Kill two birds with one ____.,
,Kim Jong-Un pressed his big red button and screamed ____,
,Meera's brain is actually filled with ____.,
,Pakistanis love ____. That's our tucker!,
,"Knock, knock. (Who's there?) ____.",
,Know what I saw when I peeked at my neighbors? ____.,
,Geo TV's new reality show features eight has-been celebrities cooking with ____.,
,Hum TV's new reality show features eight washed up celebrities cooking with ____.,
,"Ladies and gentlemen, I propose a two-pronged plan. The first prong will be ____, and the second prong will be ____.",
,Heer and the ____.,
,"Last April Fools Day, my friends went too far with ____.",
,"Last holiday, I brought back ____.",
,"Last night ""Insert Name"" confessed he/she had ____ trapped in the basement.",
,Last night I dreamt about ____.,
,Last night I found ____ in my bed.,
,Last night I had a nightmare about ____.,
,Last night I had the oddest dream about ____ and ____.,
,"Last night I ate so much, I wanted to ____.",
,Last night was totally epic and can only be explained throught he eloquence of hashtags! #____ #____ #____.,
,"Last night, I crossed ____ off my bucket list.",
,"Last night, I had a horrible nightmare. I was on my knees, dressed in an orange jumpsuit and about to be interrogated by ____ in the name of ____.",
,"Last night, I tried ____ again. It was MUCH better the second time.",
,"Last time I ate too much biryani, I stupidly decided to ____.",
,"Last time I went to a dawat with ""Insert Name"" he/she brought home ____.",
,"Last week on my nightly stroll, I was bitten by ____. Now I have a unquenchable thirst for ____.",
,"Last week, three Lahore teens climbed the Minar-e-Pakistan to paint ____.",
,"Last Year for Eid ""Insert Name"" gave all of his/her friends ____.",
,"Last year, ""Insert Name"" got a new sweater for his/her birthday, but returned it and bought tickets to see ____ instead.",
,Laugh at the world and the world will ____.,
,Leading youth faith formation is difficult because of ____.,
,Leading marriage experts suggest ____ to improve your relationship.,
,Left ____ outside the dairy. Nekk minnit ____!,
,Legend has it Atif Aslam wouldn't perform without ____ in his dressing room.,
,Legend has it upon catching a Jinn you receive ____.,
,Legend tells of a princess who has been asleep for a thousand years and can only be awoken by ____.,
,Leni Riefenstahl's last movie was called Triumph of ____.,
,Leonardo DiCaprio will finally win an Oscar for his role in ____.,
,"Let all play Rock, Paper, ____.",
,Let it go! Let it go! ____ never bothered me anyway...,
,Let me assert my belief that the only thing we have to fear is ____!,
,"Let me tell you about my new startup. It's basically ____, but for ____.",
,Let's ____ each other's ____.,
,Let's address the huge elephant in the room: ____.,
,Let's cover our bodies in oil before we ____.,
,Let's do ____ right now.,
,Let's do ____ again! This is fun!,
,"Let's fight on of the most terrible diseases of all, ____.",
,Let's get messy with ____. So we can ____.,
,Let's go to the movies and see ____.,
,Let's role play by pretending that I'm a ____.,
,Let's set the mood with qawwali and chai before we ____.,
,"Let's take it from the top, and remember, you are ____. Show me _(SAME CARD AGAIN)_.",
,Liar liar pants on ____.,
,Liberals need to stop being so politically correct and start talking about ____.,
,Life for Aboriginal people was forever changed when the white man introduced them to ____.,
,Life for the Bushmen was changed when the white man introduced them to ____.,
,Life for the Bushmen was forever changed when the white men introduced them to ____.,
,"Life is a tale told by an idiot, full of sound and fury, signifying ____.",
,Life is what happens while you're ____.,
,Life isn't about finding yourself. Life is about ____.,
,LIFE PRO TIP: Try ____ instead of ____.,
,Life was difficult for cavemen before ____.,
,Life was difficult for the Bushmen before ____.,
,"Like ____, State Life Insurance is there.",
,"Like donkeys, The PM only sleeps for three hours a night. When he does, he dreams of ____.",
,"Like Midas reborn, everything she touches turns to ____.",
,"Like Santa, ____ is something only children and fools believe in.",
,"Listen son, your mother and I are getting a divorce, and it's because of ____.",
,Little Boy Blue go blow your ____.,
,"Live from Lahore, it's Pakistan's favorite game show! ""____ or ____?""",
,Locking your locker prevents barrack rats from stealing your secret stash of ____.,
,Long sultry nights at Nathia Gali will be spent playing with ____.,
,"Look at my record, I am the biggest proponent of ____.",
,Look before you ____.,
,Look up at the sky and wish upon a ____.,
,"Look, over there! It's a bomb crater! It's a mass grave! No, it's ____!",
,Looking to earn big bucks? Learn how to make ____ work for you!,
,Looks like I picked the wrong day to quit ____.,
,Loose lips sink ships. Don't ever discuss ____ or ____.,
,"Loosely translated, my name means ____ in Arabic.",
,"Lord prepare me, to be ____.",
,"Lord, give me patience, just not ____.",
,"Lord, I need ____.",
,"Lord, please guide my baby girl back to you and away from ____. Amen.",
,"Love ____, use ____.",
,"Love is patient, love is kind, love is ____.",
,love means never having to say ____,
,Love means never having to sya____.,
,Love without ____ is an empty experience.,
,"Loyalty, Duty, Respect, Selfless, Service, Honor, Integrity, Personal Courage, and ____: the newest Army Value.",
,Lucky to be ALIVE! Meera's TERRIFYING encounter with ____.,
,"Luke, I am your ____.",
,"Lynley Dodd's new book ""Hairy Maclary from ____""",
,"Ma'am, why are you crying?",
,"Ma'am, why are you sweating and breathing so heavily?",
,"Madam Prime Minister, the asteroid is headed directly for Earth and there's only one thing that can stop it: ____.",
,Magic Time! Watch me turn ____ into ____!,
,PCB has banned ____ for giving players an unfair advantage.,
,Make ____ great again.,
,"Make ____, not ____.",
,Make Pakistan great at ____ again.,
,Make some room in your life for ____. It'll be worth it.,
,Make sure you have ____ and the rest will take care of itself.,
,Sharing a meal with the person reading this card is like ____.,
,Mama always said life is like ____.,
,Bhangra is a dance. Luddi is a ____.,
,Man cannot live on ____ alone.,
,Many questioned the Lok Virsa's decision to feature an exhibit devoted to ____.,
,Many woman feel that they have to choose between having a career and ____.,
,Locals wouldn't have mind if Goras had traded blankets and muskets and ____,
,March at our country's capital while I ____.,
,Bilawal Bhutto's only accomplishment in the Senate was ____.,
,Umera Ahmed's next book is a thriller titled ____,
,Army coloring books filled with pictures of ____ and ____ are now being issued to all Recruits.,
,Marines are to ____ as Sailors are to ____.,
,"Jawans make numerous sacrifices to keep this country safe, which is why they should always be provided with ____.",
,"Marriage is a lot of work, which mainly consists of ____.",
,Marriage is like ____: it's alawys over sooner than you think.,
,Marriage: the end of ____ and the beginning of ____.,
,Zubaida Aapa always says that you can never have enough ____ around the house.,
,Martial law was declared because ____ + ____ don't mix.,
,Martin Luther just couldn't wrap his head around ____.,
,Allama Iqbal's real dream was ____.,
,Mary had a little ____.,
,"Rishta Aunty, Rishta Aunty, make me a match. Find me ____.",
,"Mate, do not go in that bathroom. There's ____ in there.",
,"Mate, do not go in that toilet. There's ____ in there.",
,Math is hard. Let‘s go ____.,
,Ahmed Ali and Hamza Ali became best friends right after discovering their mutual love for ____.,
,"Mattel's newest toy, ____, is selling like hotcakes.",
,Maturity is a process that involves patience and ____.,
,May ____ be with you.,
,May I have your attention please! ____. That is all.,
,May I live to the age that I am ____.,
,May the ____ be with you.,
,Maybe she's born with it. Maybe it's ____.,
,Me + ____ = ____.,
,Me a racist? I don't think so. You know how many of my friends are ____?,
,Me after I do 3 squats: ____.,
,Me and ____? That's just a rumor!,
,"Me oh my, I have enjoyed ____ yes boi.",
,Me Tarzan. You ____.,
,Me: ____. Alson Me: ____.,
,"Me: Hey, Randy! What's going on? Randy: Aw nothing, man. Just ____.",
,"Mea Culpa, Father, I couldn't make it Mass because of ____.",
,Meditating about ____ to control your stress.,
,Meet Misbah-ul-Haq's successor to the captaincy ____.,
,"Shaan's newest movie is titled: ""____"".",
,"Shoaib Mansoor contemplated a sequel called ""Khuda Kay Liye II: ____.""",
,Men are from Mars. Woman are from ____.,
,Men like ____.,
,Lawrencepur: You're gonna like ____. I guarantee it.,
,India and Pakistan will reunite once they get rid of ____.,
,"India will never pay for a wall, but it will pay for ____.",
,Michelangelo's newest painting is titled ____.,
,Maryam Nawaz outraged conservatives when she implied that ____ maybe wasn't such a bad thing.,
,Shoaib Akhtar + ____ = Instant YouTube hit.,
,"Milk milk lemonade, around the corner ____ is made.",
,"Millions of copies sold! The PM's ""The Art of ____.""",
,Meera ended things with Captain Naveed when he told her ____,
,"Mmmmm, ____! …and it's still warm!",
,Mmmmm… honey… you smell like ____.,
,Modern philosophers will never understand ____.,
,Mom always told me not to leave home without ____.,
,Mom always told me to beware of ____ because they often lead to ____.,
,Mom fell asleep while dreaming of ____.,
,Mom grounded me for three weeks after she found out I had hung out with ____ behind the school.,
,"Mom said ""Insert Name"" can have all the ____ he/she wants, just don't get any on the carpet.",
,Mom says I'mnot allowed to play with ____.,
,Mom trick: To calm a colicky baby just ____.,
,"Mom, I am not explaining ____ to you.",
,"Mom, stop treating me like ____! All kids are into ____ these days.",
,"Mom, thank you for not ____.",
,"Mom! Mom! Look at me, Mom! I'm ____!",
,Mom’s to-do list: * Buy Groceries * Clean up ____. * Soccer Practice.,
,"Momma always said, ""Life is like ____. You never know what you're gonna get.""",
,"Mommy says she's drinking tea, but I know it's really ____.",
,"Mommy, why is daddy crying?",
,"Mommy, why is Santa ____?",
,Mommy? What does ____ mean?,
,Moms will never understand ____.,
,Money can't buy you happiness but it sure beats ____.,
,Money from state lotteries goes to ____ to buy ____.,
,Reham Khan said she won't vote for another Khan because of ____(s).,
,Mood: ____.,
,Moral at work was boosted when they put ____ in the vending machines.,
,More restaurants need ____ on the menu.,
,Most Pakistanis would not vote for a candidate who is openly ____.,
,Most of my favorite bedroom activities involve ____.,
,"Most of the new activities downtown seem cool, but I absolutely refuse to try ____!",
,"Most things cleaned up fairly easily, but I'm still trying to get the liquid latex out of my ____.",
,"Mother, Father: today I am a man. Fetch me ____.",
,Mother's Day would not be complete without ____.,
,Movie executives decided the next buddy cop franchise should pair ____ with ____.,
,"Mr. and Mrs. Diaz, we called you in because we're concerned about Cynthia. Are you aware that your daughter is ____?",
,"Mr. Musk, as your legal counsel, I must strongly advise against ____.",
,Mr. Prime Minister the situation is worse than we thought. We're going to DEFCON ____.,
,Mrs. Claus needed to deliver the presents this year because Santa was too busy ____.,
,Geo TV's new reality show features eight washed-up celebrities living with ____.,
,Must love Allah and ____.,
,My ____ is getting bigger and bigger by the day.,
,"My 3 step solution to regain Pakistani prominence abroad: ____, ____, and ____.",
,"My addcition was so out of control, there was nothing I wouldn't do for just a taste of ____.",
,My addiction to ____ is starting to negatively affect my life.,
,My allowance this week is going to ____.,
,My anaconda don't want none unless you got ____ Hun.,
,My baby feels exactly like ____.,
,My baby has ____.,
,My baby will grow up to master ____.,
,My baby's diaper is so full of ____.,
,My babysitter says I can't have a snack until I clean up all of my ____.,
,"my babysitter tucked me in last night, then leaned in close and whispered ____",
,My babysitter's worst fear is ____.,
,My bedroom smells like ____.,
,My belly button has probably collected 10 lbs of ____ over the course of my life.,
,My belly is really craving ____.,
,My best friend died texting while driving. The last text she sent before crashing was about ____.,
,"My best friend is so dumb, he tried to use a pressure cooker to ____.",
,My best friend stopped talking to me over ____.,
,My best friends always pick their ____ in class.,
,My best parenting advice involves ____.,
,My BFF and I have a secret joke about ____.,
,My biggest fear about adulting is ____.,
,My biggest idol is ____.,
,My biggest regret is ever getting involved with ____.,
,My biggest source of embarrassment is ____.,
,My birthday party is going to be epic because ____ is coming.,
,"My body, my voice! ____, my choice!",
,My boss caught me daydreaming about ____ at work.,
,My boss heard me talking about ____ and now I have to have a meeting with HR.,
,My boss's wife really enjoys ____ with ____,
,My brother his my markers in ____.,
,"My brother must be going through puberty, because he spends most of his time ____.",
,My campaign heavy truck is fully stocked with ____.,
,My children are always so happy when they get to enjoy ____.,
,My college degree did not prepare me for ____.,
,My constant ____ just got me promoted.,
,My contribution to the potluck was ____,
,My cousin got kicked out of the house after she brought home ____.,
,"My credit card got canceled for suspicious activity when ____, ____, and ____ showed up in my purchase history.",
,"My credit score is so bad, but at least I'll always be ____.",
,"My current relationship is working, thanks to ____.",
,"My Dad walks in my bedroom and says ""It's time we talk about ____"".",
,My Dad's worst habit is ____.,
,My dancing would really improve if I worked on two things: my connection and ____.,
,My rishta meeting apparently could see auras. What did she see from my past that left her terrified and in the fetal position?,
,my daughter had a sleepover and I was shocked when I overheard ____,
,My daughter should never know about ____.,
,My dentist always yells at me for not brushing my ____.,
,My dissertation considers the relationship between ____ and ____.,
,My dissertation wasn't complete until I figured out the connection between Allama Iqbal's “Shikwa” and ____.,
,My doctor recently diagnosed my condition as ____.,
,"My doctor says ____ will kill me, but he went to government school, so whatever.",
,My doctor told me that I really needed ____.,
,My dogs breath smells like ____.,
,My earliest childhood memory is of ____.,
,My earlybird breakfast club discusses ____.,
,My enjoyment of ____ has turned into an addiction to ____.,
,My ex broke up with me because of my fondness for ____.,
,"My expectations after the 3rd meeting are that we ____, verses your expectations that we ____.",
,My family would be shocked to hear about ____ in my eulogy,
,My father never loved me because I was addicted to ____.,
,my father-in-law put his clammy hand on my knee and whispered ____,
,My favorite after school snack is ____.,
,My favorite after school subject is ____.,
,My favorite baby sound is ____.,
,My favorite quranic story is when Isa AS shares ____ with the crowd.,
,My favorite book is about ____.,
,My favorite cartoon is ____.,
,My favorite childhood memory is ____.,
,"My favorite Eid cookie is made with a lot of sugar, love, and ____.",
,My favorite drink is ____.,
,"My favorite hip hop song is about cars, money and ____.",
,My favorite hobby is ____.,
,My favorite MacGyver episode is where he escaped ____ using only ____.,
,My favorite Pokemon™character is ____.,
,"My favorite rapper is ""Lil ____.""",
,My favorite reality show is about bearded moulvis who often ____.,
,My favorite recipe for after-school snacks includes ____.,
,My favorite thing to eat? ____.,
,My favorite thing to read about is ____.,
,My favorite thing to replace the carrot nose on a snowman is ____.,
,My favorite YouTube™ star is famous for ____.,
,My first love was ____.,
,"My first major was Philosophy, but I recently switched to majoring in ____.",
,My first Presidential scandal will involve gratuitous amounts of ____.,
,My first thought when my water broke was ____.,
,My fondest childhood memories are ____.,
,My fortune cookie said I should spend more time playing with ____ and less time with ____.,
,The Faal-Nama said: “____ is in your future.”,
,My fridge is starting to represent ____.,
,My friend claims to have lost 10 lbs. in two weeks by simply ____.,
,My friends and I like to play hide and go ____.,
,My friends question my decision about ____.,
,My wife gave me chocolate-covered ____.,
,"My annoying roommate is so immature, I actually had to post a ""NO ____"" sign.",
,My grandkids need ____.,
,"My grandmother told me that back in her day, they didn't have fancy things like ____. They had to make do with ____.",
,"My Grandpa always says ""You can't have ____ if you do not eat your ____"".",
,My Grandpa burped and it smelled like ____.,
,My grandpappy used to sit on the porch and sing an old ghazal about ____.,
,My greatest asset is ____.,
,My greatest fear is ____.,
,My greatest strength is ____.,
,My career counselor told me I should focus on ____ as a carrer choice.,
,My guilty pleasure? ____,
,"My heart skipped a beat when he took my hand, leaned in close, and whispered ""____.""",
,My high school diary has a BUNCH of entries about ____.,
,My high school teacher lied to me about ____.,
,"My high school yearbook reads ""Most likely to ____.",
,My highschool nickname was ____.,
,"My homeboys tried to warn me, but ____ makes me so happy.",
,My horoscope predicted ____ would happen!,
,My house was destroyed in a freak accident by ____.,
,My husband definitely thinks I'm ____.,
,My husband is secretly ____.,
,"My husband may have ( his ) ____, but he has never lied to me.",
,My idea of winning is ____.,
,My ideal first rishta meeting would definitely include ____.,
,My ideal spouse is ____.,
,My imaginary friend likes to ____ when we hang out.,
,My imaginary friend's name is ____.,
,My job description is basically ____.,
,"My kid, Abdullah, always cries at mosque because of ____.",
,My kids are famous for ____.,
,My kingdom for someone who is willing to ____!,
,My love for you is like ____: peaceful and deep.,
,My Love is like a ____.,
,My spouse's hidden talent is ____.,
,My main goal in life is ____.,
,My math teacher sophomore year was fired for eating ____ in class.,
,My memory of last night is pretty hazy. I remember ____ and that's pretty much it.,
,My million dollar idea combines ____ with ____.,
,My mom always said ____ builds character.,
,"My mom is so happy when I visit, but I'm only there to be ____.",
,My Mom ran over ____ with the mini van.,
,My Mom read my diary and found out that I really like ____.,
,My mom said that ____ helps the medicine go down.,
,My Mom sent me to the grocery store to pick up ____.,
,My mom stressed the importance of ____.,
,My mom's cooking tastes like ____.,
,My Mom's farts smell like ____.,
,My most embarrassing memory has to do with ____.,
,My most embarrassing teenage memory? Let's just say it involved ____.,
,My most memorable day involved ____.,
,My most popular search term on Google is ____,
,My most recent gray hair is from ____.,
,My most significant contribution to this group is ____.,
,My mother told me never to ____ with strangers.,
,My mother was right about ____.,
,My mother-in-law looks a lot like ____.,
,My Mother-in-law won't stop bugging me about ____.,
,MY NAME IS CHUNGO. CHUNGO LOVE ____.,
,"My name is DJ ____, and I'm about to bring the sick beats!!",
,My name is Inigo Montoya. You killed my father. Prepare for ____.,
,My neighbor shocked the block when he he was arrested for ____ (ing).,
,my new favorite lassi flavor is called ____,
,My new roommate was great until she started ____.,
,my new scented candle is called ____,
,My new startup features overnight delivery of ____.,
,My New Year's resolution is to give up ____.,
,My New Year's resolution is to stop ____.,
,my new YouTube channel is called ____,
,My newest bumper sticker shows everyone that I support ____.,
,My newest docuseries deals with people coping with ____.,
,My next birthday piñata will be in the shape of ____.,
,My NGO name means ____ in Kiswahili.,
,"My old classmates have great careers. Meanwhile, I'm ____ all day.",
,My Old Karachi ____.,
,"My old, religious grandma is known for ____.",
,My online persona would be shattered if people knew that I'm actually ____.,
,My only real Army accomplishment was ____.,
,My opponent has an unhealthy obsession with ____.,
,My other car is a ____.,
,my P.E. teacher invented a new game called ____,
,My parents always make me ____ before school.,
,"My parents always told me I could be anything I wanted to be, but I just want to be ____.",
,My parents found ____ when browsing my web history.,
,My parents get really mad when they see me ____.,
,"My parents order desi food for dinner, and I open the box only to find ____ in my food.",
,"My partner is so competitive, but the only thing they beat me at is ____.",
,My partner uses ____ to mark their territory.,
,"My partner's ""fantasy night"" included ____. It was amazing.",
,My perfect day would have to include ____ followed by ____.,
,My perfet night at home starts with ____ and leads to ____.,
,My personal trainer showed me this cool thing I could do with ____ and ____.,
,My pet name for my high school friend was ____.,
,My plan for dominating you begins with a ____ and ends with a ____.,
,My post about ____ got the most likes.,
,My previous relationship didn't work out because of ____.,
,My problem is that I can't get enough of ____.,
,My doctor was quite impressed when he saw ____ on my x-rays.,
,The Peer Sahab warns that my future is filled with ____.,
,My relationship with my mother could be best described as ____.,
,My relatives won't shut up about ____ at Eid.,
,my research paper on the human body is titled ____,
,My road rage really gets out of control when the other driver is ____.,
,My safe word is ____.,
,My scared oath has sworn me to protect ____ from both ____ and ____.,
,"My school bag is filled with my lunch, my books, and ____.",
,My school bus driver smells like ____.,
,My secret fantasy is ____.,
,My secret fear.,
,My secret guilty pleasure.,
,My secret power?,
,My senior colleagues treat me the way I treat ____.,
,My shrink told me ____ would broaden my horizons.,
,My significant other loves it when I try ____.,
,My sister is most annoying when she is ____.,
,"My sister's memoir will no doubt be called ""A Life of ____.""",
,My Rishta was shut down for too much ____.,
,My Strange Addiction: ____. Thursdays at 8pm on Geo News.,
,My strangest rishta meeting ever involved ____.,
,"My teacher doesn't care about us students, she's only saving up money for ____.",
,My teacher pulls me aside to propose that I switch to a school specifically for ____.,
,"My teachers always used to tell me nothing good would come of me. Well, jokes on them, because today I can proudly say I am ____.",
,My therapist has uncovered repressed memories of ____ from my early childhood.,
,My therapist says I have an unhealthy attitude about ____.,
,My therapist told me to avoid ____.,
,My time in office will focus on the ____ crisis.,
,My dupatta blocks out ____.,
,My tour of the PM House radically escalated when ASF caught a glimpse of ____ in my bag.,
,My training didn't prepare me for ____.,
,My two favorite pizza toppings are olives and ____.,
,My two prong strategy for winning this election: ____ and ____.,
,my uncle Harry woke me up in the middle of the night and whispered ____,
,My uncle has a wardrobe in his house that leads to ____.,
,My vacation to the Murree ended with me sucking out venom from ____.,
,My way of dealing with conflist is ____.,
,My wife and I both love ____. That's why our marriage is so strong.,
,My wife Bushra Bibi will be a great First Lady. Her most important platform will be ____.,
,My worst rishta meeting ever involved ____.,
,My worst enemy once tried to defeat me with ____.,
,Naively thinking ____ was acceptable as security escort you out of the shopping centre.,
,Nanotech! All it does is make ____ smaller.,
,"Naturally, ____ came up in the divorce hearing.",
,Nature abhors ____.,
,Need to get revenge on a jacket-wearing Havaldar? Try cramming their freshly polished boots inside of ____.,
,Nervously introducing ____ into the conversation on a first rishta meeting.,
,Tableeghi Jamaat uses ____ to liven up their retreats.,
,"Netflix n Chai, more like ____ n Chai!",
,Netflix's® new original series is a sitcom based around ____ and ____.,
,Never eat soggy ____.,
,Never go to bed angry. It will only lead to ____.,
,Never go to mosque without ____.,
,Never gonna give ____ up.,
,"Never let anyone tell you that you can't do something. Look at me. I used to be ____, but now I'm ____. If I can do it, why can't you?",
,Never let Boy Scouts be in charge of ____.,
,Never mention on the first rishta meeting that you're into ____.,
,Never shake ____.,
,Never take candy from ____.,
,Never tell an expectant father about ____.,
,New at Salt n Pepper! It's what you've been waiting for: The ____ Burger.,
,New Pakistanis are not being forced to pledge their allegiance to ____,
,"New fom Mattel, it's ____ Doll!",
,New franchise idea: ____vs. ____,
,New from DC Comics®: Burka Avenger vs. ____.,
,"New from Mattel! It's BUNGO: The Game of ____.""",
,"New kicks, new clothes, ____ on fleek: Eid morning, here I come.",
,"New on the menu: BBQ X-tream! its like a normal bbq, but with ____.",
,New studies show ____(s) causes autism.,
,"New to the 2020 Summer Olympics, ____.",
,Newsflash. Maryam Nawaz is Prime Minister. What's Next?,
,"Next Eid, I will make it really special for my parents when I ____.",
,"Next month, Apple is introducing the new i____.",
,Next on Adult Swim: The adventures of ____ and ____.,
,Next on Aamir Liaquat: How to talk to your child about ____.,
,Next on Geo Super: The World Championship of ____.,
,Next on PTV Sports: The World Championship of ____.,
,Next on Ten Sports: The World Championship of ____.,
,Next on Ten Sports: The World Champsion of ____.,
,"Next on Geo Super, the world series of ____.",
,Next season on Celebrity Apprentice: ____.,
,"Next season on Man vs, Wild, Bear Grylls must survive the depths of the Ravi with only ____ and his wits.",
,"Next to Enemy, the biggest threat to global security is ____.",
,"Next to lollipops, ____ is/are ""Insert Name's"" favourite things to lick.",
,Next up in my Ravelry queue ____.,
,Next up on Channel 4: Ramsay's ____ Nightmares.,
,Next up on Jeeto Pakistan? ____,
,"Next up, Daniel Tiger sings a catchy tune about ____.",
,Next up: a wall to keep out ____.,
,"Next week on the Discovery Channel, one man must survive in the depths of the Ravi with only ____ and his wits.",
,Next year's Flipside theme is Flipside: ____.,
,"Next, on FM 100, we will be talking about ____.",
,Nick didn't hang out with Timmy. Timmy was into ____ while Nick enjoyed the finer things in life like ____.,
,Nights aren't so lonely when you spent them snuggling with ____.,
,Service has spent millions of dollars on their new tagline: Just ____.,
,Nine out of ten dentists agree that ____ causes cavities.,
,No Enforcer wants to manage the panel on ____.,
,"No justice, no peace, no ____. #NayaPakistan",
,"No matter how hard I scrubbed, it was impossible to get ____ out of my ____.",
,"No matter how many times I shower, I'll never be able to get rid of the stench of ____.",
,No more ____ jumping on the bed.,
,No more ____ at Chai Dhaba.,
,No one can resist ____.,
,No one cared about ____ until ____ was seen around town with it.,
,No one ever talks about ____ on the top of Minar-e-Pakistan.,
,No one expects the ____!,
,"No one is more professional than I. I am ____, a leader of Jawans.",
,No one listened to the scientist who warned us about ____.,
,No one retweets my stuff unless I post about ____.,
,No one should be allowed to be ____ in this country. Share if you agree!,
,No one should ever find their parents ____ (ing).,
,"No one talks about the tenth circle of Hell, which is punishment reserved for ____.",
,No one wants to ____ but sometimes it just happens.,
,No one warned me about tweens and ____.,
,"No pain, no ____.",
,No populist uprising is complete until a 60-year-old waitress has to start a GoFundMe.com campaign every time she needs ____.,
,"No shalwar, no kameez, no ____.",
,No sleep til' ____.,
,"No, Mom, ""____"" is not ""ironic.""",
,"No, no, no, no, no, no, NO! I will NOT let ____ ruin this wedding.",
,"Nobody expects the Spanish Inquisition! Our chief weapons are fear, surprise, and ____.",
,Nobody knew that ____ could be so complicated!,
,"Nobody knows how, or why, ____ became wildly popular in Lahore.",
,Nobody puts ____ in the corner.,
,Nobody seems to understand my political philosophy at all. Especially the part about ____.,
,None of us recognized that his subtle interest in ____ was really a terrible addiction.,
,"Normally I can cope, but ____ broke me.",
,India will achieve global domination with ____.,
,Not a big fan of that new ____-flavored ice cream.,
,Not a good idea to do a science project on the effect of ____ on frogs.,
,"Not a single profile picture gave me a good view of their face or figure, however, all of the pictures made their interest in ____, quite obvious.",
,Not again! You just caught your rackmate dreaming about ____ for the third time this week!,
,"Not content to just sell cookie, the Girl Guides are now offering ____.",
,"Not cool, PSL! Save the politics for Scouts Jamborees and ____.",
,"Not only do I want to eat everything in the refrigerator, I also want to ____.",
,Not realising ____ isn't acceptable behaviour on the beach.,
,Note to self: ____ = immediate DRB!,
,Note to self: ____ is not an acceptable form of contraception.,
,Nothing brings me more joy than ____.,
,Nothing excites a group of Moulvis more than ____.,
,Nothing gets a wedding reception fired up like ____.,
,"Nothing is better than cruising at 30,000 feet with ____.",
,"Nothing is better than ragging on the Navy, but ____ come pretty damn close!",
,Nothing is certain but death and ____.,
,Nothing is certain but death and taxes and ____.,
,Nothing is certain except ____ and ____.,
,Nothing is hotter to me than when a woman isn't afraid of ____.,
,Nothing reminds me of my ex more than ____,
,"Nothing says ""Pakistan"" like ____.",
,"Nothing says ""I love you"" like ____.",
,Nothing says “fulfilling life-long commitment” like ____.,
,Nothing says true love quite like ____.,
,"Nothing says, ""I trust you,"" like ____.",
,Nothing scares the Elites more than ____.,
,Nothing better with ____.,
,Nothing spells trouble like ____.,
,Now at the National Museum of Pakistan: an interactive exhibit on ____.,
,Now at the Lok Virsa Museum: an interactive exhibit on ____.,
,Now at the Lahore Museum: an interactive exhibit on ____.,
,Now at the Lok Virsa: an interactive exhibit on ____.,
,"Now in bookstores: ""The Audacity of ____"" by The PM.",
,"Now is my time: I'm young, dumb and full of ____.",
,"Now is the winter of our discontent, made glorious summer by ____.",
,Now on Hum TV! Maula Jatt: The Legend of ____.,
,Now on Netflix: ____.,
,Now on Netflix: Jiro Dreams Of ____.,
,"Now that he has retired, The General can finally devote time to his true passion: ____.",
,"Now that I have kids, my desire for ____ has diminished.",
,"Now that I'm more secure in my life, I take care of ____.",
,"Now that my child is in day care, I think about ____.",
,Now the Parliament is trying to take away a woman's right to ____.,
,Now this is a story all about ____.,
,"Now you have a friend in the ____ business."" - Malik Riaz",
,"Now, I an't sayin' she a gold digger, but she ain't messin' with no ____.",
,"Pakistan wants to be ____ free, by 2028.",
,"Pak Sar Zameen Shad Bad, does ____ yet wave o'er the land of the fre and the home of the brave?",
,The PM believes ____ is his greatest achievement in office.,
,"The PM... Half black, half white, all ____.",
,odd things to say while taking a beating ____,
,Of course Sheikh Rasheed never got married! He was too busy with ____.,
,Offering the rickshaw driver ____ because you don't have enough money to pay.,
,"Oh crap, now I have ____ on my face.",
,"Oh Lord, we show out devotion with a humble offering of ____!",
,Oh joy! Another workshop on ____.,
,"Oh look, I just found ____.",
,Oh my dear lord! That smells like ____.,
,"Ya Allah, you're covered in paan stains! What the hell happened??",
,Ya Allah! They killed ____! You bastards!,
,Ya Allah! ____ killed Kenny!,
,Ya Allah! I want to take a selfie where we ____.,
,"Oh my, it's ____!",
,"Oh no, ____! The PM's only weakness.",
,Oh no! Here it comes! Ohhhhh! It's ____.,
,Oh no! ____ is my only weakness!,
,Oh no! ____! My only weakness!,
,Oh no! Little Timmy died from ____.,
,"Oh no! Siri, how do I fix ____?",
,Oh no! The school principal just called about ____.,
,"Oh acha, ____'ll be alright.",
,Oh yeah? Well I graduated from the University of ____!,
,"Oh you haaaaaaave to see this new documentary on Netflix. I don't want to give anything away, but let's just say it will change the way you look at ____.",
,"Oh--My--Allah, Bushra. Look at ____.",
,"Oh, so just because I believe in ____, that makes me a Burger?",
,"Oh, so you think you're too good for us now, little ""Miss ____!""",
,"Oh, the weather outside is frightful. But ____ is so delightful.",
,"Oh, whoops! These are not the right pants for ____.",
,"Oh, your daughter should meet my son! He gives to charity, he loves ____ and did I mention he's a doctor?",
,Oi! Show us ____!,
,"Okay here's the pitch. Humayun Saeed and Fawad Khan are trying to score some chai, and then ____ happens.",
,Chacha Bashir had ____. E-I-E-I-O.,
,"Old Willy used to be just like you or me, before ____ got ahold of him.",
,Old- and new-school dancers alike were surprised with the success of the ____ room at our Friday night mehndi.,
,"On a 2012 hunting trip in Africa, what did The PM's sons feed to hungry villagers?",
,"On a first date, I usually say I like ____ and long walks in the park.",
,"On a flight that's going down, I would hope to have ____.",
,"On Eid break ""Insert Name"" received ____, the gift that keeps on giving.",
,"On Eid, Mother always stuffs the mutton with ____.",
,"On his/her new job application ""Insert Name"" lied and claimed to have 6 years experience with ____.",
,"On my deathbed, my last request will be ____.",
,"On my signal, unleash ____.",
,On my summer vacation I went to ____ and I saw ____.,
,"on our wedding night, my wife said to me ____",
,"On Eid, The PM will only pardon cows with Pakistani citizenship. All other cows, including anchor chicks, will be deported to ____.",
,"On the 8th day, Allah created ____.",
,"On the day set aside for the Lord, I like to ____.",
,"On the first rishta meeting ""Insert Name"" thought it was normal to bring ____.",
,"On the next episode of “My Strange Addiction”, Josh just can't get enough of ____.",
,On the Third day of Eid my true love sent to me ____.,
,"On the third day of Eid, my true love gave to me: three French hens, two turtle doves, and ____.",
,"On the twelfth day of Eid, my true love gave to me ____.",
,"On their first day at work, every new PM House employee swears their loyalty to The PM on a stack of ____.",
,"On today's Nida Yasir show, Keith from Manchester is going to reveal ____",
,"Once ____ hits your lips, it's so good.",
,Once upon a time I was sweet and innocent. Then ____ happened.,
,Once upon a time there was an old lady who had to ____.,
,Once you go ____ you should probably seek medical attention.,
,"Once you put your head under a hairdresser's helmet, your brain belongs to ____.",
,"One ____, two ____, red ____, blue ____.",
,One day I'm going to write a book about ____.,
,"One day, this little girl will be ____.",
,One good thing about climate change -- it'll wipe out ____.,
,One important benefit of breastfeeding is ____.,
,One in then CAREEM late night drivers will accept ____ in lieu of the proper fare,
,One moment while it ____.,
,One more thing. Watch out for Big Mo. They say he killed a man with ____.,
,"One nation, under ____, indivisible, with ____ and ____ for all.",
,"One nation, under ____, with ____ and ____ for all.",
,"One of Atif Aslam's lesser known names was ""____ formerly known as ____""",
,One of the benefits of using a midwife is ____.,
,One of the best things about Friday night is ____.,
,One parenting tip I wish I'd learned sooner is to never ____ without ____.,
,"One small step for man, one giant leap for ____.",
,One thing all Political candidates have in common? All of them are going to say that they want to destroy ____.,
,"One thing I've learned about the press is that they're always hungry for ____, and the more sensational the better.",
,"One time after trick or treating, I found ____ in my bag.",
,"one time while gently petting my dog, I thought to myself ____",
,One way of solving over-population is ____,
,"One weird trick for beautiful, clear skin:",
,One workplace idea I successfully implemented was ____.,
,"One, two, three and to the four, Ali Zafar and Strings is ____.",
,Only ____ looks good modeling ____.,
,Only in the Army will you find ____.,
,Only invoke ____ if you are ____.,
,Only parents know the joy of ____.,
,"Only the one willing to ____, deserves the golden leaf.",
,Only you can prevent ____.,
,"Ooo, baba like ____.",
,"Ooooooohh yeah, baby you know what I like. Gimmie ____.",
,Ooops. I Did It Again.,
,Oops! I did it again. I played with ____.,
,Oops… I spent the baby's committee fund on ____.,
,Open mouth insert ____.,
,Nida Yasir surprised her audience by giving everyone ____.,
,Other parents worry about ____ but I stress over ____.,
,Other things Ibrahim AS could have sacrificed.,
,Our ancestors must have been really tired when they made ____.,
,Our mosque? We go to Jamia Masjid of ____.,
,"Our current nuclear arsenal is old and disgusting! Under The PM, we'll have young, firm, beautiful warheads equipped with ____.",
,Our great Pakistani Prime Minister hasn't exactly had a positive impact on (the) ____ who are so happily and openly destroying Karachi.,
,Our next speaker is a distinguished professor of ____ at the LUMS.,
,Our perfect dawat ended with an argument over ____.,
,Our perfect family evening was ruined by ____.,
,Our proposal win themes are ____ and ____.,
,Our relationship is strictly professional. Let's not complicate things with ____.,
,Our son was sent home from school today for drawing a picture of ____ in art class.,
,"Our theory of change: If ____, then ____.",
,Our waiter at Salt n Pepper showed us his ____.,
,Our wedding night consisted of ____ and ____.,
,Our weekends are now consumed by ____.,
,Owning your own ____ gives you great power.,
,"P.S. Pakistan. I have no great, big, huge ____.",
,PAGING DR. ____!!,
,"Paper beats Rock, Rock beats Scissors, Scissors beat Paper, and ____ beats all of them.",
,"Pardon me, may I have a moment of your time to talk to you about ____?",
,Parenthood gets real when you experience ____.,
,"Parenthood: Eat, sleep, ____, repeat.",
,Parenthood: powered by ____ and sustained by ____.,
,Parenting is all fun and games until ____.,
,Parenting would be incomplete without ____.,
,"Pass me that tea, so that I can ____.",
,Payday isn't for 12 days and I already spent my whole paycheck on ____.,
,"Peace, Love, ____.",
,Pediatricians agree that ____ will not harm children.,
,Pediatricians now recommend that all children receive each morning.,
,Penalty! ____: that's 5 minutes in the box!,
,"Maula Jatt, Noori Natt, and Daaro are teaming up with a new supervillian who is unnamed but has the power of ____.",
,"People always see me as this successful, happy-go-lucky guy who has everything he wants. What they don't know is that deep down, I feel like ____.",
,People are always saying that I excel at ____.,
,"People don't ask this question, but isn't ____ a form of healthcare?",
,People have started eating ____ because it's organic and gluten-free.,
,People in Islamabad really frown upon ____.,
,"People say it's The PM, but we know that ____ is really responsible for the high debate ratings.",
,"People say Lahore is the city of food, but based on ""Insert Name's"" trip, it seems to be the city of ____.",
,"People say that the first thing they notice about me is ____, but let's be honest, it's actually ____.",
,"People think LUMS is the better school, but Punjab University students are more likely to be ____.",
,Personal foul: ____. 15-yard penalty. Automatic first down.,
,Peter piper picked a peck of pickled ____.,
,"Subedar, I regrettably request to inform you about ____.",
,Pixar had to cut ____ from their latest movie in order to keep it G-rated.,
,Pixar's next movie is Finding ____,
,Edhi Foundation is now using public funds to assist people suffering from ____.,
,"Play stupid games, win stupid prizes. Your punishement is ____.",
,"Play three, make a poem",
,Playing hard and fast with ____.,
,"Please be warned, altitude sickness will lead to ____, ____, and ____.",
,Please don't put ____ in your mouth.,
,Please don’t get upset. I didn't mean for ____ to scare you.,
,"Please forgive me, Allah, but when I get home from deployment, I'm ____.",
,"Please keep hands, feet and ____ inside the vehicle at all times.",
,Please stop ____.,
,"Please, just stop ____.",
,Pleasure the back of my ____ with (your/a ) ____.,
,Plot twist: they were ____ the whole time!,
,Podcasting about ____ is super difficult.,
,POLICE OFFICER: Step out of the car. YOU: Why? Is it because I'm ____?,
,"Poor Brandon, still living in his parent’s basement. I heard he never got over ____.",
,The PM just changed the rules again - now ____ is totally cool with Allah.,
,Popping ____ off the Minar-e-Pakistan.,
,Geo News's single most popular video features ____ and ____.,
,Too much biryani make me ____.,
,Biryani makes me want to ____.,
,Praying ____ away.,
,Pregnancy: the end of ____ and the start of ____.,
,Pregnant moms are really into ____ these days.,
,"The PM says Pakistan needs ""a good 'shutdown' in September to fix mess."" Your survival kit should include: ____.",
,The PM's most strenuous form of exercise? ____.,
,Presnting ____ as an option to improve sales to the Executive Board.,
,Press ↓ ↓ ← → B to unleash ____.,
,Moulvis think about ____ in their free time.,
,BILAWAL BHUTTO CAUGHT IN ____ SCANDAL,
,"Princess, there is no more food left in the kingdom, the peasants are starving and a revolt is imminent. What should we do? Let them eat ____.",
,Proposing ____ in an attempt to introduce some romance to your marriage.,
,Proposing to pay the delievery driver with ____ for your takeaway.,
,"Protip: “Hey, let me show you ____!” is not a good conversation starter.",
,"Proudly including ____ on your CV, to get your dream job.",
,"Proving there's no film he won't star in, get ready for Humayun Saeed’s “Escape from ____ Island”.",
,Pssst. You go around back. I'll distract the guards with ____.,
,Puff the Magic ____.,
,Purists agree: a true Anday Wala Burger must contain ____.,
,PIA now prohibits ____ on airplanes.,
,Randaflex™: The first over-the-counter treatment for ____.,
,"Rather than donating clothes to local charities, I prefer to give them ____.",
,"Read my lips, no ____.",
,"Ready or not, here comes ____!",
,Really! Vaccines are responsible for ____!,
,Receiving orders to Siachen is even more depressing than ____.,
,Records of ____ are found in the Secret Vatican Archives.,
,Recounting ____ in your after dinner speech.,
,"Recruiters will lie about anything, but they REALLY love spreading rumors about ____.",
,Recurring nightmare: I'm in high school and I'm ____.,
,Reluctantly accepting a birrthday voucher from your Nan for ____.,
,"Remember every time you think of ____, Allah kills ____.",
,"Remember there is no ""I"" in ____.",
,Remember to look both ways before you ____.,
,Remembering ____ to help you get through the hard times.,
,Renewing your monthly subscription to ____ Digest.,
,Repent and submit to ____.,
,Politicians are hoping to redefine themselves as the party of ____.,
,Politicians vowed to only approve a Supreme Court justice that supports ____.,
,Researchers now believe the increased level across Pakistan is a result of ____.,
,Revealed: Why He Really Resigned! The PM’s Secret Struggle with ____.,
,Reveille! Reveille! Reveille! Drop your stuff and grab ____!,
,Chaudhry Shujaat's tricked out Land Cruiser is probably filled with ____ and ____.,
,"Right before bedtime, when ""Insert Name"" was a kid, grandma would tell stories about ____.",
,Right-wingin' bitter-clingin' proud clingers of our guns our Allah and our religion and ____.,
,Pakola and ____ destroyed this Sailor's life!,
,Roads were closed today due to ____.,
,"Rock, paper, scissors, ____!",
,Rolling around at the speed of ____!,
,"Ranjha, Ranjha! Wherefore art thou ____?",
,Mathira gets thoroughly amaze by ____.,
,"Roses are red, Violets are blue, I am going to ____ with you.",
,Roses are red. Violets are blue. I am ____ and so are you.,
,"Roses are red. Violets are blue. That being said, ____",
,"PMA Kakul taught me many things, but it didn't teach me how to handle ____.",
,Lyari smells worse than ____,
,"Rudolph's shiny, red ____.",
,Rumor has it that Malik Riaz is building a VIP-suite at Bahria Town exclusively for ____.,
,Rumor has it that my doctor really loves ____. Especially when it comes with ____.,
,Rumor has it that the PM House has a bit red button labeled “____.”,
,Rumor has it that Vladimir Putin's favorite dish is ____ stuffed with ____.,
,"Rumor is, The PM is executing prisoners with ____.",
,Rumour has it that Nawaz Sharif's favourite dish is ____ stuffed with ____.,
,"Run, Toto! It's the Wicked Witch of ____!",
,"Sadly, ____ was not one of the amenities the birthing center offered.",
,"Sadly, the Minar-e-Pakistan is no longer a 10. She really needs ____.",
,Moulvis pray for people who struggle with ____.,
,Sally sold sea shells down by the ____.,
,"Santa came down the chimney, took one look at my mom and said ____",
,Santa Claus vs. The Easter Bunny: The battle for ____.,
,Maryam Nawaz's diary incessantly mentions ____.,
,Save the Children will now be saving ____.,
,Say hello to my little ____!,
,Say it loud! I'm ____ and I'm proud!,
,Say no to ____.,
,"Say what you will about ____, but at least it never killed anybody.",
,scariest things to hear in jail ____,
,"HEER: Where shall I go? What shall I do? RANJHA: Frankly, my dear, I don't give ____.",
,"Scholars have discovered a previously unknown Manto story called ""The Adventure of ____.""",
,School guidelines now prohibit ____.,
,School principals dream of ____.,
,School was canceled because of ____ again.,
,Science will never explain the origin of ____.,
,Scientists have discovered the true cause of autism: ____.,
,"Scientists have proved that once we die ,our souls are re-incarnated into a world of ____.",
,Scientists predict that within the next 50 years there will be ____ in every home.,
,"Screw the rules, I have ____.",
,Second lieutenant + ____ = massive amounts of failure.,
,"Security Forces are the best at ____, but are terrible at ____.",
,PSL 2035 will be hosted by ____.,
,Selfless service is best exemplified by a Jawan's dedication to ____ and ____.,
,Selling ____ in an attempt to pay the rent on time.,
,Students talk about ____ after class.,
,"Iman Taqwa Jihad has been replaced with ""____ and ____,"" the new Army motto.",
,"Senator, I trust you enjoyed ____ last night. Now, can I count on your vote?",
,Seriously considering giving up____ as it's starting to take over your life.,
,"Seriously guys, there's nothing funny about ____.",
,Sesame Street really went downhill after Big Bird and Elmo had to confront ____.,
,Sesame Street should have a show about ____.,
,Sesame Street should have a song about ____.,
,Setting ____ on fire at the PTI dharna.,
,Setting up a new local ____ club to meet new people.,
,Shall I compare thee to ____?,
,Sharron with the bright pink comb over just bowled in here asking to speak to ____.,
,"She could look past the compulsive gambling, and even the heavy naswar use, but once Amanda found out about ____, the marriage was over.",
,She just got a new tramp stamp of ____.,
,"She said she'd do anything for the part, but to make her do that thing with ____?",
,"She’s a lady in the streets, ____ in the sheets.",
,She’s not just my wife. She’s also ____.,
,Shocking your English teacher with a poem about ____.,
,"SHOCKING! Undercover report reveals how refugee Syrian children are exposed to ____, supposedly to calm them down.",
,Shout out to ____ for ____.,
,"Show me someone without an ego, and I'll show you a(n) ____.",
,SHOW ME WHAT YOU GOT.,
,Signs that you are THAT family.,
,Silly Ali Zafar. He tried rhyming ____ with ____.,
,Silly rabbit ____ are for kids.,
,"Imran Khan ____ of National Significance. Pakistan, 100% ____.",
,"Since leaving office, The PM has been coming to terms with ____.",
,"Since naswar was legalized in KPK, cases of ____ have skyrocketed.",
,"Sing: ""First to fight for the right, and to build the Nation's ____.""",
,"Sing: ""They say that in the Army ____ is mighty fine!""",
,"Sing: ""When my granny was 95, she did ____ just to stay alive!""",
,Single man reveal yourself .... Hi Ladies my name is Steve and my party Trick is... ____.,
,"Sir, for the last time. We simply do not allow ____ in here. You will have to find another establishment.",
,"Sir, why are you crying?",
,"Siri, I really wish you were good at ____.",
,"Siri, what is the meaning of life?",
,Joyland's new thrill ride lets you experience ____ at 120 miles per hour.,
,"Skidamarink a dink a dink, skidamarink a doo, I love ____.",
,Slaying the dragon was actually pretty easy. The hardest part of the quest turned out to be ____.,
,Smashing ____ right between the goalpost.,
,"Smokey the Bear says, ""Only you can prevent ____"".",
,Smug Air Force Academy grads believe they're the best at ____.,
,Smug Naval Academy grads believe they're the best at ____.,
,Snap crackle and ____.,
,Snug as a bug in a ____.,
,"So apparently Dad was searching Google for ""hot ____.""",
,"So happy the doctor was able to get ____ out. Next time I'll be more careful with what I put up my butt, lol! #neveragain.",
,"So happy the doctor was able to get ____ out. Next time I'll definitely be more careful with what I put up my butt, lol! #neveragain.",
,So many people forget to bring ____ when they camp out in the woods.,
,So that's why I called my night with Janet Snyder: ____.,
,"So the answer is ""Sunday"", the question is ____.",
,"So then he says, ""If you want to make this relationship work, you need to give up ____ and ____."" As. If.",
,"So you can give ____ to Allah, but your life belongs to the Corps!",
,So you're saying you have a PT waiver for ____? Niiiice…,
,So you're telling me we can land a man on the moon but ____ is out of the question?,
,"Soldiers have created a new religion, where ____ is held sacred above all else.",
,"Some are born great, some achieve greatness, and some have ____.",
,Some conspiracists belive that Shakespeare's plays were actually written by ____.,
,Some day I'm going to get a job ____.,
,Some days you wake up with an unexplainable desire for ____.,
,"Some men aren't looking for anything logical, like money. They can't be bought, bullied, reasoned or negotiated with. Some men just want ____.",
,Somebody's doing the raping? Who's doing the raping?,
,"Someday, you will be telling your grandkids about your day with ____.",
,Someone was a bad girl. Now you're going to need to be punished with ____.,
,"Sometimes discipline is used to mean punishment, but the real meaning of discipline can be described by the words ____.",
,Sometimes I fantasize about ____.,
,Sometimes I long for ____.,
,Sometimes pain can bring more pleasure. ____ works for me.,
,Songs about ____ are perfect for a rainy Saturday.,
,"Sorry everyone, I just ____.",
,Sorry I'm late I was too busy ____.,
,"Sorry, can't meet you for lunch tomorrow. Why? Oh, didn't I tell you? I'll be ____ all day.",
,Sounds like ____ but ok.,
,Stray dogs smell like ____?,
,Soylent Pink is ____!,
,Speak softly and carry ____.,
,Speculating whether the other people in the waiting room are also seeing the doctor about ____.,
,Spending time with ____ makes me happy.,
,"Burka Avenger senses danger with her ninja sense. I have a similar ability, except I sense ____ wherever I go.",
,"Spinach doesn't make you strong, ____ does.",
,Quaid-e-Azam is most notably quoted speaking about ____.,
,Santa brought ____ to kids for Eid for the first time.,
,"Imran Khan didn't just drive the corruption out of Naya Pakistan, he also drove out ____.",
,Abdul Sattar Edhi: Patron Saint of ____.,
,"Havaldar, this weekend I really messed up by ____.",
,"Standing at attention, the trainees yel, ""Off we go, into ____!""",
,"Star light, star bright, won't you ____?",
,"Statsically speaking, 9 out of 10 people enjoy ____.",
,Step 1: ____ Step 2: ____ Step 3: A cozy new sweater!,
,Step 1: ____. Step 2: ____. Step 3: Election!,
,Step 1: ____. Step 2: ____. The End.,
,Step 1: Deploy. Step 2: ____ Step 3: Receive Bronze Star.,
,Step 1: Fit all your ideas onto a Jinnah cap. Step 2: ____.,
,Step 1: Holiday in Murree. Step 2: Court Martial for ____. Step 3: Die of food poisoning.,
,Step 1: Request any posting except Siachen. Step 2: ____. Step 3: You're in Siachen now.,
,Step 1: Go to PMA Kakul. Step 2: ____. Step 3: Punishment.,
,Step 1. ____ Step 2. ____ Step 3. Party,
,"Sticks and stones may break my bones, but ____ will never hurt me.",
,Stitch marker? Who needs a stitch marker when you have ____?,
,Stop drop and ____.,
,Stop saying that I'm faking my disability. I really do have ____ Syndrome.,
,Stop staring at my ____.,
,Stop trying to make ____ happen. It's not going to happen.,
,Stop! I really need to ____!,
,STOP! The game ends here,
,Straight Outta ____.,
,"Strangely, I've developed a taste for ____.",
,Studies have shown ____ is good for you.,
,Studies show that babies are most cloesly related to ____.,
,Studies show that lab rats navigate mazes 50% faster after being exposed to ____.,
,Studies show that married people are much more likely than single people to have ____.,
,Studies show the average man thinks about ____ every seven seconds.,
,Success is 10% inspiration and 90% ____.,
,Such ____. Very ____. Wow. #PindiBoys,
,Suddenly realising you left your diary open in the kitchen with entries about ____ in it.,
,Sugar and spice and everything ____.,
,"Summer lovin’, had me a blast. ____, happened so fast.",
,"Nathia Gali: Come for the mountains, stay for ____.",
,Maula Jatt's only weakness turned out to be ____.,
,Maula Jatt's other lesser-known weakness is ____.,
,"Sure, ____ was an unlikely source of income during college, but $20 is $20, right?!",
,"Sure, I had no freedom as a child, but it was still better than ____.",
,"Sure, I know plenty of people who enjoy dreaming about ____.",
,"Sure, I like punishment, but ____ is a hard limit.",
,"Sure, Modi pays The PM. But not with money - with ____.",
,Surprise! GHQ's new supplement covers ____.,
,Surprise! You just ____.,
,"Surprisingly, Minar-e-Pakistan can be seen from space.",
,"Mahira Khan, is famous for her glowing ____.",
,Susie got a tummy ache from eating too much ____.,
,Sustainability will be assured through a razor-sharp focus on ____.,
,Suzy if you don't eat your food and keep misbehaving ____ will come and get you.,
,Sweet dreams are made of ____. Who am I to disagree?,
,"Sweet, I just got a Voucher for ____.",
,"Sweetheart, you and your sister escel in different ways. She's got her violin, and you've got ____.",
,Swipe right if you're looking for ____.,
,"LUMS: A bizarre playland for techies, groupies, and ____.",
,T'was The Night Before ____.,
,"Take it from me, yar. I do not recommend ____.",
,"Take your stinking paws off me, you damn dirty ____.",
,Taking up ____ as a new hobby to help you stop smoking.,
,Talk politely to me while I ____ your ____.,
,Always: Don’t let your period ruin ____.,
,"Karachi is full of Burgers, old people and ____.",
,Mahira Khan's most recent co-star: ____.,
,Lok Virsa's latest exhibit is the rare ____.,
,Teaching about ____ shortens my punishment time.,
,Sheikh Rasheed caused a stir today when he called a press conference to denounce ____.,
,Aamir Liaquat was banned from Geo TV after he was found in a hotel room with ____.,
,Teenage Mutant Ninja ____.,
,"Teenagers are calling it ""____"" and it's NOT what you think!",
,Geo TV will make a fortune with a reality show about ____.,
,Tell your doctor that you suffer from ____ if you want the REALLY good drugs.,
,Telling a story about ____ as you introduce yourself to your new work colleagues.,
,Telling your story about ____ in an attempt to salvage the interview.,
,The Donkey King comics need more ____!,
,Shahbaz Sharif usually imagines ____ to remain calm during his awkward press conferences.,
,Test subject 37 will be the world's most deadly predator thanks to successfully combining ____ with ____.,
,PIA apologizes for the delay in flight service due to ____.,
,"Thank heavens, my mom remembered to pack ____ in my lunch today.",
,Thank to the internet I was able to ____.,
,"Thank you Fahad, I'll take ____ for 800.",
,Thank you Mario! But ____ is in another castle!,
,Thankfully ASF now allows ____ to be carried on to planes.,
,"Thankfully, illegal use of ____ was expunged from my juvy record.",
,"Thanks to ____, everything tastes like ____.",
,"Thanks to ____, I now have a crippling fear of ____.",
,"Thanks to ____, we are all hip deep in sheep dip.",
,"Thanks, everyone, for coming out tonight. This next song is called ""____.""",
,Eid dinner was forever changed when my dad brought up ____.,
,That smells just like ____.,
,That time you got tired and accidentally told your boss about your ____ session.,
,That's nonsense! They can't fire me for ____!,
,"That's easy for you to say, Mr. Born With A Golden Spoon In My Mouth, but for me, ____ is all I got.",
,"That's my secret, I'm always ____.",
,That's not a technique or a procedure! That's just ____!,
,"That's right, I killed ____. How did i do that, you ask? ____.",
,That's the most fun I've ever had without ____.,
,The ____ Club was the most popular in my high school.,
,The ____ Sar Zameen Shad Bad.,
,The ____ industry will propel us toward a brighter future.,
,The ____ Dance Exchange,
,The ____ must flow.,
,"The ""new"" Army is now kinder, gentler, and more focused on ____.",
,The 102nd position of Yoga involves ____.,
,The 11th commandment is about ____.,
,The 1th plague: ____.,
,The ability to destroy a planet is insignificant next to the power of ____.,
,The operation was going as planned until the physician pulled out____ instead.,
,The absolute worse thing on this earth is ____.,
,"The Army Core Values: ____ first, ____ before self, and ____ in all we do.",
,The amazing adventures of Captain Toad and ____.,
,The Pakistanis are sick and tired of hearing about ____.,
,The villagers don't need electricity as long as they have ____ and ____.,
,"The arc of the moral universe is long, but it bends toward ____.",
,The area was evacuated and deemed uninhabitable due to ____.,
,the Army is trying to get more women to enlist with their new slogan ____,
,"The Army is using virtual reality to prepare for combat, which forces Jawans to endure hours of ____.",
,"The Army's new marketing campaign: ""Go Army. And be ____.""",
,"The Aussies have stolen Pavlova, Phar Lap and Crowded House but they can have ____.",
,The award for best ____ goes to ____.,
,The award-winning documentary on ____captivated us all.,
,The awesomest party is never complete without ____.,
,The back to school list had ____ on it.,
,The bake sale goes to support ____.,
,The batmobile lost a ____ and the Joker got away!,
,"The beloved leader, The PM, astounds his people with the invention of ____.",
,The best activity to do while camping is ____.,
,The best advice I've ever received?,
,The best advice my parents ever gave me was about dealing with ____.,
,The best bedtime stories include ____.,
,The best birthday parties have ____.,
,"The best childhood memory that ""Insert Name"" has is all the ____ he/she got to eat at the carnival.",
,The best Eid present Grandma ever gave was ____.,
,The Best Day Ever includes ____.,
,The best definition of the PAF is ____.,
,"The best excuse ""Insert Name"" could come up with for being late for work involved a crossing guard and ____.",
,The best Facebook® posts always have ____.,
,The best first rishta meetings usually end with ____.,
,The best form of contraception is ____.,
,The best in-kind donation ever received was ____.,
,The best moment of my life had ____ and ____.,
,The best part of being a Stay at Home Parent is ____.,
,The best part of having a teenager is ____.,
,The best part of losing my luggage in Dubai was ____.,
,The best part of my childhood was ____.,
,The best part of waking up is ____ in your cup.,
,The best part of waking up is ____.,
,The best picture from summer vacation is of ____. ____ can be deceiving.,
,The best pilgrimages offer ____ to its pilgrims.,
,The best reason for a vasectomy.,
,The best reason to get a babysitter.,
,The best recruitment method to date is ____.,
,The best revenge is ____.,
,The best selling book this year was ____ written by Reham Khan.,
,The best thing about being a female soldier is ____.,
,The best thing about modern day society is ____,
,The best thing about my partner is ____.,
,The best thing to watch on a big screen TV would be ____.,
,The best way to avoid getting pregnant is ____.,
,The best way to check someone off your guest list is ____.,
,The best way to secure a majority of votes is to have____ on every street corner.,
,the best way to sum up my high school experience is ____,
,The Quran is actually an extended allegory on ____.,
,The biggest lie my recruiter told me was ____.,
,"The biggest motivator to help ""Insert Name"" quit smoking was ____.",
,The biggest song of the year has us dancing as if we are going to ____.,
,"The blender always has a hard time cutting through ____ when ""Insert Name"" make's his/her breakfast smoothie.",
,The Qalandars have as much chance of winning as ____ has at getting happy.,
,"The branding consultant has recommended this as the new university slogan: The Future of ____, Today.",
,The cafeteria is serving ____ today.,
,The cause of most divorces is likely a result of ____.,
,The NIH says the outbreak was due to ____.,
,The ceremony ended with ____.,
,The children sprung from bed and ran down the stairs to find ____ under the bed.,
,The children were nestled all snug in their beds while visions of ____ danced in their heads.,
,The Chinese cannot get enough of importing American ____.,
,"The Chinese were surprised to learn that the three major components of the Aegis Ballistic Missile Defense System are ____, ____, and ____.",
,The house looked so much better with ____ perched on top.,
,the chunky child jumped on Santa's lap and said ____,
,The Moulvis never would have put up with ____.,
,The ISI reports that India is spending billions to influence ____.,
,The Roast of ____.,
,The concept of Global warming was created by ____.,
,The MNA accidentally tweeted a shirtless picture of himself with what appears to be ____.,
,The couple has a wonderful life filled with ____ ahead of them.,
,The course of ____ never did run smooth.,
,The curious lieutenant found ____ on the other side of the latrine wall.,
,The curse! The child has been born with the mark of ____!,
,The data collected with SurveyCTO revealed that the project is getting the greatest results from ____.,
,The rishta aunty found my perfect mate based on our shared love of ____.,
,The day I vote is the day I'll be ____.,
,The day I woke uyp and realized I was too old for ____.,
,The Department of Psychology is looking for paid research volunteers. Are you 18-25 and suffering from ____.,
,The deplorable state of morale in the Army can be attributed to a combination of ____ and ____.,
,The difference between Lahore and Karachi biryani is ____.,
,The difference between winning and losing is ____.,
,The Discovery Channel presents: ____ week.,
,"The doctor asked my sister to say ""Aaaaah,"" and ran screaming from the room when he saw ____.",
,The doctor looked up my borther's nose and found ____.,
,"The doctor told us it would be a girl, but to our horror, what came out was ____.",
,The drones that deliver groceries today wil carry ____ tomorrow.,
,The Nikkah Khutbah is so long because of ____.,
,The tea contains a potent dose of ____. Can you feel it yet?,
,The elders of the village recommend ____ as a cure for baldness.,
,The emperor's new ____.,
,The medicine actually works better if you chase it with ____.,
,The ER could not belive they had to remove ____ from ____'s nose.,
,"The Eskimos may have fifty words for ""snow"" but they don't have one for ____.",
,The eyes are windows to ____.,
,"The JF-17 Thunder may be the most lethal fighter on the planet, but it's no match for ____.",
,The family reunion got awkward when we brought up grandma's love of ____.,
,The store room is frequently used for committing unspeakeable acts involving ____ and ____.,
,The fastest route to parental PTSD.,
,The fastest way to embarrass your kids is to tell their friends about ____.,
,"The fault, dear Brutus, is not in our stars, but in ____.",
,"The few, the proud, ____.",
,The final event of the Best Jawan Competition involves the competitors paying homage to ____.,
,The final protector of law and order wil be ____.,
,"The fire alarm didn't wake me, but ____ sure did.",
,The firefighters have secret orders to let ____ burn.,
,The first rishta meeting went so well... So why did the second rishta meeting end?,
,"The first five years are the hardest. After that, it’s all ____.",
,The first issue the couple tackles in marriage counseling will be ____.,
,The first message we received from another planet was just a request for ____.,
,The first drama I watched prominently featured ____.,
,The first rule of Fight Club is: don't talk about Fight Club. The second rule of Fight Club is: don't talk about ____.,
,The first settlers on Mars will need to bring a whole lot of ____,
,the first thing Helen Keller learned to sign was ____,
,"The first time I met up with someone off an App, we ____ (ed).",
,"The Five Stages of Grief: denial, anger, bargaining, ____, acceptance.",
,"The Four Horsemen of the Apocalypse: Pestilence, War, Famine, and ____.",
,"The four shifts at Desert Bus: Dawn Guard, Alpha Flight, Night Watch and ____.",
,The Edhi Foundation is launching a small grants program to eradicate ____.,
,"The gifts got switched, so I accidentally gave my niece ____ for her 10th birthday.",
,The government have now passed a new law which makes ____ compulsory.,
,The government of Pakistan has declared that access to ____ is a basic human right.,
,The greatest cosplay ever: ____.,
,The greatest force for destruction of the 21st century is ____.,
,The greatest lie ever told was ____.,
,The Jawan Diet: - 1 part ____; - 2 parts ____; - And a dash of ____.,
,The Sharifs have been selling ____ to the children of Lahore.,
,The hardest part of my life was when I was dealing with ____.,
,The Rangers interrogate suspect by repeatedly subjecting them to ____.,
,The hills are alive with the sound of ____.,
,the horse that won the Kentucky Derby last year was called ____,
,The hot guy I always think about has ____.,
,The hot new nightclub in town is called ____.,
,The hottest new Hum TV drama of the year: ____: The Musical.,
,The human race is ____.,
,The humanitarian situation in Kashmir reminds me of ____.,
,The Luddi Dance is your chance to ____.,
,The idea of getting married is bearable if I'm allowed to be ____.,
,The ideal way to punish those assholes who throw trash off the ship is to force-feed them ____.,
,The incredible awesomeness of ____.,
,The internet now makes ____ obsolete.,
,"The irony is that Ayn Rand's books were really about ____, the whole time.",
,The Government has spent billions of rupees researching ____.,
,The PM is loose. And by PM I mean ____.,
,the Yoga position I'd like to try is called ____,
,The key to a successful marriage is ____.,
,The key to being the ideal Jawan is ____.,
,"The kid playing Richard III accidentally yelled, ""My kingdom for a ____!""",
,"The King is dead, long live ____.",
,"The last house party I went to, I walked in on (insert name) and (insert name) doing ____.",
,The last mile is paved with ____.,
,The last thing I remember last night is when I tried to ____.,
,the last thing I remember the dentist telling me was ____,
,The last thing I want to show up on my doorstep on a Friday night is ____.,
,the last thing Koko the gorilla signed to the world was ____,
,The last thing you will see before you die: ____.,
,"The last three items on my ""bucket list"":",
,"The last time ""Insert Name"" was stuck in an elevator he/she survived by eating ____.",
,"The last time I ____, I was ____ all night long.",
,"The last time I did a Monster Under the Bed check, I found ____.",
,"The last time I got ____ed, I was 100% ____.",
,"The last time I misbehaved, my Ami punished me with ____. I won't do that again.",
,The last time I went to Hyperstar I walked out with ____,
,The latest 20/20 episode: The War on ____.,
,"The latest university scandal: a party where the theme was ""____.""",
,The latest miracle is a statue whose eyes bleed when in the presence of ____.,
,The latest Zubaida Aapa DIY video is about making ____ with only wire and ____.,
,The latest TLP sign: ALLAH HATES ____.,
,The little ____ that could.,
,"The little known 11th commandment is ""thou shalt not ____"".",
,The little-known eighth deadly sin: ____.,
,The local butcher sells delicious meat made from ____.,
,"The Lord said, ""Let there be ____.""",
,"The low point of the wedding was when the bride's uncle gave a long, incoherent toast about ____.",
,The magazine cover featured ____ as well as ____.,
,The main life lesson I learned in school was ____,
,The main reason for my social anxiety is ____.,
,The Army ensurs ____ is hand delivered to needy children around the world.,
,"The Mayan calendar predicts ____, starting about 20 minutes ago.",
,The Mayor was really smoking ____ in that video,
,"The Nishan-e-Haider is normally given out for exceptional bravery. However, my great-grandfather Earl got it because he was ____ in WWII.",
,The meek shall inherit the ____.,
,The Mile High Club? Amateur. I joined the ____ club last year.,
,The military is set apart from other professions because Jawans must be prepared to use ____.,
,The military is stepping up its efforts on operation ____.,
,The monkeys at the zoo always throw ____ at me when I walk by.,
,The moon is made of ____.,
,The more ____ the Merrier!,
,"The more people I meet, the more ____ sounds like a really good idea.",
,The most awkward moment of my life featured ____ and ____.,
,The most common search on POLITICO?,
,The most controversial game at PAX this year is an 8-bit indie platformer about ____.,
,The most controversial PSL ad last year featured ____ and ____.,
,The most effective way of killing the cast of Love Island is ____ .,
,The most famous person I know is able to ____ while juggling radishes.,
,The most gut-wrenching thing known to man is ____.,
,The most important person in the room on the day I give birth is ____.,
,The most important responsibility of my last position was ____.,
,The most magical moment of motherhood is ____.,
,"The most popular Google search in rural Zambia is ""____.""",
,The most popular Instagram post of the month was ____ covered in ____.,
,The most sought-after endorsement?,
,The most treasured possession from my many adventures are the mummified remains of ____.,
,The most underrated sacrilege of all is ____.,
,The most used app on my cell phone is for ____,
,the motto on our family crest translates to ____,
,the name of Atif Aslam's next Lahore show is ____,
,"The name of the winner for Best Picture? ""____"".",
,The National History Museum has just opened an interactive exhibit on ____.,
,"The neighborhood kid didn't use snow for their snowman, they used ____.",
,The new Amphibious Assault Vehicle is really just a fishing boat filled with ____.,
,The new Toyota Corolla. With the power and space to take ____ everywhere you go.,
,The New Tabdeeli's greatest tool is ____.,
,The new Honda Civic. Built for stability with plenty of cargo space for ____.,
,The new iPhone is called iPhone ____.,
,The new national holiday is called ____ Day.,
,"The new petting zoo inside the GHQ features pony rides, baby goat feeding, and ____.",
,The new Shoaib Mansoor movie takes an unusual look at ____.,
,the new tagline for Joshanda ____,
,The New World Order is really just ____ on steroids.,
,"The newest Army Regulation extensively covers ____, for the new Chief of Staff.",
,The newest chai dhaba in the Defence features ____ on the menu,
,The newest Islamic podcast talks entirely about ____.,
,"The newest Navy Regulation extensively covers ____, a major focal point for the new Commandant.",
,The newest hit naat to hit the Mosque is called ____.,
,The newest intramural sport involves ____.,
,The newest iPhone now includes an app for ____.,
,The newest reality TV star amazed everyone by making a sculpture of ____ out of ____.,
,"The newest religious charity, Edhi's Huge Package, sends ____-themed care packages to troops overseas.",
,The newest revision of the Constitution now allows ____ to more effectively compel compliance.,
,The newest scientific discipline is the study of ____.,
,The next best superhero will have ____ as a special power.,
,The next big scandal will be ____ gate.,
,The next Jirga will be in response to ____.,
,The next executive order will outlaw ____.,
,The next popular TV show will feature ____.,
,The next Minar will be built for ____.,
,The next summer Olympics will feature the new event: ____.,
,The next PSL Final will have a surprise performance by ____.,
,The next travel ban will be aimed at ____.,
,The Health Ministry has revealed that ____ is the most likely cause of death in Pakistan.,
,"The night before a blizzard, always stock up on ____ and ____.",
,The Nobel Peace Prize goes to ____ for ____,
,The NSA wants to talk to me about an email I sent containing these key phrases:,
,The Sultans never should have traded Shahid Afridi for ____.,
,The old argument of “Lollywood” vs. “Bollywood” is mirrored in the real world by “____” vs. “____.”,
,The Olympic Committee are considering ____ as a new sport for the next Olympic games.,
,The ones who hate war the most are the ones who ____.,
,The only mind-altering substance I use is ____.,
,The only reason a few Sailors graduated was because they bribed the cadre with ____.,
,The only reason I would ever re-enlist is if the General granted me unlimited access to ____.,
,The only redeeming quality of PMA Kakul is ____.,
,The only thing better than a peanut butter and jelly sandwich is a ____ and ____ sandwich.,
,"The only thing dumber than removing ""man"" from all Army job titles is ____.",
,The only thing Harambe was truly guilty of was ____.,
,The only thing I can do in the drawing room is ____.,
,the only thing I can say well in a Pashtun accent is ____,
,The only thing The PM truly finds MARVELLOUS is in fact ____.,
,The only thing more rewarding than ____ is ____.,
,The only thing my father got in the divorce was ____.,
,The only thing recruiters love more than lying is ____.,
,The only thing sadder than having BAH taken away is ____.,
,The only thing standing between you and your next promotion is ____.,
,The only thing that can match the intensity of a rickshaw race is ____.,
,The only thing that gets me through my morning commute is ____.,
,The only thing that makes me feel validated as a human being is ____.,
,"The only thing that makes me think this sick, sad world can get any better is ____.",
,The only thing to fear is ____,
,The only thing we have to fear is ____.,
,The only thing worse than ____ is having ____,
,The only thing worse than ____ is ____.,
,The only thing worse than ____ at a wedding is ____.,
,The only thing worse than mindlessly reading Army Regulations is ____.,
,The only thing worse then ____ is ____.,
,The only way is ____. The brutal new reality show coming to Hum TV,
,The Operations Executive got suspended for displaying ____.,
,the parent-teacher conference ended when my ex-wife said ____,
,The pen is mightier than ____.,
,The GHQ? That's a very low-energy building. Our fabulous new Department of Ass-Kicking is going to have ____.,
,"The phrase ""Pakistan Zindabad!"" should be hollered whenever ____ is combined with ____.",
,"The phrase ""Fix Yourself!"" reminds me of ____.",
,The police arrested ____ for illegal use of ____.,
,The PM is writing about ____ right now.,
,The power of ____ compels you!,
,"The PM is currently under fire from the opposing party for his ""extremist stance"" on ____.",
,The PM just declared ____ as a national treasure.,
,The Presidental line of succession under The PM: Sheikh Rasheed. Fawad Chaudhry. ____.,
,The presidential election came down to a choice of either ____ or ____.,
,The Presidential reality show would feature ____.,
,The primary has been 0 days without (a) ____.,
,The problem with society today is ____ and their darn ____.,
,The producers of ____ bring you a heartwarming story about ____.,
,The proposal featured ____.,
,The dealer lied to me. She said that ____ was legal in Lahore.,
,The Pulitzer prize for ____ goes to ____.,
,The quality of service you may receive will depend directly on your ____ and my mood.,
,The real hobby of El Chapo is ____.,
,The real reason for the Political schism.,
,The real reason that Bad Hombres should be kicked out of Pakistan is ____.,
,The real reason they don’t want to go to school today.,
,The reason the ozone layer is decaying is because of ____.,
,"The recruiter promised me an exciting career traveling the world, but it was more like an endless nightmare of ____.",
,The Edhi Foundation is currently providing ____ to poverty stricken areas of Africa,
,"The restaurant was nice, but I was surprised to see ____ on the menu.",
,"The road to ____ is riddled with broken hearts, shattered dreams, and a whole lot of ____.",
,The road to adulting is paved with ____.,
,The road to hell is paved with ____.,
,The road to success is paved with ____.,
,The root of all evil? ____.,
,Aitchison College for boys will be the first in Pakistan to introduce ____.,
,The Lahore Museum has just opened an interactive exhibit on ____.,
,The savvy Lahori's guide to ____.,
,The school counselor wants to talk to us about ____.,
,The school excursion was completely ruined by ____.,
,The school field trip was completely ruined by ____.,
,The school field trip was ruined by ____.,
,The school trip was completely ruined by ____.,
,The Police interrogate suspects by repeatedly subjecting them to ____.,
,The Admiral's plan to ban ____ aboard ships should further accelerate the pussification of the Navy.,
,The secret 11th Commandment is ____.,
,The secret agenda of the ____ is ____.,
,The secret ingredient in ____'s award-winning chili is adding ____.,
,The secret ingredient in my casserole surprise is ____.,
,The secret password is: ____.,
,"The secret to a lasting marriage is communication, communication, and ____.",
,The secret to getting your adopted street dog back into Pakistan is ____.,
,The secret to my success at work is ____.,
,"The secret to my success with women? Well for starters, I'm rich like ____.",
,The self help book I just bought is going to help me deal with ____.,
,The sequel is here! Get Ready for ____2: ____.,
,The sergeant major must be a wizard because he can instantly transform into ____ and ____.,
,The Subedar Major caught me ____ in my barracks room.,
,The Seven Dwarfs' awkward cousin: ____.,
,The severe discomfort in my back was caused by ____,
,The shame that only comes from ____.,
,The sight of ____ always makes me cry like a small child.,
,The sign of true adult maturity:,
,the slogan for my new plumbing company is ____,
,The smell of ____ is nothing compared to ____,
,The smell of ____ reminds me of Eid.,
,The Lok Virsa Museum has just opened an interactive exhibit on ____.,
,The Senior Officer seducing young Soldiers is exhibiting a ____ leadership style.,
,The snozzberries taste like ____.,
,The solution to our economic troubles?,
,"The Lyari Gangs let ""Insert Name"" go free after they found his/her valuable stash of ____.",
,The Pakistani Government has declared that access to ____ is a basic human right.,
,The PCB has banned ____ becuase it resulted in giving players an unfair advantage.,
,The PCB has banned ____ for giving players an unfair advantage.,
,The special ingredient of kheer is ____.,
,The Spirit is leading me to tell you about ____.,
,"The spirit of The General is rumored to haunt the grounds of PMA Kakul, channeling his ghostly energy into ____.",
,The stained glass window in the back of mosque is about ____.,
,"The story of ""Insert Name"" getting his/her first rishta involves that back seat of a car, a security guard, a flashlight, and ____.",
,The story of my life is ____.,
,The students at the University of the Punjab have developed a more economic ____.,
,The sweet sensation of ____.,
,The teacher bent over and saw ____.,
,the team was confused when the Quarterback tried to motivate his players by chanting ____,
,The terrorists won when we had to give up ____.,
,The Punjab Government recently declared that ____ caused the loss at the Battle of 1965.,
,The PIA apologizes for the delay in flight service due to ____.,
,"The theme for next year's Coke Studio is ""We are ____.""",
,The theme for our Mehndi party will be ____.,
,The thing I miss the most about life before children is ____.,
,The thing the birthday party is missing is ____.,
,"The three main causes of Male suicide are, anxiety, depression and ____",
,"The title of my obituary will read ""____.""",
,"The title of my Peace Corps memoir will be ""____.""",
,the title to Atif Aslam's new hit song ____,
,the titled of my rejected TED talk was ____,
,The toilet is clogged with ____.,
,My Dadi left a ____ under my pillow.,
,The top Google auto-complete results for “The PM”: The PM Height. The PM net worth. The PM ____.,
,The top-selling item on OLX is ____ made to look like ____.,
,The topic of the next Paypal Scandal.,
,The true art of seduction lies in using ____ and ____ in a way that ensures ____.,
,The true meaning of love is ____.,
,The true secret to happiness is ____.,
,"The Adiala Jail revamp? Fantastic waterboarding grotto, beautiful cultural humiliation lounge, and ____.",
,The two most awkward topics of conversation during our first rishta meeting? ____ and ____.,
,The two secrets to stress-free parenting are ____ and ____.,
,The two things that happen at every family reunion.,
,The two worst things about Down syndrome are ____ and their hair cut.,
,The Pakistan Army provides ____ to impoverished people all over the world.,
,The Pakistan Army has begun airdropping ____ to the children of Afghanistan.,
,"The Pakistan Navy's new custom fragrance, Eau de Gwadar, smells like a mixture of ____ and ____.",
,The ULTIMATE experience: ____ in VR.,
,The unforgettable memory of ____.,
,The United Nation's new humanitarian mission will deploy ____ to third world countries.,
,The upcoming 4-day affords you the opportunity to do what you're passionate about: ____.,
,The Pakistani Citizens were shocked to discover that ____ was under The PM's hair all along.,
,"The 1971 war wasn't about Bangladesh, it was about ____!",
,"The PNS Himalaya, a new guided-missile destroyer, is the only ship powered solely by ____.",
,The minor sin of ____ is a gateway to the major sin of ____.,
,The very definition of dread: ____.,
,The votes are in Pakistan`s most popular flavour of chips is... ____.,
,"The Sunday Bazaar, where everyone gets ____.",
,"The warm August air was filled with change. Things were different, for Emily was now ____.",
,The JCO Mafia holds secret meetings where they discuss the intricacies of ____.,
,"the weatherman pointed to Gujranwala, Punjab on the map and said ____",
,The wedding cake was shaped like ____.,
,The wedding was perfect... until ____ ruined everything.,
,The TLP is now picketing funerals with signs that read 'ALLAH HATES ____!',
,The whole 2016 election was really a battle between ____ and ____.,
,The word “shohar” comes from the Persian word for ____.,
,The World Health Organization has issued a warning about ____.,
,The world is going to end when ____ falls on the earth and ____ will be everywhere.,
,The World would be a better place if we had more ____.,
,The world would be a better place is ____ and ____ happened.,
,The worldwide conspiracy to leave Pakistan off of maps is a direct result of ____.,
,The worst birthday gift I ever received was ____,
,The worst rishta meeting I ever went on invovled ____ and ended with ____,
,The worst day ever always includes ____.,
,The worst night of my life was the night I spent with ____.,
,the worst conversation starter I've ever heard in a dawat was ____,
,The worst thing about growing up in Pakistan is definitely ____'s ____.,
,The worst thing about the Pakistan Army is ____.,
,The worst thing in my Google search history is ____,
,The worst thing to wake up to on a Saturday morning is ____.,
,The year is 2150. The Prime Minister is ____.,
,The yellow brick road actually leads to ____.,
,The Youth Minister has a tattoo of ____.,
,Their first fight as a married couple was about ____.,
,"Then the princess kissed the frog, and all of a sudden the frog was ____!",
,There are ____ everywhere. And yet they do not contribute to the growth of their own countries.,
,"There are only 3 thing`s women need in life;food, water and ____",
,There are only two things better than running a train on General's daughter: ____ and ____.,
,There are times I think I would kill for ____.,
,There are two things I hate. Racism and ____.,
,"There are two types of people in the world. People who are ____, and people who aren't.",
,There are two types of people in this world. ____ and ____.,
,"There is a new axis of evil: ____, ____, and ____.",
,There is a new smartphone app to help with ____.,
,There is a secret room in the PM House devoted to ____.,
,"There is a small, remote town in Punjab where ____ is totally normal.",
,"There is a video circulating the Internet that does not represent who I am. I made a vile mistake in my youth, and I deeply regret it. Please don't watch the ____ video.",
,There is abundant scientific evidence that for some people vaccination might lead to ____ later in life.,
,It’s just ____ and then you die.,
,There is no way I'm going near Lyari. I might run into ____.,
,There is nothing I wouldn't do for 30 minutes alone with ____.,
,There is nothing worse than seeing ____ in the light of day.,
,There is only one way to handle this Enemy situation ____.,
,there was a recall on the Doll when she was accidentally programmed to say ____,
,There was a riot at the Gearbox panel when they gave the attendees ____.,
,There was way too much ____ during my first time for me to handle.,
,There will be ____ in eternity.,
,There would be no more world conflict if we all learned to ____.,
,There'll be ____ at my frenemy's backyard BBQ.,
,There's a convention for ____? Sign me up!,
,There's a new ____ in town.,
,There's a new anime about four magical high school students and their adventures with ____.,
,There's a new Facebook group for fans of ____ at facebook.com/____.,
,There's a new wedding app you can use for ____.,
,"There's a pot of gold at the end of every rainbow, but what's at the end of Cumberland Falls' moonbow?",
,There's a theory that Shakespeare was actually ____.,
,There's a very fine line between ____ and ____.,
,There's always money in ____.,
,There's been a murder and ____ is the only suspect.,
,There's currently an online auction to buy the world's largest collection of ____.,
,There's just nothing like ____ first thing in the morning.,
,There's just something about ____ that always puts a smile on my face.,
,There's no argument. The most lethal thing on the battlefield is ____ in the hands of a Jawan.,
,There's no gold in State Bank! It's full of ____.,
,There's nothing more mysterious than ____.,
,There's nothing more romantic than ____.,
,"There's nothing that can't be fixed with duct-tape, number 8 wire & ____.",
,There's nothing that can’t be cured by ____.,
,"There's nothing that money can't buy, except ____.""",
,"There's nothing to worry about, the doctor said, ""it's just a simple, routine check for ____.""",
,There’s more concrete proof that____ exists than Naya Pakistan.,
,"These days the kids are calling it ""____.""",
,These days you can just throw together a guitar and some lyrics about ____ and you've got a perfectly good pop song.,
,"these days you say ____ ONE time and suddenly you're an HR ""problem""",
,"These days, naughty kids find ____ in their stocking instead of coal.",
,These don't belong in government.,
,These guys are ready for ____.,
,"They finally released the long-lost book ""Harry Potter and the Tomb of ____""",
,"They Grow up so fast. One minute they`re crawling around trying to say their first words, the next minute they`re ____.",
,They kill us. I beat ____(s) all the time. All the time.,
,"They laughed at me for ____. Well, now look at me.",
,"They may take our lives, but they will never take our ____.",
,They never would have allowed Naswar in KPK without ____.,
,They opened up a Joyland called ____.,
,They said I would find a fun surprise in the cereal box. Instead I found ____.,
,They said that we were insane to try mixing ____ with ____. They thought wrong!,
,They say ____ brings you closer to Allah.,
,They say ____ is the best medicine.,
,"They say ""Keep Lahore Weird,"" but rallying around ____ is taking it a bit too far.",
,They say that ____ is for life not just for ____,
,They should invent an emoji for ____.,
,They should make a movie musical about ____.,
,They told me it aws inappropriate to talk about ____ at my kid's parent-teacher conference.,
,They wrote an article about me in the paper because I grew the worlds longest ____.,
,"They're all talking about ____, but we're ACTUALLY doing it.",
,They're calling up the Rangers to deal with ____.,
,They've announced they'll finally be arming Punjab police with ____.,
,They've discovered an exoplanet capable of supporting ____.,
,Thing The PM never spoke about.,
,things Ali Zafar sings when he finishes ____,
,things said during a medical exam ____,
,things you might scream when you get your legs waxed for the first time,
,things you regret texting your ex after midnight ____,
,things you should never say to your mom ____,
,things you should never whisper while slapping a teammate on the back ____,
,Thinking about ____ to help you stay calm before an interview.,
,This ancient Mughal scroll contains one of the fundamental truths of life: ____ cannot flourish without ____.,
,"This app is basically Muzzmatch, but for ____.",
,This best describes my night each time the power fails in Karachi.,
,This bottle of Pakola has notes of ____ and ____.,
,This Eid give the gift of ____.,
,This COAS will make their mark on heritage by changing ____.,
,This film has been censorrd for graphic depictions of ____ and ____.,
,"This Friday at the Chai Dhaba, it’s ____ Night! Ladies drink free.",
,"This Friday night I've got a meeting with me, myself, and ____.",
,This Eid I am going to dress up as ____.,
,This hashtag will save the world: #____.,
,"This holiday season, Fahad Mustafa must overcome his fear of ____ to save Eid.",
,This is a little embarrassing but I was wondering if you could recommend a doctor who specializes in ____.,
,this is a top secret mission… it's called Operation: ____,
,This is an absolutely hilarious video. Please share it! #____,
,"This is gonna be the best sleepover ever. Once Ami and Abu go to bed, it's time for ____!",
,This is my favorite thing to bring to a party.,
,This is my rifle. There are many like it but this one is ____.,
,This is the dawning of the Age of ____.,
,This is the way the world ends This is the way the world ends Not with a bang but with ____.,
,This is the wettest I've been since having ____.,
,This is your pilot speaking. Please prepare for ____.,
,"This isn't a bruise, it's just ____.",
,This just in: The PM allegedly had a meeting with ____.,
,This looks like a job for ____.,
,This mean girl in my class always brags about ____.,
,This morning when you woke up next to me I thought ____.,
,This morning's hangover is brought to you by ____.,
,"This new guy's breath is so bad, it's like he has ____ stuck in his mouth.",
,"This one time in PMA Kakul, I was caught ____.",
,This one time… at band camp… I saw my best friend ____.,
,This place smells like ____.,
,"This season at Alhamra Arts Council: ""Who's afraid of ____?""",
,"This season at Alhamra, Manto's classic existential play: Waiting for ____.",
,"This season on Man vs. Wild, Bear Grylls must survive in the depths of the Ravi with only ____ and his wits.",
,This season's hottest collectible is ____.,
,This summer has been hotter than ____.,
,This Eid I'm going to start a dinner conversation about ____.,
,"This Eid, I'm most thankful for ____.",
,"This time, Shireen Mazari is protesting a new bill that supports ____.",
,"This week on ""Good Sorts"" we celebrate ____.",
,"This week, Teletubbies teach us about ____.",
,This won't be like negotiating with the IMF. Humans only respond to one thing: ____.,
,"This year at Sunday Bazaar, we are offering ____ at the low price of a dollar a minute.",
,This year I decided to give up ____ for Ramadan.,
,"This year, instead of coal, Santa will be giving naughty children ____.",
,"This year, instead of sweets and mithai in the Eid trolley, we put ____ and ____.",
,"This year's trendiest card game: ""____ Against ____.""",
,Allama Iqbal wrote the most about ____.,
,"Thomas had finally come to accept marriage, but he still is, and always will be, against someone getting married to ____. It's just wrong.",
,Thomas' lesser-known book is about ____.,
,"Those ""thousands and thousands"" of U.S. Muslims The PM says he saw celebrating 9/11? Turns out it was just ____.",
,Those bastards! I was minding my own business when Punjab Police came along and ticketed me for ____.,
,"Though some people think it's shameful or embarrassing, I would never apologize for ____.",
,"Three bullet points from my Shaadi.com profile: ____, ____, and, (most importantly) ____.",
,Three cheers for ____!,
,"Three things in life are certain: death, taxes, and ____.",
,"Three wishes: ____, ____, and more wishes.",
,Throw ____ in the air like you just don't care!,
,Throwing ____ at Sheikh Rasheed.,
,Tie my hands with ____ and then use your ____ on my ____.,
,"Times have changed, sister. If you want to meet people in Lahore, you got to be down for ____.",
,Liberty Chowk is filling up with people protesting ____.,
,Title of a bestselling memoir later revealed to be fabricated:,
,Title of a film that's trying to win an Oscar:,
,"To be ____ or not to be ____, that is the question.",
,"To be, or not to be: that is ____.",
,"To become a true Yanomami warrior, you must prove that you can withstand ____ without crying out.",
,"To boost morale after the floods, The PM gave a guy in a pick-up truck ____.",
,"To celebrate ____, tonight we are (having) ____.",
,To deny the opportunity to any of our daughters and sons solely on the basis of ____ is to deny them the chance to live up to their Allah given potential.,
,"To establish credibility within a team, I often use ____.",
,"To fix Pakistan's crumbling infrastructure, The PM will personally fill every pothole in Pakistan with ____.",
,"To get an audition for this years Pakistan Idol, you`ll need to be able to sing whilst ____.",
,"To get into LUMS, you need a high GPA and a whole lot of ____.",
,"to get into my motel room, knock twice and say ____",
,"To have all my dreams come true, I first need to ____.",
,"To help sick people feel better, Sehat Card will include tax credits for ____.",
,"To improve Pakistan's economy and its health, Haleeb milk will now include 5 times the recommended daily intake of ____.",
,"To improve customer safety, the Orange Line will be banning ____ from all trains",
,"To improve your long term health, it`s advised you should try ____ 3 times a week",
,To infinity and ____!,
,"To keep its ties to Lyari Gangs secret, the FIA routinely bribes government officials with ____ and ____.",
,To last longer in a fight I think about ____.,
,"To maintain his strength and stamina, The PM favors a diet rich in ____.",
,"To me, wedding mean a lifetime of ____.",
,"To protect the integrity of our democracy, voting booths in 2028 will be monitored by ____.",
,"To prove he loved me, he gave me ____.",
,"To raise funds, the county recently started issuing fines for ____.",
,"To show his gratitude to the SSG who saved his life, Captain Phillips gave each of them gifts of ____ and ____.",
,"To stop myself losing too soon, I imagine ____.",
,"To strengthen my relationship, I need ____.",
,"To the surprise of funders, Joseph Mbuntu spent the $10000 USD he received from GiveDirectly on ____.",
,"To this day, Ryan thinks that his Chinese character tattoo translates to “bravery.” No one has the heart to tell him that it really means “____.”",
,"Today at a special court-martial, you were convicted by a military judge, pursuant to your pleas, of 5 specifications of ____.",
,"Today at fusion exchange, I learned ____.",
,"Today at the village school, we're painting a mural of ____.",
,Today I got ____.,
,Today I renounce ____ and accept The PM as ____.,
,"Today on Geo Fit, we introduce a new workout routine called ____",
,Today on Mangobaaz: 10 pictures of ____ That look like ____!,
,"Today on Nida Yasir: ""Help! My son is ____!""",
,"Today on Mythbusters, we found out how long ____ can withstand ____.",
,"Today on the Health Spot, we talk about how ____ can aid in keeping you fit and healthy this winter.",
,"Today on Nida Yasir Show: ""Help! My son is ____!""",
,"Today we honor Edhi, the patron saint of ____.",
,"Today, Daraz.pk received a patent on ____.",
,"Today, more and more relationships end because of ____.",
,Today's annoying attitude is brought to you by ____.,
,Today's bride is comfortable with ____ at her wedding.,
,Today's epic parenting fail.,
,Today's episode of National Geographic will feature ____.,
,"Today's forecast: Cloudy, with a chance of ____.",
,Today's ami-shaming moment is brought to you by ____.,
,Today's parenting win!,
,Today's soup is Cream of ____.,
,Today's Special: ____ with an extra measure of ____.,
,Today's tantrum is brought to you by ____.,
,Today's technical challenge comes from Paul Hollywood. He would like six identical pastries in the shape of ____.,
,Today's to-do list: 1) Bake muffins. 2) Wipe off the counters. 3) Clean up that ____ stain.,
,Tommy looted a dead corpse and found ____.,
,Tonight is the night. The night of ____.,
,"Tonight Ali Zafar, i`m going to be ____.",
,"Tonight on ""My Super Sweet 16,"" Ayesha's parents give her ____.",
,"Tonight on ""Supernatural,"" Sam and Dean are forced to confront ____ using only ____.",
,"Tonight on Sar-e-Aam we're chasing ____, rumoured to be responsible for ____.",
,"Tonight on Public Access Channel 16, ____, a student film about ____.",
,"Tonight on SNICK: ""Are You Afriad of ____?",
,"Tonight on the ""Capital Talk!"" Hamid Mir will be debating ____ on the topic of ____.",
,Tonight the Prime Minister of Pakistan will reveal his stance on ____.,
,Tonight's Final Jeeto Pakistan category is ____.,
,Tonight's top story: What you don't know about ____ could kill you.,
,"Topping this week's non-fiction best-sellers: ""____ : the art of living with ____.""",
,Lahore City Council has voted to cancel the Metro Bus to better fund ____,
,Tossing ____ into the hangi pit.,
,"Tower, this is J-10C requesting ____. ""That's a negative J-10C, the pattern is ____.""",
,"Traditionally, the groom is in charge of ____ at the wedding.",
,Treat yo self to ____.,
,Trick or treat smell my ____.,
,TRIGGER WARNING: ____.,
,True love means ____.,
,True or false? The PM's wives are subject to term limits and ____.,
,The PM and ____: Best Frenemies Forever!,
,The PM and I wouldn't get along because of ____.,
,The PM bans ____ 6 months into his presidency.,
,The PM deported Geo News anchor Hamid Mir from a 2015 press conference for asking about ____.,
,The PM graduated from Oxford in 1975 with a degree in ____.,
,"Gourmet Water, served at Gourmet bakeries, restaurants, and clubs, is ""tested continually to confirm its purity."" Just like ____.",
,The PM reminds Moulvi Diesal of The Saint. Probably because of his great love for ____.,
,"The PM says he's done more ""for equality"" than anyone. By ""equality,"" he means ____ for all.",
,"The PM says his net worth is based on market performance, his ""own feelings,"" and ____.",
,The PM uses a mixture of ____ and ____ to hold his hair in place.,
,"The PM's Pakistani dream? Closed borders, open iPhones, womb control, and ____.",
,"The PM's cologne, Success by The PM, is a masculine combination of rich vetiver, tonka bean, and ____.",
,"The PM's concealed carry permit allows him to legally weaponize himself with guns, The PM cologne, and ____.",
,The PM's cure for income inequality? ____.,
,The PM's favorite book: The Quran. The subject of his favorite Quranic verse: ____.,
,The PM's first pick to replace Justice Isa? Maryam. His second: ____.,
,"The PM's foundation gave $1000 to a Shaukat Khanum-linked program that helps detoxify workers via ""jogging, oil ingestion, sauna and ____.""",
,The PM's great! The PM's got ____. I love that.,
,The PM's hair-like stuff is perimeter-hardened to withstand offshore wind farms - but not ____.,
,The PM's Urdu pronunciation provokes ____.,
,"Trust me, I'm ____.",
,"Try this fun tip: when your man asks for ____, give him some ____ instead.",
,Try walking a mile in my ____.,
,Trying to explain to your boss why ____ is on your expense statement.,
,Trying to explain to your doctor that you got the rash from ____.,
,Trying to explain to your partner a surprise charge from www. ____ .com.,
,Trying to get pregnant? Try ____!,
,Tune in for ____ on Geo Business.,
,Turn down for what?,
,Turn the car around. I think I left ____ back there.,
,Turning a box of Cody's into a ____ charge.,
,"Twas the night before Eid, and all through the house, not a creature was stirring, not even ____.",
,"Twenty years from now, the world will be filled with ____ and ____",
,"Two fish, four potato fritters, one scoop of chips and ____, crumbed if possible.",
,"Two guys and a dude, that's what I call ____.",
,"Two roads diverged in a yellow wood-- I chose ____, And that has made all the difference.",
,Two things are infinite. The universe and ____.,
,"Two's company, three's a crowd, four is ____.",
,Careem's latest service combines the convenience of ____ with the luxury of ____.,
,"Ugh, I just sat through this dude mansplaining ____ to me for a half hour.",
,"Uh-oh, Boats broke the boat again! What did he do this time?",
,TLP: Putting ____ First!,
,Ultimate Deathmatch: ____ vs. ____.,
,under my yearbook photo it says ____,
,"Under The PM, ""good"" undocumented immigrants can attain legal status through ____.",
,"Under The PM, all missiles will be activated with a simple ""Tabdeeli!"" command. Hasta la vista, ____!",
,"Under The PM, the bounty for capturing undocumented immigrants will be ____.",
,"Under The PM, ASF guidelines would prohibit ____ on airplanes.",
,"Under Sehat Card, essential benefits will include ____.",
,"Understand this young lady. If you dress like ____, you're gonna find yourself ____.",
,"Undies, undies, undies, ____, togs.",
,"Unfortunately for Bilawal, his Super PAC spent all their money on ____.",
,"Unfortunately Junaid, you can't bring ____ into Nursery",
,"Unfortunately, Neo, no one can be told what ____ is. You have to see it for yourself.",
,"Unfortunately, no one can be told what ____ is. You have to experience it for yourself.",
,"Unless that pie is a man who loves another man, it's not ____.",
,"Until last night, it had never occurred to me to try ____ on ____ on the kitchen counter. Talk about fun!!!",
,"Until we forge stronger ties with Russia, we will never defeat ____.",
,"Until yesterday, I never knew I had an acute allergy to ____.",
,Up next on Geo News: Are college students being radicalized by ____?,
,Up next on Hum TV: “I Love ____.”,
,Up skirting is like ____ for men.,
,Up your nose with a rubber ____.,
,"Urban Dictionary defines ____ as ""the darkest place you can imagine"".",
,Pakistan: Number 1 in obesity and ____.,
,Askari Bank is now offering a free subscription to ____ Magazine when you open a new checking account.,
,PAF has changed their motto to read: ____.,
,Edhi brought ____ to the people of Sindh when they really needed ____.,
,Use a strap on to ____ me.,
,Use ice cubes on my ____ so I can cool off.,
,"Use two White Cards to compose a PM-like tweet: ____, ____. Not nice!",
,Using ____ as an excuse for being late for work.,
,Using ____ is my secret beauty tip.,
,"Using 2 of the cards in your hand, describe the 'Sahab' biggest embarassment",
,Using the Wii Fit® for training at PMA is about as laughable as ____.,
,"Using your hands, pleasyre my ____.",
,Sindh is considering the legalization of ____.,
,"Uuuooooohhhhh, did you just say ""____?!""",
,Churails ____.,
,Vegemite: easier to spread than ____.,
,Joshanda? No thank you. I simply staple a picture of ____ to my wife's forehead. That's all I need to go all night.,
,Video games taught me important lessons about ____.,
,"Vote your conscious, vote for ____.",
,Wait 30 minutes to swim after ____.,
,"Wait, I came here to buy socks. How did I wind up with ____?",
,"Defence day is about broadcasting ____, throwing ____, at, ____.",
,"Defence Day is about broadcasting ____, throwing obscenities at, ____.",
,Wake me up with ____ Oh so good!,
,"Wake up, Pakistan. Eid is under attack by secular liberals and their ____.",
,Wanna dance? I've been taking ____.,
,"Want a ""Promote Now""? Well, make sure you receive a bullet for ____.",
,"WANTED: a clean, well-lit place for ____.",
,1965 War was the result of what?,
,WARNING: ____ may cause ____.,
,Warning: Common side effects include ____ and ____.,
,Islamabad needs to be cleaned up. Everywhere you look you see ____.,
,Watch me whip. Watch me ____.,
,Watch out for ____. They will cut you.,
,"Watching now as an adult, I realize all my favorite '90s cartoons have subtle references to ____.",
,Chittrol is ____.,
,Chittrol is foreplay. The real torture starts when The PM whips out ____.,
,"Chittrol? Too easy! When The PM's in charge, we'll smother Indian spies with towels soaked in ____.",
,"We all know the phrase ""What happens in Lahore, Stays in Lahore"" so why did ""Insert Name"" bring home ____?",
,We all live in a yellow ____.,
,We are going to build a dams and make ____ pay for it.,
,We are witnessing the relentless spread of ____.,
,We broke up after I found his stash of ____.,
,We came home from Mosque to find my dad ____.,
,"We can look forward, someday, to a kinder and gentler ____.",
,We do not shake with our left hands in this country. That is the hand we use for ____.,
,We don't negotiate with ____.,
,We eased tensions with India by sending them ____.,
,We found out what's causing your chest pain. We thinks it's a direct result of ____.,
,We go together like ____ and ____.,
,We go together like apples and ____.,
,We have nothing to fear but ____.,
,"We have to pass the ____ Act, which is currently pending in Parliament.",
,We just can't afford ____ anymore.,
,We learned about ____ in school today.,
,We lucked out. The cop who pulled us over didn't check and we had ____ in the trunk!,
,We must teach our children to resolve their conflicts with ____.,
,We need a podcast for ____.,
,We need an Instagram hashtag to celebrate ____.,
,We need more ____ and fewer ____.,
,We need to prioritize scientific research on ____.,
,We played cricket with ____.,
,"We ran out of toilet paper, so I had to use ____.",
,"We should stop war on ____, it has ruined more lives than saved.",
,We tried to fix it but ____ is going to ruin the next generation.,
,We Use ____ To Control The Unwitting Masses.,
,"We want a pitcher, not ____!",
,We were late to school today because of ____.,
,"We were losing the battle, until our reinforcements brought ____ to the battlefield.",
,We were perfect parents until ____.,
,We were taught about ____ in Islamiat as kids.,
,"We were the two best hand-to-hand combatants on the ship. I had reach, but she had ____.",
,We will definitely have more fun if we bring ____ into bed with us.,
,We will redirect the ISI to spy on ____.,
,We wish you a Happy ____.,
,We'd all be safer if ____ would take their ____ and go home.,
,We'll be holding you in an isolation chamber until we can rule out ____ Syndrome.,
,We'll have ____ at my BFF's birthday party.,
,"We'll start ____ (ing) in the ____, t.hen try ____ in the mouth",
,We'll start with ____ and end with ____.,
,We're ____!,
,We're here! We're ____! Get used to it!,
,"We're not building a bridge to the past, we're building a bridge to ____.",
,"We're not like other news organizations. Here at Geo, we welcome ____ in the office.",
,We're not so much faith-based as ____-based.,
,We've become a nation of ____.,
,We've secretly taken the chai you usually drink and replaced it with ____.,
,Wearing a ____ I'm going to ____ you.,
,Wearing a Jinnah Cap is a sure sign someone is ____.,
,Ali Gul Pir parodied ____ by singing about ____.,
,Weirdest thing I've ever seen in Race Course Park? A woman breastfeeding ____.,
,Welcome the jungle! We've got ____.,
,"Welcome to Pakistan, the home of ____ and____.",
,Welcome to Sozo Water Park. Please remember that we do not allow ____ in the pool.,
,Welcome your child into the world with ____.,
,Well crap. I guess ____ is now going to have to deliver the baby.,
,"Well hello, gorgeous, never seen you in here before. I'm ____. And what's your name?",
,"Well if ____ is a crime, then lock me up!",
,"Well if you'll excuse me, gentlemen, I have a date with ____.",
,Well that sure went over like a ____.,
,"Well, look at what we have here! A big fancy man walkin' like he's ____.",
,"Well, you know what they say: big hands, ____.",
,Shoaib Mansoor's new movie is a whimsical look at ____ starring ____.,
,"PMA Cadets are known for their tenacious veracity, superb physical fitness, and ____.",
,Wet towels! What is it good for? ____.,
,"Whaddya think, money grows on trees? I'm not paying for ____!",
,What a weak of vacation! All I did was relax at the beach with a big pile of ____.,
,What actually sunk the PNS Ghazi was ____.,
,What am I attracted to?,
,What am I famous for?,
,What am I giving up for Ramadan?,
,What am I waiting for?,
,What are 3 things you didn't learn in school?,
,What are all the cool kids doing?,
,What are all those whales singing about?,
,What are Indian Spies full of?,
,What are Indian Spies proud of?,
,What are my relatives hiding from me?,
,What are school administrators using to curb rampant teenage pregnancy?,
,What are the 3 secrets for a long and happy marriage?,
,What are they laughing at?,
,What are they singing about?,
,WHAT ARE THOSE?!?!?!,
,What are two cards in your hand that you want to get rid of?,
,What are you going to give your Ami for her birthday?,
,What are you most looking forward to after baby's here?,
,"What are you prying from my cold, dead hands?",
,What best describes the feeling of getting your Pension?,
,What broke up the Vital Signs?,
,What brought me and my spouse together?,
,What brought Parade to a screeching halt?,
,What came in the mail today?,
,What can ____ do for you?,
,What can the mother of the bride help with at the wedding?,
,What Muslims are most known for to non-Muslims.,
,What caused my last relationship to end?,
,What caused the dholki performance to take an unexpected turn?,
,What caused those smelly stains on my kameez?,
,What caused you to lose ANOTHER meritorious board to a sifarishi?,
,What caused your last rishta to end?,
,What caused your wife's bitter tears at your last posting?,
,What Heer really asked of her Peer is ____.,
,What common interests do you share with your Dad?,
,What convinced me to stop believing in the competence of the government?,
,What cured your post-wedding depression?,
,What defines my brand of feminism?,
,"What describes my ""rishta criteria""?",
,What did I bring back from Dubai?,
,What did I bring back from Murree?,
,What did I bring back from Hunza?,
,What did I bring back from Thailand?,
,What did I bring back from London?,
,What did i bring back from Africa?,
,What did I do that caused my parents to beat me as a child?,
,What did I get my Mom for Mother's day?,
,What did I nickname my fat belly?,
,What did I regrettably buy from a street vendor?,
,What did I smuggle into India?,
,What did I try to sneak into Adiala Jail?,
,What did I used to sell to people door-to-door?,
,What did my boyfriend get me for my birthday?,
,What did Phuppo bring you last year?,
,What did The Police see when they stopped at Nawaz Sharif's house?,
,What did the Sindh Assembly replace the Ajrak with on its buildings?,
,What did Zubaida Aapa have for dinner?,
,What did the lifeguards find floating in the Gymkhana pool?,
,What did the rehearsal dinner taste like?,
,What did the Pakistan Army airdrop to the children of Waziristan?,
,What did they find in Atif Aslam's vault?,
,What did those dudes on the Punjab Police Logo just barter? ____ for ____.,
,What did Sultan Rahi eat for dinner?,
,What did you see the last time you were on Mall Road?,
,What did you spend your salami cash on?,
,What did your Dai Ama bring to the birthing suite to calm you down?,
,What did your labor feel like?,
,What did your marriage counselor recommend?,
,What disturbed me most about the person who contacted me from Plenty of Fish?,
,What do babies smell like?,
,What do Indian Spies' begums like?,
,What do Maryam Nawaz and Firdous Ashiq Awan have in common?,
,What do I dream about at night?,
,What do I have rotting away in a storage unit?,
,What do I not want to find in my Samosa.,
,What do I really believe in? ____.,
,What do I remind my parents of?,
,What do I rub for good luck? ____.,
,What do I scream before I sneeze?,
,What do I search for on the internet? ____.,
,What do I see in this inkblot? [inkblot graphic],
,What do I want for my birthday? My Sherwani and ____.,
,"What do Kim Jong-Un, Modi and The PM all have in common?",
,What do Mumbo's magic words mean?,
,What do Moulvis smell like?,
,What do Purple Shirts think about when they're standing around refueling birds?,
,What do stray dogs smell like?,
,What do the Agencies use to influence your mind? ____,
,What do they call Cheese in Pakistan?,
,What do vaccines really prevent?,
,What do JCOs actually do?,
,What do we want? ____! When do we want it? Now!,
,What do you feel when crush friend-zones you?,
,What do you get the person who has everything?,
,What do you get when you mix a pig and a cow?,
,What do you like to do with your best friend?,
,What do you remember your Grandfather for?,
,What do you see yourself doing 5 years from now?,
,What do you see? [An image of a Rorschach inkblot],
,What do you think The missing person is doing right now?,
,What do you think your ex-fiance is doing right now?,
,What do you use to calm a screaming toddler?,
,What do you want for Eid?,
,What do you want to achieve before you die?,
,What do you want to achieve this year?,
,What does Sheikh Rasheed prefer?,
,What does The PM plan to send to the International Space Station from The Valley?,
,What does everyone playing this game has in common?,
,What does Hulk Hogan scream whilst ejaculating?,
,What does it mean to be a Havaldar?,
,What does Ali Zafar need?,
,What does modern wedding etiquette suggest?,
,What does my German pen pal write to me about?,
,What does The PM like on his chips?,
,What does Ali Azmat prefer?,
,What does the ISI want you NOT to think about? ____,
,What does the COAS daydream about during hearings?,
,What does the fox say? ____.,
,What does the Subedar Major of the Rangers dream about most nights?,
,What does the Indians' blackmail on The PM consist of?,
,What does the Subedar Major of the Army dream about most nights?,
,What does this look like to you?,
,What does this make you think about?,
,What does The PM do for fun?,
,"What does Islamabad need? I always give the same answer, ____!",
,What does your Mother do to embarrass you?,
,What don't you want to find in your Biryani?,
,What don't you want to find in your doner kebab?,
,What don't you want to find in your Kung Pao chicken?,
,What don't you want to find in your Mongolian beef?,
,What drove your commander to chug and gouge out his eyes with a Piano® pen.,
,What earned your troop their latest Direct Safety Violation?,
,What else can you buy used at Sunday Bazaar?,
,What else could go wrong?,
,What else should we ban until our representatives can figure out what is going on?,
,"What embodies ""Army stupid""?",
,What evidence do you have that the Indian government is sending spies across the border?,
,What exactly are you a doctor of?,
,What exactly is up my nose?,
,What explains me only being able to pee sitting down?,
,What finally sank the Titanic?,
,What funny lies did you tell Locals when you were deployed?,
,What gave me the 24-hour runs?,
,"What gave me unforgiving, ever lasting, flaming diarrhea?",
,What gave Me diabetes?,
,What gets Uncles excited?,
,What gets better with age?,
,What gets Sahab hot and bothered?,
,What gets me sweaty?,
,What gets out of hand absurdlyfast?,
,What gives Sahab his awe-inspiring power?,
,What gives me uncontrollable gas?,
,What gives the DG Rangers the willies?,
,What gives you uncontrollable gas?,
,What got me kicked out of the Cinema?,
,What happened to my bed sheets?,
,"What happens in Lahore, stays in Lahore. Except for ____.",
,What happens when you eat too much sugar?,
,What has been seen cannot be unssen! I just witnessed ____.,
,"What has my life become? I'm watching a video called ""student absolutely destroyed by ____.""",
,What have I lied to each of you about?,
,What have you done to deserve a promotion?,
,What helped The PM recover from the Mother of All Handshakes?,
,What helped me get my last rishta?,
,What helps The PM unwind?,
,What helps Altaf Hussain unwind?,
,What helps mom go to sleep?,
,What I did on my holiday? Lots and lots of ____.,
,What I gotta give my Begum to get outta the doghouse?,
,What I would win the Nobel Peace Prize for.,
,What I wouldn`t give for ten minutes meeting with ____,
,"What if ____ is just, like, in your mind, you know?",
,What inspired my mother to choose my first name?,
,What is a Burger afraid of?,
,What is a parent's best friend?,
,What is a true best friend always up for?,
,What is always in the mind of a Burger?,
,What is always worth spending the extra money for?,
,What is an absolute dealbreaker for me on a first meeting?,
,What is Maula Jatt's guilty pleasure?,
,What is better covered in chutney?,
,What is CS Lewis' next book about?,
,What is Abu doing with the driver?,
,What is DARPA now training robots to do?,
,What is China's secret weapon against CPEC dominance?,
,What is Zardari's alibi for the night Benazir died?,
,What is The PM's endgame?,
,What is The PM's Twitter password?,
,What is essential for a successful relationship?,
,What is Pervaiz Musharraf's favorite past time?,
,What is Nature's biggest mistake?,
,What is Grandpa hiding from us?,
,What is happening right now in India?,
,What is he thinking about?,
,What is Helen Keller surprisingly good at?,
,What is Maryam Nawaz's new hobby in retirement?,
,What is in Polly's pockets?,
,What is in your closet that you do not talk about?,
,What is keeping mommy up at night?,
,What is keeping Qaim Ali Shah alive?,
,What is making things awkward at the Committee meeting?,
,What is my biggest turn off?,
,What is my darkest secret?,
,What is my dog really thinking about?,
,What is my greatest skill?,
,What is my most treasured memory?,
,What is my obsession?,
,What is my secret parental power?,
,What is on your bucket list?,
,What is Ishaq Dar's guilty pleasure?,
,What is The PM's favorite new PM House amenity?,
,What is Phuppo's favorite Holiday Tradition?,
,What is Sania Mirza's guilty pleasure?,
,What is something you cannot un-see?,
,What is talked about at the Dhaba?,
,What is that clawing noise from the basement?,
,What is that noise from?,
,What is that smell?,
,What is the 18th Sustainable Development Goal?,
,"What is the answer to life, the universe, and everything?",
,What is the best thing in life?,
,What is the biggest problem with Terrorists crossing the border?,
,What is the first item on my resume?,
,What is the greatest achievement of the Sepoy Underground?,
,What is the greatest thing you have heard a ustad say?,
,What is the heart and soul of the ruling party?,
,What is the imminent threat to our nation's youth?,
,What is the key component of this administration's foreign policy?,
,What is the key to happiness?,
,What is the latest tabloid's freak-of-the-week?,
,What is the Subedar Major's most coveted pastime?,
,What is the meaning of life?,
,What is the new unofficial mascot of the Rangers?,
,What is the new unofficial mascot of the infantry?,
,What is the one thing you don't want your parents to find in your backpack?,
,What is the one thing you wouldn't want your family to find out about?,
,What is the real reason The PM is running for president?,
,What is the reason no one likes me?,
,What is the reason to protect the Corrupt Politicians?,
,What is the DG ISPR thinking at the moment?,
,What is the Admiral fantasizing about right now?,
,What is the secret ingredient in barbecue sauce?,
,What is the secret to my heart?,
,What is the secret to winning the politics?,
,What is the short version of why I'm not allowed to go back to Dubai?,
,What is the true meaning of Eid?,
,What is the Information Minister trying to explain?,
,What is the world coming to when you can win an Award® just because you're ____?,
,What is the worst gift I've received?,
,What is this world coming to? I’ll tell you what it's coming to:,
,What is The PM tweeting about right now?,
,What is The PM's worst nightmare?,
,What is WAPDA's guilty pleasure?,
,What is your best friend good at?,
,What is your earliest memory?,
,What is your greatest achievement?,
,What is your greatest fear?,
,What is your new in-laws' worst nightmare?,
,What joint made me ____.,
,What just dropped out of the back of that C-130?,
,What keeps me up at night?,
,What keeps me warm during the loadshedding?,
,"What keeps me warm during those long, bitterly cold, winter nights?",
,What kept Benazir Bhutto busy in her waning years?,
,What killed Uncle Sargam?,
,What killed the mood?,
,What lead to me getting fired form my last job?,
,What left this mark on my carpet?,
,What made me this way?,
,What made my butt feel so weird?,
,What made Maula Jatt's forearms so girthy?,
,What made Spock cry?,
,What made the whole wedding so awkward?,
,What made this the most dramatic Mehndi ever?,
,What made watching the movie with my parents awkward?,
,What made your date leave the unit ball screaming and covered in blood?,
,"What made your grandmother knit ""A hardcore death dealer sleeps here"" into a quilt she made for you?",
,What makes a man sponge-worthy?,
,What makes Pindi Boys laugh hysterically?,
,What makes ustads seethe with rage?,
,What makes Grandpa yell at night?,
,What makes Aamir Liaquat smile the most?,
,What makes life worth living?,
,What makes little girls cry?,
,What makes me a true blue Pakistani?,
,What makes me cry myself to sleep every night?,
,What makes me cry? ____.,
,What makes me feel empowered?,
,What makes me happy?,
,What makes the talking Prime Minister doll so eerily realistic?,
,What makes the world a better place?,
,What makes the world think Pakistanis are lazy?,
,What makes The PM so appealing to female Cabinet contestants?,
,What makes you unique?,
,What motivates you to get out of bed in the morning?,
,What never fails to liven up a party,
,What never fails to make you laugh on deployment?,
,What new trend has parents of teenagers worried?,
,What new year's resolution have I failed at 4 years in a row?,
,What perfume are you wearing?,
,What Moulvis really want to talk about in the Khutbahs.,
,"What puts the ""party"" in working party?",
,"What puts the ""Strong"" in Pak Army?",
,What really brings out the child in me?,
,What really gave Maula Jatt his powers?,
,What really killed Billy Mitchell?,
,What really killed Patton?,
,What reoccurring night terror keeps the Corps Commanders up at night?,
,What resonates with Millennials?,
,What ruined my last barbecue at Gaddafi Stadium?,
,What ruined the Azadi Parade this year?,
,What saved your marriage?,
,What seems like way too much work?,
,What separates the winners from the losers is how a person reacts to ____.,
,What should be a new sport in the Olympics this year?,
,What should be added to the Flag?,
,What should be banned from Lahore?,
,What should be banned in public bathrooms?,
,What should every couple incorporate into their Nikah?,
,What should I be for Eid?,
,What should I get my therapist for Eid?,
,What should I give up for Ramadan?,
,What should you never add to your home cooking?,
,What sounds great after four lassis?,
,What started the Butt-Bhatti feud?,
,What stopped the ISI from building those prison camps in Balochistan? ____,
,What sucks?,
,What the heck Dad?! You've got ____ all over my ____.,
,What the hell Dad?! You've got ____ all over my ____.,
,"What the hell?! They added a 6/6 with flying, trample and ____.",
,What to expect when you're expecting.,
,What topic you always cover in your initial counseling sessions?,
,What touched me in a new way?,
,What trend should make a comeback?,
,What turned me into a PTI Supporter?,
,What unique detail did the bride’s dress include?,
,What was always concealed inside Quaid-e-Azam's Jinnah cap?,
,What was found in Iraq after the latest UN visit?,
,What was I deported for?,
,What was Moses's greatest miracle?,
,What was Edhi's favorite memory whilst on his pilgrimage to Umrah?,
,What was my favorite event at the 2016 PSL?,
,What was one of the rejected flavors for Bertie Bott's Every Flavour Beans™?,
,What was Paul Walker's last meal?,
,What was that gross thing you found in your school lunch?,
,What was the best advice you got in basic training?,
,What was the blind orphan boy's favorite Eid present?,
,What was the cause of death?,
,What was the dumbest thing you bought with your signing bonus?,
,What was the happiest memory from the honeymoon?,
,What was the highlight of my romantic hill country getaway?,
,What was the last thing I Googled?,
,What was the most popular dinner buffet item?,
,What was the reason you last cried?,
,What was the theme of Rob Ross's most cherished painting?,
,What was your favorite wedding photo of?,
,What will be my first purchase once I become rich and famous?,
,What will Asif Zardari's social cause be as First Man?,
,What will cause the third world war?,
,What will defeat ____? Only ____.,
,What will end racism once and for all?,
,What will finally bring our civilization to an end?,
,What will finally make me care?,
,What will heal your emotional scars?,
,What will i bring back in time to convince people I am a powerful politician?,
,What will I bring back in time to convince people that I am a powerful wizard?,
,What will immediatley put me in a foul mood?,
,What will put some hair on your chest?,
,What will the groom think of when he first sees the bride on their wedding day?,
,What will they carve on my tombstone?,
,What will The PM use to knock the hell out of Corruption?,
,What will you always find at a Political gathering?,
,What will you still enjoy doing together when you celebrate your fiftieth wedding anniversary?,
,What works 80% of the time 100% of the time?,
,What would it take to get me back into Mosque?,
,What would make your supervisor's blood boil?,
,What would not be fake news?,
,What would our forefathers think of today's military?,
,What would pair well with this Rooh Afza?,
,"What would win in a fight, ____ or ____?",
,What would you buy first if you won the lottery?,
,What would you do for a Kulfi?,
,What would you do for one hundred dollars?,
,What would you fill a gift bag with to ruin a party?,
,What would you give the Prime Minister for a birthday gift?,
,What would you like to be remembered for?,
,"What you call ____, I call a fun Sunday afternoon.",
,What you do not want to see when the metro doors open?,
,What you don't want to find in the Zam Zam.,
,"What, according to The PM, made him unfit for military service?",
,What's a Burger best friend?,
,What's a foolproof way to get rid of hiccups?,
,What's a great way to bring your families together at your wedding?,
,What's a surefire way to get detention?,
,What's a surefire way to induce labor?,
,What's about to take this school to the next level?,
,What's Andy Serkis pretending to be now?,
,What's The PM's son googling at this very moment?,
,What's been making life absolutely suck in your unit?,
,What's better when clowns are involved?,
,"What's big, sweaty, and fantastic?",
,What's causing that awful smell in the dorm?,
,What's currently burning on the flight deck?,
,What's currently burning on the flight line?,
,What's for dinner?,
,What's going on with your female colleagues?,
,"What's harshing my mellow, man?",
,What's holding you back from achieving your dreams?,
,"What's hot, smelly, and about to die?",
,What's in a name? ____ by any other name would smell as sweet.,
,What's in Area 51 besides airplanes?,
,What's in my Eid gift this year?,
,What's in my nightstand? (a/an) ____.,
,What's in Puss's boots?,
,What's in the back of my white paneled van?,
,What's in the Politics? ____,
,What's in the box?,
,What's in the briefcase?,
,What's in the penthouse suite at Bahria Town?,
,What's keeping me from knitting?,
,"What's kind of sad, kind of beautiful, but also kind of funny?",
,What's left on your to-do list before the kid arrives?,
,What's Mom's best friend?,
,What's more messed up than Blues on the first day of Airman Leadership School?,
,What's more predictable than an Osprey crash?,
,What's my anti-drug?,
,What's my fantasy?,
,What's my go-to Aqiqa gift?,
,What's my go-to excuse when a weirdo sends me a rishta?,
,What's my ideal first meeting?,
,What's my hangover cure?,
,What's my preferred method of birth control?,
,What's my safe word?,
,What's my spirit animal?,
,What's Pakistan using to inspire inner city students to succeed?,
,What's never as good as it is the first time?,
,What's next after engagement?,
,What's on the black helicopters? ____,
,What's one new thing everyone should try before taking a shower?,
,What's oozing down my leg?,
,What's really below Islamabad Airport?,
,What's secretly a Russian plot to destabilize the West?,
,What's so important right now that you can't call your mother?,
,What's that on your face?,
,What's that tingling feeling in my anus?,
,What's the absolute last thing you want to catch your Dad doing?,
,What's the best gift a new parent can get?,
,What's the best way to assert dominance?,
,What's the best way to be a supportive partner to the new mom?,
,What's the best way to ensure good pregnancy nutrition?,
,What's the biggest source of tension in your relationship?,
,What's the biggest threat facing Pakistan?,
,What's the Pakistani government using to inspire rural students to succeed?,
,What's the crustiest?,
,What's the fastest way to kill a human?,
,What's the fastest way to make Pakistan gret again?,
,What's the first thing I would do after winning the Committee?,
,What's the key to successful hypnobirthing?,
,What's the latest nonsense that's troubling this quaint fantasy town?,
,What's the latest cargo on the secret military space shuttle?,
,What's the latest tabloid freak-of-the-week?,
,What's the latest trend in Islamabad?,
,What's the most annoying habit of expecting mothers?,
,What's the most annoying thing I need to do once or twice a week?,
,What's the most common obstacle to consummating a marriage on one's wedding night?,
,What's the most emo?,
,What's the most terrifying part of becoming a parent?,
,What's the new fad diet?,
,What's the new guy's callsign?,
,What's the new popular diet everybody talks about?,
,What's the next Happy Meal toy?,
,What's the next superhero/sidekick duo?,
,What's the one thing that makes an elf instantly ejaculate?,
,What's the one thing we can all look forward to on opening day at Gaddafi Stadium?,
,What's the secret ingredient in Nihari?,
,What's the secret to peace in the Middle East?,
,What's the cutest thing ever?,
,What's the skeleton in The Chief Minister's closet?,
,What's the subject of the next PM House Theme Week?,
,What's the weirdest thing that AdMagic has printed?,
,What's the worst thing you could bring to a funeral?,
,What's there a tonne of in heaven?,
,What's this season's hottest wedding fashion trend?,
,What's this town's best-kept secret?,
,What's trending among Burgers?,
,What's The PM's favorite way to unwind after declaring corporate bankruptcy?,
,What's The PM's plan to win the Rural vote?,
,What's under the bed RIGHT NOW? ____,
,"What's up, YouTube? User DanTheMan wanted to see ____, so here we go.",
,What's wrong with these monkeys?,
,What's wrong? You look like you've seen ____.,
,What's your biggest regret?,
,What's your favorite baby name so far?,
,What's your favorite movie night activity?,
,What's your favourite thing to do on your days off?,
,What's your Subedar's guilty pleasure?,
,What'st he centerpiece to the new Academy spirit video?,
,What’s a favorite pastime of the family you’re marrying into?,
,What’s a sure sign of a healthy marriage?,
,What’s a total waste of Maryam Nawaz’s time?,
,What’s about to take dance floor to the next level?,
,What’s the #1 cause of wedding day jitters?,
,What’s the best way to spice up your marriage after years of monotony?,
,What’s the couple’s favorite shared hobby?,
,What’s the weirdest?,
,What’s the groom hiding in his underwear?,
,What’s the most problematic?,
,What’s the one thing that makes an elf instantly laugh?,
,What’s the only thing better than confidence?,
,What’s the secret to a long and happy marriage?,
,"Whatever else may change, one thing is certain: you can't undo ____.",
,Wheels on the bus go ____ and ____.,
,"When ""Insert Name's"" skin feels rough he/she uses ____to get it silky smooth.",
,"When ""Insert Name"" and I went to Lahore we found a pair of dried up ____ on the metro.",
,"When ""Insert Name"" and I were in Murree, he/she spent the whole time learning to make homemade ____.",
,"When ""Insert Name"" goes to heaven he/she hopes there will be lots of ____.",
,"When ""Insert Name"" knocks on heaven's door, he/she hopes The Angel does not know about his/her ____.",
,"When ""Insert Name"" was a child he/she used to draw pictures of ____.",
,"When ""Insert Name"" was a child they used to use building blocks to create ____.",
,"When ""Insert Name"" was told to organize a surprise party for his/her long lost brother, he/she decided to rent several ____.",
,"When ""Insert Name"" watches his/her cousin folding clothes, he/she thinks about ____.",
,"When ""Insert Name"" woke up this morning he/she had a stamp of ____ on his/her forehead.",
,"When a woman loves a man, it doesn't matter if ____.",
,When all anyone seems interested in is that you're from the land of ____.,
,"When all else fails, I can always drink a toast to ____.",
,"When all else fails, I can always get off with (a/an) ____.",
,"When asked about the biggest threat facing the nation, 60% of Pakistanis said ____.",
,"When asked to describe The PM in a few strong words, The President replied, ""The PM is a man I look up to. He's like ____ mixed with ____.""",
,"When auntie goes in for a Hug, but you surprise her with ____.",
,"When Aunty goes in for a Salam, but you surprise her with ____.",
,"When auto-correct changes ""Let's get crazy tonight!"" to ""Let's ____ tonight!""",
,When The PM swings his cricket bat he probably thinks about ____.,
,"when telling my parents I failed, I plucked up the courage to say ____",
,When committing a deadly sin I always think about?,
,"When cooking a dawati dinner, ""Insert Name"" always includes ____ in his/her recipe.",
,When did sharing ____ become an Eid tradition?,
,"When diplomacy fails and The Enemy attacks, The General will unleash ____, his secret weapon.",
,When fixing my parents' computer I found a folder full of ____.,
,"When My father died, he left me more than $60 million, plus ____.",
,When Pigs fly I will ____.,
,"When I am a billionaire, i shall erect a 20m statue to commemorate ____.",
,"When I am a billionaire, I will erect a statue that is 20 metres high to commemorate ____.",
,"When I am a billionaire, I shall erect a 20-meter statue to commemorate ____.",
,"When I am a newly appointed dictator of a war torn nation, I will legalize ____.",
,"When I am alone and know I will not be caught, I ____.",
,"When I am alone, I like to think about ____.",
,"When I am in a daze, I often imagine that I am going to ____.",
,"When I am Prime Minister of Pakistan, I will create the Ministry of ____.",
,"When I am Prime Minister of Pakistan, I will create the Department of ____.",
,"When I am Prime Minister, I will create the Department of ____.",
,"When I am Prime Minister, I will create the Ministry of ____.",
,"When I am really angry, I ____.",
,When I am sitting on the toilet I like to think about ____.,
,"When I am too tired to keep dancing, I like to ____.",
,"When I am freaking out, I often ____.",
,When I arrive to my hotel room I expect ____ left on the pillows.,
,"When I asked for photos, she sent pictures of ____. I wasn't disappointed.",
,When I feed the baby I'm thinking of ____.,
,"When I close my eyes at the dentist's office, I see ____.",
,"When I die, I hope heaven will have ____.",
,When I eat I can't keep myself from ____.,
,"When I eat asparagus, my pee smells like ____.",
,"When I failed to get my work done on time, I unsuccessfully tried to blame ____.",
,"When I finally washed my bedsheets, I discovered evidence of ____.",
,"When I get home from school, my favorite TV show to watch is Bulbulay.",
,"When I go out, I go out blazing. Death by ____, baby, here I come.",
,"When I go to Mosque, I think about ____.",
,When I go to college I am going to study ____.,
,"when I got home to my kid ran up to me and said ""Daddy, ____",
,When I group up I want to be ____,
,"When I grow up, I want to be a ____.",
,"When I grow up, I want to spend my weekends ____.",
,"When I hear someone say they really only listen to Coke Studio, I think ____.",
,"When I look into my child's eyes, I see ____.",
,"When I meet voters I like to look them square in the eye and say ""I need ____.""",
,"When i burped, what came out?",
,"When I put makeup on a donkey, I knew I was ready to ____.",
,"When I put my best foot forward, I remind people of ____.",
,"When I ran into an old friend and they asked me what I was up to, the first thing that popped out of my mouth was ____.",
,"When I pretend, I like to pretend I'm ____.",
,"When I think ""classy"", I think ____.",
,When I think about ____ I smile.,
,"When I wake up after studying till 5AM, I wish ____.",
,"When I was 5, Abu took me to the market and taught me about ____. That day, I became a man.",
,"When I was a child, $10 was huge. Now $1,000 won't even pay for ____.",
,"When I was a kid, I learned geography by playing lots and lots of ""Kaun Banega Crorepati""",
,"When I was a kid, I wanted to be ____.",
,When I was a little girl I always wanted to ____.,
,"when I was being frisked, the FIA agent remarked ____",
,When I was in school all the 'cool kids' were into ____.,
,"When I was last hypnotized, I was told I tried to ____.",
,"When I was little, I used to dream about ____.",
,"When i was eating nihari, ____ turned into ____.",
,"When I was young, the only thing that kept me off the streets was ____.",
,"When I was younger I read comics, but now I'm into ____.",
,When I was younger I thought ____ actually meant ____.,
,"When I'm alone, I like ____.",
,"When I'm talking to somebody, I can overlook ____ and ____, but ____ is a deal-breaker.",
,"When I'm feeling bad, ____ makes it all better.",
,"When I'm feeling down, ____ always cheers me up.",
,"when I'm having a bad day, I look in the mirror and tell myself ____",
,"When I'm in jail, I'll have ____ smuggled in.",
,"When I'm thinking, I like to think about ____.",
,"When I'm Prime Minister, the first thing I'll hide is ____(s).",
,"When I've seriously messed up and need to make amends, what can I give my spouse to show them I am truly remorseful?",
,"When in doubt, always ____.",
,"When in Lahore, ____.",
,"When it comes to dealing with conflict, I often use ____.",
,When it snows I like to build ____.,
,"When Atif Aslam performed at the Gaddafi Stadium in Lahore on Nov. 19, 2018, he surprised fans with ____.",
,"When The Imam Mehdi comes again, he will talk about ____ first.",
,When The Weatherman sticks ____ in front of the camera.,
,"When life gives you lemons, make ____.",
,"When life hands you ____, make ____.",
,"When life hands you lemons, make ____.",
,"When listening to a Taher Shah song, I feel like ____.",
,"When looking for a rishta, I always look for ____.",
,"When dreaming, I dream about?",
,"when my chihuahua barks at other dogs, I magine she's saying ____",
,"When my husband asked me to cook ____ on our wedding night, I thought it would be a one-time thing, but now he demands I do it every other Tuesday",
,When my husband found out I was pregnant he ____.,
,"When my kids are grown, I will not miss ____.",
,"When my spouse tries to cook, she looks like she is trying to ____.",
,"When Nukes go postal, ____ becomes the target of their radiation fueled rage.",
,"When other service branches hear ""Pakistan Coast Guards,"" they can't help but think of ____.",
,When she was little my sister could not pronounce my name correctly so she called me ____ instead. It has stuck ever since.,
,When talking to a Police Officer be sure to ____.,
,"When Momina Mustehsan and I broke up, she wrote a song about our relationship called ____.",
,"When the aliens landed, all they wanted was to see ____.",
,"When the Public hears ""Pakistan Air Force,"" they can't help but think of ____.",
,"When the Public hears ""Pakistan Army,"" they can't help but think of ____.",
,"when the rishta aunty asked me ""will you accept this rishta?"" I told him ____",
,"When the blacklight came on, you could see there was ____ everywhere.",
,"When the bully asked for my lunch money, I gave 'em ____ instead.",
,"When the earthquake hit last week, ""Insert Name's"" first concern was to save his/her collection of ____.",
,"when the elevator got stuck, the CEO turned to the intern and said ____",
,When the ghost of your mate who died reckless driving offers you ____.,
,"When the going gets tough, the tough get ____.",
,When The Raptor comes he will eat ____ first.,
,"When the dancer spun around, she smelled like jasmine and ____.",
,"When the Embassy was evacuated from Afghanistan, they left a warehouse full of ____.",
,"When they built Kahuta in 1957, they never could have imagined it would need to withstand ____.",
,"When they came for ____, I did nothing. When they came for ____, I sat idly by. But when they came for ____, they went too far.",
,"When told that the people had no bread to eat, Maryam Nawaz is said to have suggested: ""Let them eat ____.""",
,When vacationing in Lyari I was detained by gangs for ____.,
,When was your dignity at its lowest?,
,"When we ____, we use a secret code.",
,"When we were walking past your house, I saw (a/an) ____ in the window.",
,When Winston turns down the National party for ____.,
,"When you ""graduate"" from Online University, you get ____ instead of a diploma.",
,When you ask for a raise and get ____ instead.,
,"When you don't have sanitary pads handy, ____ is an acceptable subsititute says ____.",
,When you find ____ in the family pack you bought at the biryani shop.,
,When you get in a cab and it smells like ____.,
,"When you go to the polls on Tuesday, remember: a vote for me is a vote for ____.",
,"When you have a great dream about ____, but realize you can't tell anyone.",
,"When you look deeply into my eyes, you see ____.",
,"When you play the Game Of Thrones, you win or you die.",
,When you put a Bun Plaster in a Anday Wala Burger you get: ____.,
,"When you run out of Anniversary gift ideas, you should get ____.",
,"When you smash a terrorist's head, what oozes out?",
,"When you think Atif Aslam, I hope you think of ____.",
,"When you visit Lahore, make sure that you try ____. Everyone says it's the best there.",
,When you're sleepy AF and think ____ is a good idea.,
,"When you're in trouble, ____ can be very comforting.",
,"When you're mad or feeling sad, just go ____.",
,"When you're not around, the Hostel Warden sneaks into your room and slips ____ under your pillow.",
,When you're over new years resolutions and binge on ____.,
,When you're single AF: ____.,
,"When you've got ____, flaunt it.",
,"When your Medic is feeling down, cheer him up with a healthy dose of ____.",
,"When your crying mother asks why you were kicked out of the Force, you'll shamefully explain it was because of ____.",
,"When your primary weapon jams in an ass-puckering firefight, use ____ as your backup.",
,"Whenever I feel lonely, I put on some Nusrat Fateh Ali Khan, dress up like ____ and dance crazily in front of the mirror.",
,"Whenever I'm down, the thing that cheers me up the most is ____.",
,Where in the world is ____?,
,Where were you when I needed you?,
,"Which came first, the chicken or the ____?",
,Which enemy is Maryam Nawaz most proud of?,
,"while making the biryani, my aunt whispered to my fiance ____",
,"While building Bahria Town, 200 laborers were paid $5 an hour to destroy ____.",
,"While doing spring cleaning, I was surprised to find so much ____ between the couch cushions.",
,"while getting waxed, I cringed when the lady said to me ____",
,"While going for a run through the city park ""Insert Name"" found two ducks fighting over ____.",
,"While he uses the phrase quite regularly, Imran Khan has admitted that the only thing he truly finds MARVELOUS is in fact ____.",
,"While I might not function at most basic tasks, I'm an expert at ____.",
,While I was on vacation I finally got up the courage to ____.,
,"While officially still frowned on, ____ is now permitted in the US armed forces.",
,"While on the phone with his Mom, I seriously distracted my boyfriend with ____. It's a good thing I didn't laugh when she asked if something was wrong.",
,"While eating mangoes, surprise them with (a/an) ____.",
,"While standing in battalion formation, I often think about ____.",
,"While stuffing your fat face at the chow hall, you suddenly think of ____ and immediately lose your appetite.",
,"While the USA raced the USSR to the moon, the Pakistani Government funnelled millions of Rupees into research on ____.",
,"While the USA raced the USSR to the moon, the South African Government funnelled millions of Rands into research on ____.",
,"While The PM admits he was ""not a fan of the 1971 War,"" he's absolutely crazy about ____.",
,"while vacationing in Dubai, I picked up the phrase ____",
,"While working with ""Civilian Contractors,"" a hostile work environment complaint was lodged against you for ____.",
,"While writing my wedding vows, I often looked to ____ for inspiration.",
,White male. Aged 42. Cause of death: ____.,
,Who ate my ____ again?,
,"Who blasphemes and bubbles at the center of all infinity, whose name no lips dare speak aloud, and who gnaws hungrily in inconceivable, unlighted chambers beyond time?",
,Who do you think you are?,
,Who is The PM suing next?,
,Who is watching when you're in the bathroom? ____,
,Who killed the Bhuttos and why?,
,Who knew that ____ was really just a collection of ____?,
,Who knew there'd be so much ____ in the movie about the life of ____.,
,Who knows the secrets that Man was not meant to know? ____ knows.,
,Who let the dogs out?,
,Who lives in a pineapple under the sea? ____!,
,Who or what has the best chance of surviving The PM's full term in office?,
,Who or what is my spirit animal?,
,Who stole the cookies from the cookie jar?,
,Who was the last person to ____?,
,Who will be behind the next iqama controversy?,
,Who will be first against the wall when the revolution comes?,
,Who will be the next President?,
,Who will the Agencies hack to help The PM finally win an Election?,
,Who you gonna call?,
,"Who's got ____, ____, and two thumbs? This guy!",
,Who's really to blame?,
,"Who's to say that love needs to be soft, gentle, and sweet? Not when it can involve ____...",
,Whoever invented ____ is a genius.,
,"Whoever said ""time cures all wounds"" has clearly never experienced ____.",
,Whos afraid of the big bad wolf.,
,Whose subliminal messages are in the ads on TV?____,
,Why am giving birth again?,
,Why am I always broke?,
,Why am I bleeding?,
,Why am I in jail?,
,Why am I laughing and crying and taking off my clothes?,
,Why am I loving my Bad Hombre?,
,Why am I so constipated?,
,Why am I so tired?,
,Why am I so turned on right now?,
,Why am I taking Ambien?,
,Why am I trembling?,
,Why am I wet?,
,Why are all the children dying?,
,Why are my parents disappointed in me?,
,Why can't I sit down today?,
,Why can't we have nice things?,
,Why did The PM cross the border?,
,Why did grandma send the kids home?,
,Why did I dump my fiance the day before Eid?,
,Why did I get kicked out of the house?,
,Why did Mommy lock herself in the bathroom?,
,Why did my spouse divorce me?,
,Why did the babysitter quit?,
,Why did the chicken cross the road?,
,Why did the fusion exchanges end?,
,Why did the Traffic Police pull me over?,
,Why did The PM win the election?,
,Why didn't someone warn me about ____?!,
,Why didn't you pass your homework in on time?,
,Why do I always feel tired?,
,Why do I ride without a helmet?,
,Why do I feel so dizzy?,
,Why do I feel sticky all over my body?,
,Why do I keep havintg children?,
,Why do I like you?,
,Why do I need feminism?,
,Why do men on the internet send me pictures of ____?,
,Why do some Pakistanis like the dams?,
,Why does ____ keep telling kids ____ is a basic food group?,
,Why does Maula Jatt really hate Noori Natt?,
,Why does daddy smoke?,
,Why does Adiala Jail get better TripAdvisor ratings than PC Bhurban?,
,Why does Mommy scream?,
,Why does my breath smell so bad?,
,Why don't I look for rishtas online anymore?,
,Why don't you just buy socks?,
,Why has Pakistan gone downhill?,
,Why hasn't anyone created an emoji for ____.,
,Why hasn't my friend crossed the border?,
,Why haven't aliens visited us yet?,
,Why haven't I gotten laid recently?,
,Why haven't your subordinates completed their mandatory online training?,
,Why I don't snoop in their room anymore.,
,Why I feel nervous.,
,Why I need therapy.,
,Why I'm always running late.,
,Why I'm so excited.,
,Why I'm THAT parent.,
,Why is Brett so sweaty?,
,Why is Daddy in time out again?,
,Why is The PM obsessed with the dams?,
,Why is everybody giving me ____.,
,Why is it so hard to find ____ these days? #firstworldproblems,
,Why is it so hard to find a roommate who isn't always ____?,
,Why is Sohail Warraich really retiring?,
,Why is mommy crying?,
,Why is mommy locked in the bathroom?,
,Why is mommy so #blessed?,
,Why is The Internet down THIS time?!?,
,"Why is the chief always grumpy? Well, it's because he's responsible for ____.",
,Why is the Edhi Sahab always smiling? Because he knows ____.,
,Why is the sky blue?,
,Why is the Minar-e-Pakistan crying?,
,Why is this man crying?,
,Why is this walrus so frustrated?,
,Why my first marriage ended in divorce.,
,Why my mustache smell so bad?,
,Why our kid is slamming doors today.,
,Why our kids cannot have co-ed sleepovers.,
,Why so salty?,
,Why so serious?,
,Why so serious? ____. That’s why.,
,"Why was ""Aamir Liaquat"" cancelled?",
,Why was a clean-up needed on aisle 6?,
,Why was a complaint filed on me?,
,Why was the low-level diplomat kicked out of the country?,
,Why was your commander court-martialed?,
,Why we are banned from Joyland.,
,Why we are the meanest parents on earth.,
,Why we don't want any more kids.,
,Why will mommy get arrested?,
,Why won't anyone sit with me?,
,Why won't they let me in Sinbad anymore?,
,Why won't you make chai for me anymore? Is it ____?,
,Why would I want ____ stuffed down my throat?,
,"Why? Because ____ causes ____, that's why?",
,Why's Chacha angry again?!?,
,Will my Mom ever stop gossiping about ____?,
,"The PM's shocking new autobiography is titled ""____: The Final Frontier.""",
,"With a madman taking over the city, only ____-Man can save us now.",
,"With a one-time gift of just $10, you can save this child from ____.",
,"With every year that passes, I find it harder and harder to be ____.",
,"With friends like these, who needs ____.",
,With great power comes ____.,
,"With my skills in ____, and your knowledge in ____, we could rule the world!",
,"With the 3D printer, I can make ____ in a matter of minutes.",
,"With the camels on strike, this year the Eid trolley is fueled by ____.",
,Within our borders are three million illegal agents of ____!,
,"Without ____, the world would be at peace and full of joy and love.",
,"Without Muslims, we would never know ____.",
,"Without doubt, this is the golden age of ____.",
,Women are insecure about themselves because men only think about ____.,
,Wondering if other commuters on the train also daydream about ____.,
,World War III was caused by ____.,
,Wouldn't it be nice if the world was ____.,
,"Wow, you're still ____? That's so retro!",
,Wrap your ____ around my ____.,
,"What the hell, why did you ____?",
,WWSGD: What would Sultan Rahi do?,
,WWIII started as a result of The PM's ____.,
,www.____.com,
,YAAAAAAS! You are serving me ____ realness!,
,Pindi Boy went to town riding on a ____ stuck a feather in his ____ and called it macaroni.,
,"Yea, though I walk through the valley of ____, I will fear no ____.",
,Yeah that's so spicy. I'm so close. Talk about ____ again! OH I'M CRYING!,
,"Yeah, I got him off. So What? Who Cares? We got the ____ thrown out, so he walked.",
,"Yeah, I seen him, Sheriff. He was ____ with a big ol ____ strapped to his back.",
,"Yeah, nah, yeah I'm keen as to smash ____ if you are bro.",
,"Yeah? Well, your MOM is ____!",
,"Yes Doctor, we are here again. This time it's because of ____.",
,"Yes, actors were hired to clap at The PM's campaign announcement. Their payment: ____.",
,"Yes, I have a question. Well, not so much a question as ____.",
,"Yes, it is I, the world's most dangerous supervillain: Baron Von ____!",
,"Yes, Mr. Death … I'll play your game! But not chess! My game is ____.",
,Yesterday I found ____ for sale on eBay.,
,Yo yo here we go ____ on the Erin Simpson show,
,Yo yo here we go ____ on the Nida Yasir show,
,"Yo, is ____racist?",
,Yo' mama's so fat she ____!,
,Defense's latest fad diet is called ____,
,"You ____, bro!",
,You + Me = ____.,
,You accidentally read the comments section. How do you maintain the will to live?,
,You ain't never had a friend like me!,
,You are 90% more likely to suffer from emotional trauma when exposed to ____.,
,You are like the ____ of my life.,
,"You are under arrest for ____, again!",
,"You better lose yourself in the naat The moment you own it, you better never let it go You only get one shot, do not miss your chance for ____.",
,You better not put ____ in your mom's Crockpot.,
,"You better turn around now and head back to where you came from, city boy. We don't take kindly to ____ around these parts, you hear?",
,You call it ____. I call it eating food.,
,"You can ban it, outlaw it, and burn it, but you'll never remove ____ from my precious Corps!",
,"You can call me A magician, because I'm about to make ____ disappear.",
,"You can find a pattern for almost anything on Ravelry. For instance, ____.",
,"You can have ____ when you pry it from my cold, dead hands!",
,You can make any experience better by adding ____ to the mix.,
,You can never have too much ____.,
,You can only save the world with ____!,
,You can tell Sultan Rahi is an Jawan because he uses ____ and ____ to slay his enemies.,
,you can tell I've had too much to eat when I start burping ____,
,You can use ____ as a flotation device in the event of an emergency.,
,You can't be told what ____ is. You have to see it for yourself.,
,You can't beat ____ on a Good Day!!,
,"You can't kill ____. Trust me, the Corps has tried.",
,You can't live a truly fulfilling life without ____.,
,You can't touch this.,
,You can't wait forever. It's time to talk to your doctor about ____.,
,You city folk would never understand the quiet dignity of ____.,
,"You could say it was his politics that got The PM elected, but we all know the real reason was ____.",
,You deserve a scolding using my ____.,
,You did ____? With ____? For how many cookies?,
,You get ____! You get ____! You get ____! You get ____! You get ____! You get ____! You get ____! You get ____! You get ____! Everybody gets ____!,
,You put your ____ in my ____!,
,"You guys, you can buy ____ on the dark web.",
,You had me at ____.,
,You have ____?! Wow! Can I have some?,
,"You have 72 hours to deliver the gold, or you'll face ____.",
,You have been waylaid by ____ and must defend yourself.,
,You HAVE to check out this new bar. They have a drink called “____” that will rock your world.,
,You have to experience ____ before you can really appreciate ____.,
,"You have to get the new iPhone, endorsed by ____.",
,You have violated the Prime Directive! You exposed an alien culture to ____ before they were ready.,
,You haven't really been tired until you've been ____ tired.,
,"You hear the craziest stuff in hospital lineups, this morning I overheard ""Insert Name"" having a heated conversations about ____.",
,You just can't beat the Butcher's ____.,
,You just need more ____ to finish this darn form!,
,You kids have it easy today. Back in my day we had to deal with ____.,
,You kids have it easy today. Back in my day we had to work for our ____.,
,You kids with your fancy degrees... They don't teach ya' nothin' 'bout ____ in school.,
,You know me. I'm the ____ one in the group.,
,"You know they say, too much ____ and you'll go blind.",
,You know things are bad when our Netflix recommendations are : ____.,
,You know what annoys me? ____,
,"You know what's, like, really funny when you think about it? ____.",
,You know who else liked ____? Hitler.,
,You know you are a parent when ____ seems normal.,
,You know you're Desi when you love talking about ____.,
,You know you're in love when ____ makes you happy.,
,You know your food is stale if it makes you want to ____.,
,"You know, once you get past ____, ____ ain't so bad.",
,You like my cupcakes? I made them myself. The secret ingredient is ____.,
,"You love Eid Sale. You love Chand Raat. So don’t miss ____ Wednesday, only at Packages Mall!",
,You might be a Paindu if you use ____ for ____.,
,You might be a veteran if you consider ____ a good time.,
,You never want to see how ____ is made.,
,You people are sick! There's nothing funny about ____.,
,"You say potato, I say ____.",
,"You say tomato, I say ____.",
,You scared the crap out of me! For a second I thought you were ____.,
,You scratch ____ and I'll scratch ____.,
,"You see, son, baseball is like ____. Don't overthink it.",
,You should never ever put ____ in your mouth,
,You should never expect to use ____ until at least the third date.,
,"You should try ____ for those unappealing ____. It really works, I saw it on Facebook.",
,"You shouldn't swim in the Ravi River, they found ____ in there.",
,You think my poop stinks? Yours smells like ____.,
,"You think you have defeated me? Well, let's see how you handle ____.",
,You think your last meeting was bad? My date thought that buying me ____ was a reasonable substitute for buying me dinner.,
,YOU try explaining ____ to the media!,
,You try to go one hour without looking at your phone. How are you keeping yourself distracted?,
,You want ____? You can't handle ____[SAME CARD AGAIN]____!,
,You want the whole truth? You can't handle the ____.,
,You Wil Cry When You See This Kid Tell His Parents That He Is ____. #ItGetsBetter,
,You won't believe I have ____.,
,"You won't find this in textbooks, but ____ is the real reason Pakistan entered 1965 War.",
,You won’t believe what’s in my purse. It’s ____.,
,"YOU: Play Nusrat SIRI: Sorry. I don't know what ""____"" means.",
,"You: Play Atif Aslam. Siri: Sorry. I don’t know what ""____"" means.",
,You. Me. ____. Now.,
,"You'd never know it, but the first sergeant's duties include ____ and ____.",
,You'll find this in Heaven.,
,You'll understand ____ when you're older.,
,You're a tiger! You're crawling through the jungle. Now you're ____! Beautiful.,
,You're as useless as ____.,
,You're at the local base housing dinner party. What's your go-to icebreaker?,
,You're damn right India's going to pay for a dam. With ____.,
,"You're either a nice sailor or you work for one, unless you're affiliated with ____.",
,You're in good hands with ____.,
,You're never fully clean unless you're ____!,
,"You're not going to believe this, but I'm you from the future! You've got to stop ____.",
,"You're not in ____ anymore, Dr. Rapata.",
,"You're not in ____ anymore, Dr. Aamir.",
,You're on a first rishta meeting. What's an instant red flag?,
,You're seeing a therapist for the first time. The therapist asks you why you've come. Your answer:,
,"You're staggering back to the last metro bus of the night when, all of a sudden, ____ appears!",
,You've been naughty so I'm going to punish you with (a/an) ____.,
,"You've never seen Humayun Saeed like this before! This summer, ""____"".",
,"Young lady, you better knock it off with ____ or you're grounded!",
,Your account has been banned. Motive: ____.,
,Your call is very important to us. Please stay on the line and we'll be ____.,
,"Your chance of dying from ass cancer is roughly 570,000 times greater than your chance of getting killed by a refugee terrorist. Better spend more money on ____.",
,"Your charitable contribution will help provide clothing, food, and clean water to ____.",
,Your chief expected ____ in return for your EP Eval this cycle.,
,Your commander was immediately relieved for unethical and corruption because of her involvement with ____.,
,"Your commander's call sign is ""____ SIX.""",
,Your Medic buddy once told you that he pulled ____ out of a Jawan's boot.,
,Your cousin was just arrested for trying to smuggle ____ into the country inside her bag.,
,"Your dad and I are so proud of you! You know you're the first one in the family to be ____, right?",
,Your Dad is so stupid he ____.,
,Your dad was extremely embarrassed to be caught with ____.,
,Your date keeps talking about his moon sign in the fourth house. How do you stay interested?,
,"Your father was a powerful wizard, Harry. Before he died, he left you something very precious: ____.",
,Your friendly neighborhood ____.,
,Your kids with your fancy degrees… They don't teach ya' nothing' 'bout ____ in school.,
,"Your Havaldar demands you bring him reactor air samples and 50 feet of gig line. Instead, you cunningly ""acquire"" ____.",
,Your Rishta date insults your Chacha in the bathroom. What are you doing to numb the pain?,
,"Your mom never told you, but when she was younger, she was into ____.",
,Your mom's name is Brenda because ____ was already taken!,
,"Your persistence is admirable, my dear Prince. But you cannot win my heart with ____ alone.",
,Your security clearance has been suspended beause of your shameful past involving ____.,
,Your Squadron Commander proudly displays a picture of ____ on her desk.,
,Youth group didn't prepare me for ____.,
,Youth group prepared me well for ____.,
,Youth Ministers love talking about ____.,
,YouTube is now demonetizing any videos containing ____.,
,Prompt,
,____ IS MY LIFE'S AMBITION.,
,____ SAYS ____ IS ____.,
,____? REMINDS ME OF ____.,
,____? TALK TO ME WHEN YOU'VE EXPERIENCED ____.,
,____? WHAT A LOAD OF ____.,
,____. A STRAIGHT ROAD TO DIVORCE.,
,____. BETTER WITH ____.,
,____. FEELS SO GOOD ON ____.,
,____. GUARANTEED TO GIVE ME HOMICIDAL RAGE.,
,____. NOW THAT'S MESSED UP.,
,____. RUINING EVERYTHING FOR EVERYONE.,
,____. THAT'S WHAT IT'S ALL ABOUT.,
,____. THAT'S WHAT WEDDINGS ARE ALL ABOUT.,
,____. THAT'T THE SECRET OF A HAPPY MARRIAGE.,
,____. THE MOST IMPORTANT THING IN ANY RELATIONSHIP.,
,____. WHAT A JERK.,
,____. WHAT A GREAT IDEA!,
,A RECENT STUDY SUGGESTED ____ IS CAUSED BY ____.,
,"AAAAAH, A WEDDING TIME TO START ____.",
,AFTER TONIGHT I'LL BE REMEMBERED FOR ____.,
,BEFORE I CAME HERE I WAS ____.,
,DON'T INTERRUPT ME WHEN I'M ____.,
,DRESS? CHECK. SHOES? CHECK. ____? CHECK.,
,CATCH 'EM BY THE ____.,
,HE DOESN'T KNOW IT BUT I LOVE ____.,
,HERE COMES THE BRIDE. HERE COMES THE BRIDE. ____.,
,I HATE WEDDINGS BECAUSE ____.,
,I HOPE NOT TO BE ____ ON MY WEDDING DAY.,
,I LOVE ____ MORE THAN ANYTHING ELSE,
,I LOVE WEDDINGS BECAUSE ____.,
,"I MAY BE ____, BUT AT LEAST I'M NOT ____.",
,I'LL BE ____ WHEN THE PHOTOS ARE BEING TAKEN.,
,I'LL BE WEARING ____.,
,"IF I COULD GIVE YOU ONE BIT OF ADVICE BEFORE YOUR WEDDING, IT WOULD BE ____.",
,IF I COULD MAKE YOUR BOUQUET. I'D CRAFT IT FROM ____.,
,IF I HAD TO CHOOSE ONE THING TO STICK IN MY BUTT IT WOULD BE ____.,
,"IF SHE WAS HONEST, THE BRIDE WOULD WEAR ____ TO HER WEDDING",
,"IF YOU GET ____ AS A GIFT, YOU'LL BE ____.",
,IN TWENTY YEARS TIME WE'LL REMEMBER THIS DAY BY ____.,
,IT REALLY SUCKS WHEN YOU MEET A GUY AND HE'S GOT ____.,
,LOVE IS ____.,
,MY MOTHER IN LAW IS ____.,
,MY FREE PASS IS ____.,
,"NOW YOU'RE GETTING MARRIED, SAY GOODBYE TO ____.",
,OUR ENTRANCE SONG WILL BE A BEAUTIFUL MELODY ABOUT ____.,
,REMEMBER THAT TIME YOU TOLD ME YOUR FUTURE MOTHER IN LAW IS ____?,
,SOMETHING OLD SOMETHING NEW SOMETHING BORROWED ____.,
,THE BEST THING ABOUT THE GROOM IS ____.,
,THE BRIDE THINKS THE GROOM'S FAMILY ARE ____.,
,THE MAID OF HONOR IS ____.,
,THE MOST TERRIFYING THING ABOUT IT IS ____.,
,THE MOTHER OF THE BRIDE IS ____.,
,THE NUMBER ONE ITEM ON THE GIFT REGISTER IS ____.,
,THE WORST THING ABOUT THE GROOM IS HIS ____.,
,THE WORST THING I'VE EVER DONE IS ____.,
,THE WORST THING THE BRIDE AND I HAVE EVER DONE IS ____.,
,THINGS I'D RATHER BE DOING THAN GOING TO YOUR WEDDING: 1. ____.,
,THINKING ABOUT GETTING MARRIED MAKES ME FEEL LIKE ____.,
,THIS PARTY IS ____.,
,THIS WEDDING IS BROUGHT TO YOU BY ____ & ____,
,TIL ____ DO US PART,
,TOMORROW I'M GOING TO BE ____.,
,WE'RE GOING TO THE HALL AND WE'RE GONNA GET ____.,
,WHAT DO YOU THINK OF MARRIAGE?,
,WHAT DO YOU THINK OF THE BRIDE?,
,WHAT WEDDING PRESENT DO YOU WANT THE MOST?,
,WHAT'S GOING TO MAKE THE BRIDE LATE TO THE CEREMONY?,
,WHAT'S ONE WORD YOU'D NEVER ASSOCIATE WITH THE BRIDE?,
,WHAT'S THE GROOM'S BIGGEST WEAKNESS?,
,WHAT'S YOUR BIGGEST WEAKNESS?,
,WHAT'S YOUR FAVORITE THING ABOUT WEDDINGS?,
,WHAT'S YOUR GUILTY PLEASURE?,
,WHO'S MOST LIKELY TO HAVE AN HIDDEN TATTOO?,
,WHO'S MOST LIKELY TO TRY AND STOP THE WEDDING?,
,WILL SOMEBODY PLEASE THINK OF ____.,
,"YOU DON'T KNOW THIS, BUT I'M FAMOUS FOR ____.",
,"YOU'D NEVER GUESS, BUT I HAVE A SECRET OBSESSION FOR ____.",
,YOU'RE WEARING WHITE? THAT'S ____.,
,"Honestly, you can never have too many <BLANK>",Quiplash
,You know a restaurant is bad when the waiter says “<BLANK>”,Quiplash
,That horror movie was so scary until the killer turned out to be <BLANK>,Quiplash
,What would you call your ANTI-social network?,Quiplash
,An old-fashioned curse word that nobody uses anymore,Quiplash
,What’s the worst thing to wear when running a marathon?,Quiplash
,Your fish are bored! You should put a <BLANK> in their tank to amuse them.,Quiplash
,"In this house, “Grandma” and “Grandpa” are known as <BLANK>",Quiplash
,“Pokémon Trainer” is a much nobler job title than “Pokémon <BLANK>”,Quiplash
,Archaeologists won’t admit they’ve discovered cave paintings of <BLANK>,Quiplash
,The secret thing cats do when we’re not looking,Quiplash
,A good sign that you’re a terrible farmer,Quiplash
,"If your childhood toys came to life, they would probably say “<BLANK>”",Quiplash
,The worst restaurant: <BLANK> Hut,Quiplash
,What skin tags probably taste like,Quiplash
,What your mom thinks the word “yeet” means,Quiplash
,You know it’s a party when someone shows up with <BLANK>,Quiplash
,You know the lottery scratch-off ticket won’t pay out much when the goal is to get three <BLANK>,Quiplash
,A surprising new use for kale,Quiplash
,"Believe it or not, kids are going crazy over these <BLANK> trading cards",Quiplash
,A name for a music festival your mother would approve of,Quiplash
,"What defeats rock, paper AND scissors?",Quiplash
,"Along with tall, grande and venti, Starbucks should add a new coffee size: <BLANK>",Quiplash
,The nicest compliment you can give to a snake,Quiplash
,"Under a full moon, a small number of people turn into <BLANK>",Quiplash
,What the US president counts at night instead of sheep,Quiplash
,A rejected slogan for milk,Quiplash
,"There’s nothing sexier than a tall, beefy boy who knows how to <BLANK>",Quiplash
,What’s at the core of the planet named after you?,Quiplash
,Name of an award show that celebrates the most mediocre movies of the year,Quiplash
,Relationship rules: Never go to bed angry and never wake up <BLANK>,Quiplash
,He’s just not that into you... because he’s into <BLANK>,Quiplash
,Hard to believe but Madame Tussauds now has a wax statue of <BLANK>,Quiplash
,The worst words to end a scary story,Quiplash
,The absolute dumbest question to pose in Yahoo! Answers,Quiplash
,A good use for all your old CDs,Quiplash
,"The worst breakup line: “It’s not you, it’s <BLANK>”",Quiplash
,It would be terrifying to have a painting of <BLANK> above your bed,Quiplash
,A cool nickname for your bowel movements,Quiplash
,A sure sign you are trapped in a horrible nightmare,Quiplash
,"First, she asked for legs, then the Little Mermaid asked for <BLANK>",Quiplash
,What every woman is hiding under her bangs,Quiplash
,The generational nickname for babies born ten years from now,Quiplash
,A comment that has NEVER been made on the internet,Quiplash
,A terrible new name to get from the Witness Protection Program,Quiplash
,This year’s LEAST popular kids’ toy is: “The <BLANK>”,Quiplash
,You know your date is a slob when you find <BLANK> in the middle of their living room,Quiplash
,The name of Snow White’s millennial eighth dwarf,Quiplash
,“Haste makes <BLANK>”,Quiplash
,What Cookie Monster snacks on when nobody’s looking,Quiplash
,A better name for the TV show <i>Friends</i>,Quiplash
,Something the Pope might sell on Home Shopping Network,Quiplash
,A great way to stand out at comic book conventions is to dress like <BLANK>,Quiplash
,"In the lamest campfire tale, the young couple is terrorized by <BLANK>",Quiplash
,Still-life paintings would be more interesting if they were bowls of <BLANK>,Quiplash
,A fun nickname for the worst kid on a sports team,Quiplash
,The show must go on! Unless there is <BLANK> in the audience.,Quiplash
,The worst thing to be inscribed on a welcome mat,Quiplash
,An adorable name for sideburns,Quiplash
,"One-Star Hotel Review: “Terrible mattress, no towels and <BLANK>”",Quiplash
,The best name for a mom gang,Quiplash
,Casinos hate it when you walk up to the blackjack table and yell: “<BLANK>!”,Quiplash
,“A good man is hard to <BLANK>”,Quiplash
,A great sport that never caught on: <BLANK> on ice skates,Quiplash
,The one thing you should never slather mayonnaise on,Quiplash
,The worst pattern for a women's dress print,Quiplash
,“The meek shall inherit <BLANK>”,Quiplash
,A scrapbook nobody wants to see would be devoted to <BLANK>,Quiplash
,The worst thing to use as confetti,Quiplash
,"Gruesome! Instead of prickles, there’s a cactus that protects itself with <BLANK>",Quiplash
,A terrible model name for a self-driving car,Quiplash
,"Dear Science, stop already! We know enough about <BLANK>!",Quiplash
,A more respectable way of saying “junk in the trunk” is <BLANK>,Quiplash
,The best name for a rideshare company to stand out from competitors,Quiplash
,Your last thought before passing into the afterlife,Quiplash
,The dish that gets you uninvited from future potlucks,Quiplash
,"You know it’s bad when your mom says, “I’m not mad, I’m <BLANK>”",Quiplash
,A pickup line you might say to someone at the library,Quiplash
,It’s a bold choice to send someone a bouquet of <BLANK>,Quiplash
,The worst thing to yell from a clothing store dressing room,Quiplash
,Mother called you a “toddler tyrant” when you <BLANK>,Quiplash
,Hate Valentine’s Day? There’s a new holiday called <BLANK>,Quiplash
,The name of an appointment scheduling app nobody downloads,Quiplash
,Family secret! Grandma keeps her cash in <BLANK>,Quiplash
,Name for a wacky sitcom about ancient philosophers,Quiplash
,What used to have wings before God took away its power of flight?,Quiplash
,The name of the tamest action movie ever made,Quiplash
,"“Fool me once, shame on you. Fool me twice, <BLANK>”",Quiplash
,The best name for a gamers-only utopia,Quiplash
,"A nickname for a big, bushy beard",Quiplash
,The weirdest video game: <BLANK> <i>Simulator</i>,Quiplash
,A fairy tale that never caught on: <BLANK> <i>and the Beast</i>,Quiplash
,The next Pixar movie will be about a talking <BLANK>,Quiplash
,A contestant’s job title you would NOT be surprised to see on <i>The Bachelor</i>,Quiplash
,The name of a substitute teacher no student would mess with,Quiplash
,"Whatever you do, do NOT put sriracha on <BLANK>",Quiplash
,You know you’re super bored when you fill out the “Which <BLANK> Are You” quiz,Quiplash
,The strangest clickbait headline: “Hot <BLANK> Are In Your Area”,Quiplash
,A truly innovative technology would be <BLANK>-canceling headphones,Quiplash
,The name of a cologne that would be a woman repellent,Quiplash
,Doctors Without Borders is a much better organization than Doctors Without <BLANK>,Quiplash
,The weirdest celebrity demand in a rider contract: The greenroom MUST have <BLANK>,Quiplash
,The most memorable category you’d ever see on <i>Jeopardy!</i>,Quiplash
,What unicorn meat tastes like,Quiplash
,Something that should never be described as “juicy”,Quiplash
,A fun nickname for tampons,Quiplash
,The next big hit Broadway musical is going to be about <BLANK>,Quiplash
,Good Idea: reusable bags. Bad Idea: reusable <BLANK>,Quiplash
,The weirdest thing your Uber driver could offer you,Quiplash
,Why do babies’ heads smell so good?,Quiplash
,What toddlers would buy if they had mad Ca$h,Quiplash
,"When your Roomba is charging, what does it dream about?",Quiplash
,Who knew police give tickets for <BLANK>?,Quiplash
,Something you should never order at a business lunch,Quiplash
,A terrible idea for a children’s pop-up book: <i>The Adventures of</i> <BLANK>,Quiplash
,Adults should be able to go door-to-door on Basant and get <BLANK>,Quiplash
,Everyone was sad when they saw the piñata was full of <BLANK>,Quiplash
,Something that would definitely NOT taste better pickled,Quiplash
,A better name for skinny-dipping,Quiplash
, Two words that will get a big laugh as a callback later in the game,Quiplash
,"If they made a candle of your life, it would smell like <BLANK>",Quiplash
,Taco Tuesdays are so much better than <BLANK> Wednesdays,Quiplash
,"A rejected Dr. Seuss book title: <i>Oh, The Places You’ll</i> <BLANK>",Quiplash
,A rejected Eid song: “Santa Claus Is Coming to <BLANK>”,Quiplash
,"You know your doctor is an idiot when he says, “I need ten cc’s of <BLANK> STAT!”",Quiplash
,Hurrah! The United States is the world leader in <BLANK>,Quiplash
,A bumper sticker you’d consider displaying: “Ask Me About My <BLANK>”,Quiplash
,Werewolves have TWO weaknesses: silver bullets and <BLANK>,Quiplash
,The dumbest petition would push for <BLANK>,Quiplash
,Nobody would greenlight a kid’s game show called “Where in the World is <BLANK>?”,Quiplash
,"Someone who looks good is a “snack,” but someone who looks REALLY GOOD is a <BLANK>",Quiplash
,A website just for grandpas: www.<BLANK>.com,Quiplash
,The quickest way to become the most popular kid in school,Quiplash
,What the coolest grandparent slips into a birthday card,Quiplash
,What the most popular kid from your high school is probably doing right now,Quiplash
,Susan has such a youthful glow ever since she started washing her face with <BLANK>!,Quiplash
,Avoid the classified post that offers “Free <BLANK> to Good Home”,Quiplash
,Coffee shops always get names wrong. They should just hold up an order and shout “<BLANK>!”,Quiplash
,The best way to set the mood is to turn down the lights and turn up the <BLANK>,Quiplash
,An unlikely spokesperson for vaping,Quiplash
,Prison would actually be super fun if only it had <BLANK>,Quiplash
,The most outrageous thing you can smuggle inside a baguette,Quiplash
,A very unlikely place to meet your soulmate,Quiplash
,The best part about living in a sewer,Quiplash
,"<i>Alice in Wonderland</i> is weird, but it makes more sense than <i>Alice in</i> <BLANK>",Quiplash
,"In the worst magic show, the magician pulls <BLANK> out of a hat",Quiplash
,Something you’d gladly pay $45 for,Quiplash
,The next big romance novel: <i>For The Love of</i> <BLANK>,Quiplash
,The dumbest thing to buy in bulk,Quiplash
,"Sorry, we don’t have Coke or Pepsi. Is <BLANK> okay?",Quiplash
,A request you’d make on your rishta profile: “Must love <BLANK>”,Quiplash
,Who is God’s understudy?,Quiplash
,What’s the worst sound to hear when shaking a Eid present?,Quiplash
,"The best response to “I know you are, but what am I!?”",Quiplash
,"After juggling chainsaws, the next skill to master is <BLANK>",Quiplash
,Cap’n Crunch’s nickname at the Naval Academy,Quiplash
,What’s the trick to staying up when you have to pull an all-nighter?,Quiplash
,A sure sign you are currently meeting a grizzly bear,Quiplash
,The daily special at a diner for bears,Quiplash
,The real reason you’re not going to the party tonight,Quiplash
,The simplest pleasure known to man,Quiplash
,"It is bad luck if you break a mirror, but good luck if you break <BLANK>",Quiplash
,The worst thing to find in your belly button,Quiplash
,The real reason people are afraid of the dark,Quiplash
,What you call pants when you want everyone to think you’re fun,Quiplash
,Okay... just between us... which boy do you have a crush on?,Quiplash
,The “forbidden meat” comes from what animal?,Quiplash
,What do boxers whisper to each other at weigh-in?,Quiplash
,"What obscure cryptid monster stalks the streets of Cleveland, Ohio?",Quiplash
,What shape never took off with animal crackers?,Quiplash
,There’s a secret tax loophole that allows you to count <BLANK> as dependents,Quiplash
,The most surprising place to find a missing contact lens,Quiplash
,A terrible sound option to have on a white noise machine,Quiplash
,"No, the house isn’t haunted. The moaning you hear at night is just <BLANK>",Quiplash
,What’s your reflection doing when you turn your back?,Quiplash
,"The worst thing to see through a telescope, hurtling towards Earth",Quiplash
,"Instead of a siren, police could get cars to respond faster by blasting <BLANK>",Quiplash
,"Carl, the kind cat burglar, leaves your valuables and takes your <BLANK>",Quiplash
,The apartment lease says it’s okay to have dogs as long as they <BLANK>,Quiplash
,Why do hot singles in your area want to talk to you?,Quiplash
,Dogs are so gullible they actually believe <BLANK>,Quiplash
,You know you’re rich when you have a room just for <BLANK>,Quiplash
,"In a pinch, this can serve as a life raft",Quiplash
,"“I didn’t come here to make friends, I came here to <BLANK>”",Quiplash
,How do you know your friends are a bunch of phonies?,Quiplash
,Something that should never be described as “rustic”,Quiplash
,The attention-craving celebrity who appears when you say their name to a mirror five times,Quiplash
,An inappropriate gift to welcome someone to the neighborhood,Quiplash
,"Forget cats and dogs. When the weather gets REALLY bad, it starts raining <BLANK>",Quiplash
,"Nothing is certain but death and taxes... oh, also <BLANK>",Quiplash
,Oh no! You washed all your clothes with <BLANK> in the pockets!,Quiplash
,A sure sign that your takes are way too hot,Quiplash
,"Against your better judgment, the thing you really want to put down the garbage disposal",Quiplash
,A good name for a rishta app for lawyers,Quiplash
,A great name for a superhero who can communicate with cats,Quiplash
,What seagulls are usually thinking,Quiplash
,What should have happened at the end of <i>Titanic</i>,Quiplash
,"Dorothy meant to say, “There’s no place like <BLANK>”",Quiplash
,"Nothing will wake you up faster than a nice, hot cup of <BLANK> in the morning",Quiplash
,A rejected fairy tale title: “Jack and the Giant <BLANK>”,Quiplash
,A weird thing for a dentist to say while you’re in the chair,Quiplash
,The worst name for an educational kids’ show,Quiplash
,A terrible thing to discover squirrels burying in your yard,Quiplash
,<BLANK> much?,Quiplash
,The greatest thing in the world to Auto-Tune,Quiplash
,"In the dystopian future, all clothing will be made from <BLANK>",Quiplash
,The worst ringtone to play on your phone during a work meeting,Quiplash
,Modern-day Mary Poppins suggests taking a spoonful of <BLANK>,Quiplash
,The worst thing to say after kissing someone,Quiplash
,Got <BLANK>?,Quiplash
,The special skill on a resume that would make you immediately hire that person,Quiplash
,"Instead of whistling, an updated version of <i>Snow White</i> suggests you <BLANK> while you work",Quiplash
,A surprising thing to find caught in the spiderweb in your basement,Quiplash
,A truly disgusting flavor for toothpaste,Quiplash
,"“No shirt, no shoes, no <BLANK>, no service”",Quiplash
,"With the best credit card ever, you can redeem reward points for <BLANK>",Quiplash
,What a cat would do if it had human hands,Quiplash
,It should be illegal to put <BLANK> in a buffet,Quiplash
,"Okay wow, God just announced He is sick of hearing prayers about <BLANK>",Quiplash
,A better use for Rapunzel’s hair,Quiplash
,The worst thing to say instead of “I do” at your wedding,Quiplash
,What The Beach Boys called themselves before they ever saw the ocean,Quiplash
,Little known fact: Guns N’ Roses used to to be called Guns N’ Roses N’ <BLANK>,Quiplash
,What social distancing is called on Antarctica,Quiplash
,An unlikely celebrity to become the next President of the United States,Quiplash
,The most boring reality TV contest would feature competitive <BLANK>,Quiplash
,Solar and wind will be a joke once we harness the power of <BLANK>,Quiplash
,"“You can lead a horse to water, but you can’t make it <BLANK>”",Quiplash
,The best way to describe the texture of a jellyfish,Quiplash
,The worst person to accidentally add to a group text about your love life,Quiplash
,The scariest thing that could pop out of your birthday cake,Quiplash
,A good name for a camel dance troupe,Quiplash
,"Besides cockroaches, the one thing that will survive the apocalypse",Quiplash
,What’s your mom worrying about today?,Quiplash
,The name of a planet covered in corn,Quiplash
,“If you build it they will come” applies to baseball fields and <BLANK>,Quiplash
,What’s the name of the Walmart aisle where you can go cry in peace?,Quiplash
,"Unfortunately, Curious George was the most curious about <BLANK>",Quiplash
,The most popular job title in 2040,Quiplash
,Did you know your garden hose can double as a <BLANK>!?,Quiplash
,A terrible Mother’s Day gift,Quiplash
,"Doctors say <BLANK> is not addictive, but you’re hooked!",Quiplash
,"Understandably, no one wants to adopt Little Orphan <BLANK>",Quiplash
,A deodorant scent designed by a dog,Quiplash
,America doesn’t have a royal family. We just have <BLANK>,Quiplash
,"A lighter, more romantic sequel to <i>Crime and Punishment</i> would be called <BLANK>",Quiplash
,"Instead of Truth or Dare, kids these days play Truth or <BLANK>",Quiplash
,The worst thing to use as a straw,Quiplash
,A mocktail you make for sad occasions,Quiplash
,"A business word an important businessman might say, for business",Quiplash
,"Money can’t buy happiness, but it CAN buy <BLANK>",Quiplash
,A better name for comic books would be <BLANK>,Quiplash
,"Look, it’s all fun and games until <BLANK>",Quiplash
,California’s biggest export is <BLANK>,Quiplash
,What’s a badass name for a badass sword?,Quiplash
,Kids these days are skipping first base and going straight to <BLANK>,Quiplash
,Modern pirates don’t steal treasure. They steal <BLANK>,Quiplash
,A name for a superhero who is basically just a rip-off of Batman,Quiplash
,"After a massive downsizing, the store unfortunately had to be renamed Bed Bath & <BLANK>",Quiplash
,"<BLANK>: It’s hard work, but somebody’s gotta do it!",Quiplash
,What’s the perfect hide-and-seek hiding spot?,Quiplash
,Basant would be even spookier if it were called <BLANK>,Quiplash
,500 years ago freckles were called <BLANK>,Quiplash
,It’s easy to walk out of a timeshare pitch... until they offer you <BLANK>,Quiplash
,There is only one person you should follow into a dark alley and that’s <BLANK>,Quiplash
,Austin’s new slogan should be “Keep Austin <BLANK>”,Quiplash
,"Remember kids: if it doesn’t have <BLANK>, it’s not anime!",Quiplash
,What secret is your left hand keeping from your right hand?,Quiplash
,What do most Rorschach tests look like to you?,Quiplash
,"“Of all the gin joints in all the towns in all the world, she walks into <BLANK>”",Quiplash
,Something Sonic the Hedgehog should NOT be doing that fast,Quiplash
,The most difficult hole in mini-golf is a tiny version of <BLANK>,Quiplash
,"My trap is fiendishly simple, Mr. Bond! Once I pull this lever, the floor will become <BLANK>",Quiplash
,There is no “i” in team... but there is an “i” in <BLANK>,Quiplash
,"First the cat gets your tongue, then it gets your <BLANK>",Quiplash
,A terrible last name if your first name is Dick,Quiplash
,"Ok, fellas, let’s have a fair fight. No spitting, no kicking and absolutely no <BLANK>",Quiplash
,An embarrassing person to accidentally call “Daddy”,Quiplash
,The worst inspirational sign to see while running a marathon,Quiplash
,"Weirdly enough, the NFL has agreed to let players celebrate touchdowns by <BLANK>",Quiplash
,The federal government should have an executive Department of <BLANK>,Quiplash
,The last person you’d take financial advice from,Quiplash
,A less radical band name would be Rage Against The <BLANK>,Quiplash
,The title of a mixtape you would make for your boss,Quiplash
,A sign it’s time to wrap up your day at the beach,Quiplash
,The coolest kid in middle school is always the one wearing <BLANK>,Quiplash
,There’s the problem! You’ve got a huge <BLANK> stuck in your sink.,Quiplash
,A bumper sticker a goose would put on its car,Quiplash
,"If you don’t have any teeth, the tooth fairy will gladly take your <BLANK>",Quiplash
,Fine! If nobody is going to ask... I will! What’s that smell?,Quiplash
,A good excuse for not reading your friend’s new screenplay,Quiplash
,Huge twist! Turns out the monster was really <BLANK> wearing a mask the whole time!,Quiplash
,A good sign that Santa doesn’t give a crap about his job anymore,Quiplash
,Michael Bay presents <BLANK><i>: The Musical!</i>,Quiplash
,Remember: Never buy a build-your-own <BLANK>,Quiplash
,The shrimp boat captain never worked again after accidentally catching <BLANK> in his net,Quiplash
,"Finish the rhyme: “Roses are red, violets are blue, I got you this card, <BLANK>”",Quiplash
,A slightly more appetizing name for “leftovers”,Quiplash
,"If a friend describes your blind date as “interesting,” it means <BLANK>",Quiplash
,"The DNA test proves you are not the father, but you are <BLANK>",Quiplash
,"For a wedding to be legal in Florida, <BLANK> must be present at the ceremony",Quiplash
,The perfect excuse for getting out of gym class,Quiplash
,"After her husband died, who did Mrs. Butterworth eventually end up with?",Quiplash
,The biggest pet peeve among modern zombies,Quiplash
,Something you shouldn’t say in a crowded elevator,Quiplash
,The best way to stay young forever,Quiplash
,Something you might overhear in the White House,Quiplash
,What sound does a shy gun make?,Quiplash
,Book adaptations have gone too far! Now they’re making <BLANK><i>: On Ice!</i>,Quiplash
,"In the next <i>Donkey Kong</i> game, you’ll get to meet his distant cousin: <BLANK> Kong",Quiplash
,"There are three types of people. You’re either a witch, a stone or a <BLANK>",Quiplash
,An excuse for being late that will make people stop asking questions FAST,Quiplash
,What a misfit vampire craves more than blood,Quiplash
,First was the bro hug. Now bros are doing <BLANK>,Quiplash
,The rejected last line of the national anthem: “O’er the land of the free and the home of <BLANK>”,Quiplash
,Something stupid a 23rd-century human might find in a time capsule from today,Quiplash
,Is it just me or is <BLANK> just TOO attractive to be human?,Quiplash
,The most common birthday wish is for world peace. The second most common is <BLANK>,Quiplash
,You’re twelve years old and you just got a blank check! What’s the first thing you’re buying?,Quiplash
,Someone you’d never expect to give you “the birds and the bees” talk,Quiplash
,"If we named all the constellations today, one would DEFINITELY be called <BLANK>",Quiplash
,Look up “<BLANK>” in the dictionary and there will be a picture of <ANYPLAYER>,Quiplash
,A terrible catchphrase for a magician,Quiplash
,The best name for a local news weatherperson,Quiplash
,"A celebrity <ANYPLAYER> looks like, if you squint a little",Quiplash
,"And over here are the fossils of the <BLANK>, the world’s clumsiest dinosaur!",Quiplash
,"When I die, I want to be surrounded by family and <BLANK>",Quiplash
,"If we could just turn off gravity for an hour, it would make <BLANK> much more interesting",Quiplash
,The weirdest thing you could tell your hairdresser: “Give me the <BLANK>”,Quiplash
,A shocking thing to discover your kids built out of LEGO,Quiplash
,"The hardest thing to say with a big, goofy smile",Quiplash
,"Oddly enough, the Tour de France takes a tiny detour through <BLANK>",Quiplash
,The most convenient piece of furniture is a couch that turns into <BLANK>,Quiplash
,The best way to “dress up” a pair of cargo shorts,Quiplash
,"The leading cause of goosebumps, probably",Quiplash
,You knew the accident involved a clown car because the road was covered in <BLANK>,Quiplash
,An architectural landmark you find weirdly... attractive,Quiplash
,The name of a yacht that you’d think twice about getting on,Quiplash
,Nobody ever checks in to that hotel room! Not since <BLANK>,Quiplash
,“Revenge is a dish best served <BLANK>”,Quiplash
,The community college was doomed after it made <BLANK> its mascot,Quiplash
,"If you want a bartender to hate you, just order <BLANK>",Quiplash
,The slowest draw in the West: Billy the <BLANK>,Quiplash
,"Something that makes you go, “Ugh, fine, I’ll do it”",Quiplash
,"My ladyship, may I introduce the most disgusting knight we have, Sir <BLANK>",Quiplash
,The next big documentary will be about the seedy underbelly of the <BLANK> industry,Quiplash
,"If you’re being honest with yourself, you’ll never be brave enough to <BLANK>",Quiplash
,The name of a clown you would not hire for your six-year-old’s birthday party,Quiplash
,The name of a summer camp for extremely shy children,Quiplash
,Dishwashers don’t have windows! What are they hiding?,Quiplash
,A gift your stepdad really tried his best on... so be nice,Quiplash
,Forget the labradoodle! The best dog breed combination is the <BLANK>,Quiplash
,"When in England, remember that they <BLANK> on the other side of the road",Quiplash
,Something that you didn’t need to know is gluten-free,Quiplash
,"In the Republic of <ANYPLAYER>, the national anthem would be <BLANK>",Quiplash
,The worst thing to discover that your five-year-old is drawing,Quiplash
,Quick! How do you ruin a romantic picnic!?,Quiplash
,OMG. Seriously. Where is Waldo???,Quiplash
,GOOD: hard-boiled eggs. BAD: hard-boiled <BLANK>,Quiplash
,A fact about you that would impress a four-year-old,Quiplash
,What’s the next state we should add to the US?,Quiplash
,"Look, kids, if you can’t agree on a name for that hamster, we’re just going to call it <BLANK>",Quiplash
,A bribe!? Is it a bribe to give a federal judge <BLANK>?,Quiplash
,Little-known fact! Da Vinci liked to draw a little <BLANK> somewhere in his paintings.,Quiplash
,What’s something you should never do while wearing sandals?,Quiplash
,Never get in a street fight with someone nicknamed “<BLANK>”,Quiplash
,The most dramatic way to end a letter is: “P.S. <BLANK>”,Quiplash
,"Before marmalade, Paddington Bear had a crippling addiction to <BLANK>",Quiplash
,The one thing you should never put in a communal fridge,Quiplash
,The title of Herman Melville’s unpublished sequel: <i>Moby Dick 2:</i> <BLANK>,Quiplash
,The next hit meeting reality series: <i>Love is</i> <BLANK>,Quiplash
,"Honestly, <BLANK> might as well be a curse word",Quiplash
,Name a snack food for mummies,Quiplash
,"If Virginia is for lovers, then Alabama is for <BLANK>",Quiplash
,The title of a gritty sequel to <i>Goodnight Moon</i>,Quiplash
,"In MacGyver’s most awkward life-and-death moment, he only had a pocket full of <BLANK>",Quiplash
,Did you know that <ANYPLAYER> founded the <BLANK> Club in high school?,Quiplash
,"Ok, which one of you used the Xerox to make copies of <BLANK>?",Quiplash
,An accurate slogan would be “The Suburbs: <BLANK>”,Quiplash
,The button on the microwave that never gets used,Quiplash
,Who’s really America’s Sweetheart?,Quiplash
,"Due to funding cuts, Broadway’s Phantom is now <i>Phantom of the</i> <BLANK>",Quiplash
,The most useless feature of luxury coffins,Quiplash
,"If you want to be a SUPER model, strut to the end of the runway and then <BLANK>",Quiplash
,What your smart speaker wishes it could say to you,Quiplash
,Never trust a veterinarian who decorates their waiting room with <BLANK>,Quiplash
,Your cat can talk for one minute. What do you chat about?,Quiplash
,A group of tax attorneys is called <BLANK>,Quiplash
,"Nothing can stop the Terminator. Well, nothing except <BLANK>",Quiplash
,"If she were alive today, Marie Antoinette would probably say “Let them eat <BLANK>!”",Quiplash
,The amusement park was a bust. Now what do we do with all these cloned dinosaurs?!,Quiplash
,The worst thing to step on with bare feet,Quiplash
,Did you know that Ben Franklin also invented <BLANK>?,Quiplash
,The dance move that finally killed disco was called “The Funky <BLANK>”,Quiplash
,The worst thing to write inside a “get well soon” card,Quiplash
,A job title you probably shouldn’t put on your LinkedIn profile,Quiplash
,"In heaven, you will be surrounded by friends, family and, for some reason, <BLANK>",Quiplash
,What did the band the Barenaked Ladies originally call themselves?,Quiplash
,The most innocent thing you could type that would result in a Twitter fight,Quiplash
,One thing someone could whisper in your ear to win your heart forever,Quiplash
,The name Dr. Frankenstein wanted to give his monster but decided against it,Quiplash
,"If humans could acquire a sixth sense, it should be <BLANK>",Quiplash
,The coolest thing to pop out of Wolverine’s hands instead of metal claws,Quiplash
,Something SO much worse than hair to find in your food,Quiplash
,Name the sequel to <i>Cats</i>. <i>Cats 2:</i> <BLANK>,Quiplash
,The strangest thing to discover in a mummy’s tomb,Quiplash
,A surprising thing to get trapped in your Invisalign clear tooth aligner,Quiplash
,Avoid any restaurant with a sign that says “As Seen on <BLANK>”,Quiplash
,It would actually be chill to die in an avalanche of <BLANK>,Quiplash
,"First, the Grinch stole Eid. But he went too far when he stole <BLANK>",Quiplash
,Bank heist plan: Step 1. Approach bank teller. Step 2. <BLANK>,Quiplash
,The most intriguing phrase to find in a rishta profile,Quiplash
,"If a candidate did this, they would instantly win my vote",Quiplash
,A sure sign your co-worker is a robot,Quiplash
,What sign was left off of the zodiac?,Quiplash
,The worst thing to say during an autopsy,Quiplash
,You can expect tragedy when the tarot reader turns the card depicting <BLANK>,Quiplash
,What do super progressive schools give instead of grades?,Quiplash
,What is the one trick magicians refuse to do?,Quiplash
,A really terrible job would be the brand ambassador for <BLANK>,Quiplash
,There is a famous assassin who shows no mercy. They call her <BLANK>,Quiplash
,What Santa’s elves do when the old man is sleeping,Quiplash
,The secret thing you must do to pass the final exams at Hogwarts,Quiplash
,The one thing the entire family can agree upon at Eid dinner dinner,Quiplash
,“She’s a cop. He’s a celebrity chef! This summer they’re...”,Quiplash
,"After “the wheel” and “fire,” what was humanity’s third discovery?",Quiplash
,A theatrical production you’ll never see at an elementary school,Quiplash
,What trap was a little too severe for the final cut of <i>Home Alone</i>?,Quiplash
,Everybody forgets that one <i>Friends</i> episode titled “The One Where <BLANK>”,Quiplash
,What Ronald McDonald dreams about,Quiplash
,The <i>Queer Eye</i> expert who didn’t make the cut specialized in <BLANK>,Quiplash
,The worst thing to hear after saying “I love you”,Quiplash
,What God was thinking when he invented testicles,Quiplash
,The one question science may never answer,Quiplash
,You know it’s a slow morning when <BLANK> is trending on Twitter,Quiplash
,What’s behind the locked door the real estate agent refuses to show you?,Quiplash
,Haunted House rules: 1. Do not touch the actors 2. <BLANK>,Quiplash
,The only thing worse than watching <BLANK> is watching it in slow-motion,Quiplash
,The name of a start-up company that’s doomed to fail,Quiplash
,What’s the highest reported crime in Flavortown?,Quiplash
,The first sign you are watching a very artsy horror film,Quiplash
,<ANYPLAYER> took a DNA test. Turns out they’re 100% <BLANK>,Quiplash
,An original theme for an escape room,Quiplash
,A podcast nobody could resist would be about <BLANK>,Quiplash
,"“Honey, wasn’t it weirdly unsettling how the babysitter <BLANK>?”",Quiplash
,"Death by <BLANK> is uncommon, except in Florida",Quiplash
,Thanos has gone too far this time! He destroyed half the <BLANK> in the universe.,Quiplash
,You know your clone isn’t a perfect match when it <BLANK>,Quiplash
,The best perk of being in a cult,Quiplash
,You can tell you’re a middle child because you <BLANK>,Quiplash
,Spider-Man’s secret guilty pleasure,Quiplash
,The name for a cruise ship that only caters to single aunts,Quiplash
,A horrifying phrase to see embroidered on Grandma’s pillow,Quiplash
,"If Father’s Day dinner were a tradition, what would be the table centerpiece?",Quiplash
,It would be great to have a stunt double when you <BLANK>,Quiplash
,The random video YouTube keeps recommending that you end up loving,Quiplash
,The quickest way to get fired from Olive Garden,Quiplash
,A search phrase you’d probably find in the president’s browser history,Quiplash
,The most scandalous sentence in your dream journal,Quiplash
,The song choice that got you kicked out of karaoke night,Quiplash
,A good way to distinguish yourself as the office “bad boy”,Quiplash
,A surprising thing that DOES impress Shania Twain much,Quiplash
,"Idea for an improved hotel room sign: “Privacy, Please. I’m <BLANK>”",Quiplash
,A terrible song to play during the <i>In Memoriam</i> segment of an awards show,Quiplash
,Two good emojis to send when breaking up with someone,Quiplash
,A sign that your spin instructor hates you,Quiplash
,Passive-aggressive ghosts are always writing <BLANK> on your wall in blood,Quiplash
,A bikini car wash is a great way to raise money. A bikini <BLANK> is not.,Quiplash
,<ANYPLAYER> will one day be the subject of a viral meme called <BLANK>,Quiplash
,The discontinued Nobel Prize: the Nobel Prize in <BLANK>,Quiplash
,"Supposedly, Rodin’s <i>The Thinker</i> was thinking about <BLANK>",Quiplash
,The most depressing New Year’s resolution,Quiplash
,A sort of bad thing you’d wish on your second-worst enemy,Quiplash
,The best way to convince fast food customers to get a value meal,Quiplash
,"A little secret: if the line for the bathroom is too long, just <BLANK>",Quiplash
,Name for a sleepover prank that is a little too cruel,Quiplash
,The worst part about raising a zombie child is <BLANK>,Quiplash
,"What’s the coolest answer to the question, “How did you get that scar?”",Quiplash
,The name of the subreddit that only has one follower: “r/<BLANK>”,Quiplash
,"The nation was finally united when the president’s press secretary announced, “<BLANK>”",Quiplash
,"In an alternate reality, we don’t play <i>Quiplash</i> at parties. We <BLANK>",Quiplash
,The <i>Law & Order</i> sound should play whenever <BLANK>,Quiplash
,The zombie apocalypse will be replaced by the trendier <BLANK> apocalypse,Quiplash
,You know your dog is basic AF when...,Quiplash
,Shoplifting would drastically decrease if malls introduced <BLANK>,Quiplash
,Print was dying until they put out <BLANK> <i>Magazine</i>,Quiplash
,The name of an intensely competitive cooking show,Quiplash
,What the blue verified checkmark on Twitter really means,Quiplash
,A video that would not go over well on TikTok,Quiplash
,The field day activity deemed “too deadly”,Quiplash
,Let’s say you have writer’s block during a comedy game... what’s the cure?,Quiplash
,"The Greeks invented democracy, but few know they also invented <BLANK>",Quiplash
,The #1 cause of divorce among citizens of LEGOLAND,Quiplash
,The only dog who didn’t get into heaven,Quiplash
,What description of a dessert would also make a good drag queen name?,Quiplash
,A college degree that will be surprisingly useful in 20 years,Quiplash
,What’s the easiest way to get on ESPN’s highlight reel?,Quiplash
,"The perfect adventuring party includes a fighter, a wizard, and a <BLANK>",Quiplash
,"No, really... what is love?",Quiplash
,How does Santa Claus get into houses without chimneys?,Quiplash
,How can you tell that an Artificial Intelligence has turned evil?,Quiplash
,How would society spend its time if Netflix didn’t exist?,Quiplash
,The title of a book known as “the next <i>Fifty Shades of Grey</i>”,Quiplash
,The worst way to end a Best Man wedding speech,Quiplash
,<ANYPLAYER>’s trophy case is full of <BLANK>,Quiplash
,"Uh-oh, what’s Scary Conspiracy Uncle talking about this year?",Quiplash
,You can tell a nature documentary is fake when <BLANK>,Quiplash
,The senior farewell party theme most often rejected by high schools,Quiplash
,"In new fairy tales, the “handsome prince” will be replaced by <BLANK>",Quiplash
,"In the Renaissance, Bob Ross’s nickname would have been <BLANK>",Quiplash
,The secret gadget James Bond will never use again,Quiplash
,What you never want to hear after the words: “Don’t worry…”,Quiplash
,What the heads on Mount Rushmore complain about,Quiplash
,What’s considered self-care for ancient warlocks?,Quiplash
,A good sign that everyone is out to get you,Quiplash
,God’s short review of humanity,Quiplash
,God sent this warning sign and we totally missed it,Quiplash
,A polite way to weaken the aristocracy,Quiplash
,The worst thing to say in an interview right after you’ve won the lottery,Quiplash
,The weirdest compliment your doctor could give during a colonoscopy,Quiplash
,What real leprechauns say about how they appear in pop culture,Quiplash
,What happens after you’ve scrolled every single page of the internet?,Quiplash
,What actually happens to that uneaten half of a donut in the office break room?,Quiplash
,Forget karaoke. The next viral series will be called <i>Carpool</i> <BLANK>,Quiplash
,An absolutely scathing review for an eraser,Quiplash
,"I’m sorry, what did you call me!?",Quiplash
,The worst way to start an apology,Quiplash
,"For some reason, they have yet to make a <BLANK>-themed <i>Monopoly</i> board",Quiplash
,The most surprising thing in Batman’s Google search history,Quiplash
,A good Basant costume for a kid with an “old soul”,Quiplash
,"What you would expect to see on cable channel 1,000,000",Quiplash
,The name of a movie that only uses footage from a car’s rear camera,Quiplash
,The weirdest function Iron Man’s high-tech armor can perform,Quiplash
,The personality quiz BuzzFeed refuses to publish,Quiplash
,The most underrated use for a tree,Quiplash
,"How to get the guy at the kayak rental place to say, “Yuck, just keep it”",Quiplash
,A country is only as strong as its <BLANK>,Quiplash
,"“Objection, Your Honor! The defense counsel is clearly <BLANK> the witness!”",Quiplash
,A team-building exercise that is far too extreme for most company retreats,Quiplash
,"Instead of darkness, an awesome thing to see every time you blink",Quiplash
,A new football penalty: the offense loses 20 yards for <BLANK>,Quiplash
,Your spouse is keeping a terrible secret. Their <BLANK> isn’t real!!!,Quiplash
,"Pool Schedule: After free swim and adult swim, there will be <BLANK> swim.",Quiplash
,A better wedding tradition than tossing the bouquet would be tossing <BLANK>,Quiplash
,WARNING: Fairy dust may contain <BLANK>,Quiplash
,The street name for chewable vitamin C,Quiplash
,A reality show nobody would miss: <i>The Masked</i> <BLANK>,Quiplash
,The best way to keep someone from sitting next to you on a bus,Quiplash
,A sign that your local zoo has run out of money,Quiplash
,An unexpected benefit of peeing your pants,Quiplash
,What would you put in a movie to make sure it would win an Oscar?,Quiplash
,A good sign you’re slowly turning into a squirrel,Quiplash
,The biggest reason the world will be better in a hundred years,Quiplash
,What usually goes through Dracula’s mind as he bites someone,Quiplash
,A good sign that you’re gonna be kicked out of the Justice League,Quiplash
,Advice <ANYPLAYER> would get from a financial planner: “You spend too much on <BLANK>”,Quiplash
,A brutally honest theme for a valedictorian speech,Quiplash
,How you can tell you’ve been kidnapped by amateur criminals,Quiplash
,Parents can’t be too proud when their child turns out to be a prodigy at <BLANK>,Quiplash
,A good name for a detective agency run by kids,Quiplash
,Family game night got deadly silent when Grandma suggested we play <BLANK>,Quiplash
,"Something Andy Warhol would have painted today, probably",Quiplash
,What Bill Murray whispered to Scarlett Johansson at the end of <i>Lost in Translation</i>,Quiplash
,What does Punxsutawney Phil do for spring break?,Quiplash
,You know somebody stole <ANYPLAYER>’s credit card when there’s a charge for <BLANK>,Quiplash
,The worst part about having Tom Hanks as your mortal enemy,Quiplash
,Something you might overhear in the Batcave,Quiplash
,A good sign your significant other is cheating on you with a snowman,Quiplash
,"If your mom were a superhero, what signal would you shine in the sky to summon her?",Quiplash
,What’s an interesting fact on Stephen King’s resume?,Quiplash
,A bold and unexpected song choice for a newlywed couple’s first dance,Quiplash
,A good name for a real bad boy golfer,Quiplash
,"In fifty years, retirement homes will be full of <BLANK>",Quiplash
,Good news: there’s cake in the breakroom. Bad news: it says <BLANK>,Quiplash
,<ANYPLAYER>’s dream house comes pre-stocked with <BLANK>,Quiplash
,Falling in love is not all puppies and unicorns. Sometimes it’s <BLANK>,Quiplash
,What do you get the woman who has everything?,Quiplash
,The world’s most compassionate exterminator removes bugs by <BLANK>,Quiplash
,"Oh, you don’t believe in miracles? Then explain <BLANK>!",Quiplash
,What is dark chocolate’s dark secret?,Quiplash
,What’s the unspoken rule of hardcore knitting clubs?,Quiplash
,What tattoo will actually help you in an interview for a programmer job?,Quiplash
,"You woke up covered in chocolate sauce, next to a live pig. Where were you last night?",Quiplash
,A brilliant way to fool facial recognition technology,Quiplash
,A sure sign someone has been struck by lightning more than once,Quiplash
,An underwhelming political slogan from a centrist candidate,Quiplash
,"The most embarrassing place to witness someone screaming, “I want to speak to your manager!”",Quiplash
,Want to know what gets rid of a headache fast? Try <BLANK>,Quiplash
,Something that’s better left to people under 30,Quiplash
,America’s second favorite pastime,Quiplash
,How can you tell your tailor is in love with you?,Quiplash
,What do mannequins do when the department store closes?,Quiplash
,A new toilet gadget nobody admits to using can actually <BLANK>,Quiplash
,The worst thing a father could tell his son on his wedding day,Quiplash
,A cautionary road sign no one would ignore,Quiplash
,"Instead of on-hold music, companies should offer callers <BLANK>",Quiplash
,The most common meeting faux pas among dragons,Quiplash
,The most haunted item at an estate sale,Quiplash
,You can tell a serial killer is trying to be caught when they <BLANK>,Quiplash
,The most common error found on Wikipedia,Quiplash
,This 3D fantasy adventure game is so real you can actually <BLANK>,Quiplash
,What screen name can you just go ahead and assume is a bot?,Quiplash
,"For the sake of accuracy, the natural history museum had to remove the <BLANK> exhibit",Quiplash
,The last thing an art museum security guard wants to find at night,Quiplash
,The most powerful thing you can declare before leaving a room,Quiplash
,"If <ANYPLAYER> had a catchphrase, it would be...",Quiplash
,<ANYPLAYER> would win a talent competition by...,Quiplash
,A special skill listed on <ANYPLAYER>’s resume,Quiplash
,The name of <ANYPLAYER>’s signature dance move,Quiplash
,The opening line of <ANYPLAYER>’s one-person show,Quiplash
,You have to defeat <ANYPLAYER> in gladiatorial combat. What weapon do you choose?,Quiplash
,<ANYPLAYER> never met a <BLANK> they didn’t like,Quiplash
,"If aliens abducted <ANYPLAYER>, what would they learn about humans?",Quiplash
,"<ANYPLAYER> would never hurt a fly, but they would hurt <BLANK>",Quiplash
,A terrible theme for your daughter’s debutante ball,Quiplash
,The reason you were removed from your grandfather’s will,Quiplash
,Only after her death did we discover Granny’s tattoo of <BLANK>,Quiplash
,A thought you’ve had in the last 24 hours but didn’t share with anyone,Quiplash
,It’s easy to annoy <ANYPLAYER>. You just <BLANK>,Quiplash
,"If you get a case of <ANYPLAYER> fever, it can only be cured by <BLANK>",Quiplash
,"If <ANYPLAYER> were a fashion model, they’d be famous for wearing <BLANK>",Quiplash
,I named my cat after <ANYPLAYER> because my cat is always <BLANK>,Quiplash
,The only thing preventing <ANYPLAYER> from being a globe-trotting secret agent,Quiplash
,There’s limited space in the bomb shelter but <ANYPLAYER> insisted on bringing <BLANK>,Quiplash
,Why would <ANYPLAYER> be the first to die in a horror movie?,Quiplash
,I need to hide treasure in a place <ANYPLAYER> will never look. Where should it go?,Quiplash
,Why doesn’t <ANYPLAYER> show up in photographs?,Quiplash
,"I want to go as <ANYPLAYER> for Basant, but I don’t have <BLANK>",Quiplash
,The new <ANYPLAYER> doll is perfect! Everytime you pull the string it says “<BLANK>”,Quiplash
,The worst thing to say after making eye contact with someone in an elevator,Quiplash
,All the jesters have failed! Only one thing will entertain the king...,Quiplash
,What’s the hardest part of fighting a killer doll?,Quiplash
,The main difference between TV doctors and real doctors,Quiplash
,There should be an emoji that expresses the feeling of <BLANK>,Quiplash
,"Right before open-heart surgery, improve your odds by telling your doctor <BLANK>",Quiplash
,"Oh dear, now Lin-Manuel Miranda is writing a hip-hop musical about <BLANK>",Quiplash
,The landmark Supreme Court decision of 2045: My Wife v. <BLANK>,Quiplash
,What’s the most common email signature for scammers?,Quiplash
,Sigh... why is it impossible to find a good man these days?,Quiplash
,Something you wish real life had in common with sitcoms,Quiplash
,"It’s your big moment on stage! You find your spotlight, face the audience and <BLANK>",Quiplash
,What is the worst message you could leave on your therapist’s voicemail?,Quiplash
,The name of a boy band from the 1890s,Quiplash
,A late-night text you might get from one of the Mario Bros.,Quiplash
,The secret word(s) to enter <ANYPLAYER>’s bedroom,Quiplash
,The weirdest thing to discover after coming out of anesthesia,Quiplash
,The worst thing someone could place on your chest before shutting your burial casket,Quiplash
,A really disturbing thing a lifeguard could say during a rescue,Quiplash
,A sure sign you are living in a Hallmark Channel holiday movie,Quiplash
,The most memorable fortune cookie fortune: You will <BLANK> …in bed.,Quiplash
,What Santa Claus does on December 26th,Quiplash
,"Even for $100,000 you would not get this phrase tattooed across your back",Quiplash
,The name of Shrek’s heart-wrenching new memoir,Quiplash
,A prank Abe Lincoln loved to play at the White House,Quiplash
,A terrible slogan for ravioli,Quiplash
,"Daddy, where do we go when we die?",Quiplash
,An extraterrestrial’s honest assessment of <i>Star Trek</i>,Quiplash
,The main attraction of the worst opening ceremony in Olympics history,Quiplash
,Poets be like...,Quiplash
,A catchphrase for a haunted toilet,Quiplash
,The Renaissance of 2030 will be defined by a resurgence of <BLANK>,Quiplash
,The name of a mermaid’s stand-up comedy Netflix special,Quiplash
,The opposite of music,Quiplash
,It would be really weird if this item had an expiration date printed on it,Quiplash
,You know your mechanic is ripping you off when they tell you this,Quiplash
,What the creepy doll in the antique store is trying to tell you with its eyes,Quiplash
,What would you do if you were only 2 inches tall?,Quiplash
,You would secretly buy a book called <i>How To</i> <BLANK>,Quiplash
,The title of <ANYPLAYER>’s MasterClass series,Quiplash
,A freeway billboard ad that would make you careen toward the exit ramp,Quiplash
,The worst thing to read on a whiteboard when you enter a meeting room,Quiplash
,An epiphany you have at your 20 year high school reunion,Quiplash
,The name of a rom-com where two fishermen fall in love,Quiplash
,There should be a patch in <i>Stardew Valley</i> that lets you <BLANK> on your farm,Quiplash
,"If a man uses this word to describe a horse, you should not buy a horse from him",Quiplash
,You should never sign a document that includes the phrase...,Quiplash
,An unlikely candidate for Pantone’s Color of the Year,Quiplash
,The best thing to come out of New Jersey,Quiplash
,An absolutely faaabulous way to die,Quiplash
,How to turn farming into “high fashion”,Quiplash
,"An awesome side effect of climate change, hopefully",Quiplash
,A radical new use for a gravy boat,Quiplash
,"This cuckoo clock is disgusting. When it rings, instead of a bird a <BLANK> comes out.",Quiplash
,Keytars are out! The hot new combination instrument is the <BLANK>,Quiplash
,A new feature of the iPhone 37,Quiplash
,"The most disappointing last line of a mystery novel, probably",Quiplash
,"Did you see they’re having a sale on that off-off-off-brand perfume, <BLANK>?",Quiplash
,Name of a new TikTok dance the kids are wild about,Quiplash
,Name for a truly insufferable morning radio show,Quiplash
,The worst thing about meeting a bearded man,Quiplash
,"Your bathroom isn’t dirty, but it has started growing <BLANK>",Quiplash
,What the vision chart spells out when the eye doctor secretly hates you,Quiplash
,Why doesn’t the Loch Ness Monster want to be found?,Quiplash
,Euclid’s smartest invention was geometry. His stupidest invention was <BLANK>,Quiplash
,What a cavewoman said when she first created fire,Quiplash
,Valhalla is heaven for warriors. Value City is heaven for <BLANK>,Quiplash
,Something that should never be decided by a coin toss,Quiplash
,The next goal on Jeff Bezos’s vision board,Quiplash
,"A game you only play when you’re really, really, really, REALLY bored",Quiplash
,Something a teacher trying desperately to be cool would say,Quiplash
,What new rule would make MMA safer?,Quiplash
,A common inscription on a pirate’s headstone,Quiplash
,An old-fashioned way to cheer up your friend after a breakup,Quiplash
,A Shakespeare play written specifically for accountants,Quiplash
,The best dish to make to impress your vampire fiancé,Quiplash
,A vape juice flavor made specifically for people over 70,Quiplash
,A nickname for marijuana that never really caught on,Quiplash
,A pretty unprofessional name for an office chat channel,Quiplash
,An unexpected perk of being a magician’s assistant,Quiplash
,"Beware! A witch cursed me, and now I am doomed to a life of <BLANK>",Quiplash
,What’s the most challenging chore when you’re a handyman for a haunted house?,Quiplash
,I promise not to tell anybody... but seriously... what WOULD you kill for?,Quiplash
,A magazine you don’t want to see in the waiting room of your doctor’s office,Quiplash
,"A comment that would have offended you ten years ago, but now you don’t give a sh*t",Quiplash
,The local library does not want your donation of this book,Quiplash
,People would pay good money to see historical footage of <BLANK>,Quiplash
,"In a fair society, what should be the punishment for littering?",Quiplash
,The worst name for a home security company,Quiplash
,A code name a nervous spy would give himself on his first mission,Quiplash
,What usually stops boomerangs from returning?,Quiplash
,The title of a web series no one asked for,Quiplash
,The hottest Eid gift in 1910,Quiplash
,The biggest perk of living in a cave,Quiplash
,Why do most mimes end up in the hospital?,Quiplash
,The most confusing name for a nail polish color,Quiplash
,The scientist was probably hungry when they named the bird they discovered <BLANK>,Quiplash
,A solid pick-up line for a hockey player,Quiplash
,The monument to human achievement the aliens will destroy first,Quiplash
,"When the earth is dust and the stars burn out, only one thing will remain...",Quiplash
,Why did Pac-Man and Ms. Pac-Man eventually split up?,Quiplash
,The weird hazing ritual astronauts must endure on their first space mission,Quiplash
,A good sign that your grandmother hates you,Quiplash
,"SorrY guYzz, I acccidentalllY sp*llled <BLANK> allllll over mY KeYboar-d",Quiplash
,You know you’re addicted to Wikipedia when you start reading about <BLANK>,Quiplash
,You’ll know you met your soulmate when they <BLANK>,Quiplash
,A new casino game you’re definitely going to lose money on,Quiplash
,Describe the cover model on the “Medieval Hunks of 1506” calendar,Quiplash
,A command given to the world’s most intellectual dog,Quiplash
,The most radical and totally extreme way to say you’re sorry,Quiplash
,It’s just a matter of time before someone goes through <ANYPLAYER>’s phone and finds <BLANK>,Quiplash
,A sure sign your therapist has stopped listening to you,Quiplash
,The big audience participation action in late-night screenings of <i>The Wizard of Oz</i>,Quiplash
,A sign that your romantic partner is actually a scarecrow,Quiplash
,The title of the most Bruce Springsteen-y song that doesn’t exist,Quiplash
,The best way to distract a child getting a flu shot,Quiplash
,What scandal will rock the North Pole this year?,Quiplash
,"When a rock star asks, “How y’all doing tonight!?”... you should never shout back “<BLANK>”",Quiplash
,A fun way to let your partner know you are “not in the mood” tonight,Quiplash
,What was the SECOND thing Alexander Graham Bell said on the very first phone call?,Quiplash
,"Coming up next on BBC 4, the new and extremely British sitcom <BLANK>",Quiplash
,"Welcome to the town of Flangenheidenparanudevallen, which, in English, means “<BLANK>”",Quiplash
,What review fits both a summer blockbuster movie and your last date?,Quiplash
,The name of a new police drama about crime in the sky,Quiplash
,They really should cancel high school gym class and replace it with <BLANK>,Quiplash
,A new store at the mall that caters to a highly specific clientele,Quiplash
,<BLANK> clubs are the new book clubs,Quiplash
,Driver safety tip: It’s unwise to operate a motor vehicle and <BLANK> at the same time.,Quiplash
,A heartfelt dedication in a book that would make you immediately not want to read the book,Quiplash
,The name of a pretentious short film produced by a cat,Quiplash
,Reviews have been mixed for the new series <i>20 Minute Guided Meditations with</i> <BLANK>,Quiplash
,What did Goldilocks say when she took her date home?,Quiplash
,Your geometry teacher’s favorite pickup line,Quiplash
,"Oddly enough, the winning project of the World Science Fair is <BLANK>",Quiplash
,Serious question: who’s a good boy? Who’s a good boy??,Quiplash
,A headline you’d really like to see in tomorrow’s newspaper,Quiplash
,A comic book crossover you’d pay way too much money to see in a theater,Quiplash
,The most important lesson in a social media class for senior citizens,Quiplash
,Mark Zuckerberg probably has a folder on his desktop labeled “<BLANK>”,Quiplash
,We were fools! We should never have given machines the ability to <BLANK>,Quiplash
,A lyric you will never hear in a punk rock song,Quiplash
,Why nobody wants to be roommates with Sherlock Holmes,Quiplash
,"Realistically, the third little pig should have made his house out of <BLANK>",Quiplash
,Green smoke is spewing out the chimney of the Sistine Chapel! That means <BLANK>,Quiplash
,It would be devastating to have a caricature artist draw you <BLANK>,Quiplash
,This simply should not be the image on a jigsaw puzzle,Quiplash
,“Emergency Room” is so stressful! Why can’t we just call it <BLANK>?,Quiplash
,The title of <ANYPLAYER>’s great American novel,Quiplash
,You can’t ski on that mountain!! It’s called <BLANK> for a reason!,Quiplash
,What’s the least helpful thing you can do while helping someone defuse a bomb?,Quiplash
,The title of the YouTube video with the MOST negative comments,Quiplash
,If you don’t have a dog... why do you have that dog house?,Quiplash
,How do a pair of mismatched cops pass the time on a stakeout?,Quiplash
,What will be the leading cause of death in 2200?,Quiplash
,What could an app called Squishlr be for?,Quiplash
,What’s the smoothest line a gardener could deliver on Singles Night?,Quiplash
,"To get past the internet troll under this bridge, you must answer this riddle...",Quiplash
,What cause of death is both a tragedy and a comedy?,Quiplash
,What’s the biggest difference between birds and airplanes?,Quiplash
,What calm Hulk down?,Quiplash
,The first astronaut to walk on Mars will make this famous quote,Quiplash
,What would you worship while your leader was talking to God somewhere in the mountains?,Quiplash
,"Let’s be honest, it would be hard NOT to get into a van with <BLANK> on it",Quiplash
,A clear sign you brought the wrong baby home from the hospital,Quiplash
,One thing that is a heck of a lot harder to do if you have diarrhea,Quiplash
,The best excuse for being a lousy lover,Quiplash
,The least helpful tip in Sun Tzu’s <i>The Art of War</i>,Quiplash
,The one thing that will always make a Buckingham Palace Guard crack a smile,Quiplash
,The main quality that producers are looking for in a reality TV show participant,Quiplash
,The absolute worst time to plug your podcast,Quiplash
,One amendment you would add to the U.S. Constitution,Quiplash
,The most noncommittal way of saying “I love you”,Quiplash
,A “cool guy” thing to say when you trip and fall,Quiplash
,Something you never want to hear shouted from a restaurant kitchen,Quiplash
,There’s probably a Google Earth picture of <ANYPLAYER> that catches them <BLANK>,Quiplash
,"Something Gwyneth Paltrow has in her nightstand, probably",Quiplash
,The most embarrassing email address to include on a job resume,Quiplash
,The real reason sharks won’t go on land,Quiplash
,"If there were a Fall Olympics, the most dangerous sport would be <BLANK>",Quiplash
,The three things every good orgy has,Quiplash
,The three things you must do to survive a zombie apocalypse,Quiplash
,The only three things that can bring true happiness,Quiplash
,The three most painful ways a squirrel can hurt you,Quiplash
,"Like anger or denial, the three stages of grief that weren’t mentioned by Kübler-Ross",Quiplash
,The three things you can say to defuse a tense hostage situation,Quiplash
,The three things you need to do to be a good dog... such a good dog,Quiplash
,The three things on The Almighty’s to-do list today,Quiplash
,The 3 R’s of a successful fast food franchise,Quiplash
,Three commandments that didn’t make the cut,Quiplash
,The three steps to a successful breakup,Quiplash
,The three things Batman insists on doing every day,Quiplash
,Three unnecessarily explicit names for mocktails,Quiplash
,The three things you MUST do to survive a bear attack,Quiplash
,A baby’s three first words that would raise much concern,Quiplash
,Three toppings Baskin-Robbins will never offer,Quiplash
,The three most annoying habits in the world,Quiplash
,The three steps to castrating a horse,Quiplash
,The three hardest things about being Mario,Quiplash
,The three nicknames every frat brother tries to give himself,Quiplash
,Three words that would make effective horror movie titles,Quiplash
,Three theme parks more dangerous than <i>Jurassic Park</i>,Quiplash
,The three things Canada is the world leader in,Quiplash
,The three things you’d immediately do if you inherited one billion dollars,Quiplash
,"The three rules of making money are <BLANK>, <BLANK>, <BLANK>",Quiplash
,"Three steps essential to any good exercise routine are <BLANK>, <BLANK>, and <BLANK>",Quiplash
,Three super-luxury services only available at the finest of hotels,Quiplash
,"Let’s be honest: the only things you really need to become a lawyer are <BLANK>, <BLANK>, and <BLANK>",Quiplash
,"Allow me to introduce my three toughest henchman: <BLANK>, <BLANK>, and <BLANK>",Quiplash
,The three forgotten steps in the Cha-Cha Slide,Quiplash
,"The next three characters they should add to <i>Super Smash Bros.</i> are <BLANK>, <BLANK>, and <BLANK>",Quiplash
,Three bad names for a kitten,Quiplash
,"Need to calm down after an argument? Just <BLANK>, then <BLANK>, and <BLANK>",Quiplash
,Three names that could either be for a dog or an adult toy,Quiplash
,"Bad news: they now take away your “cool card” if you like <BLANK>, <BLANK>, or <BLANK>",Quiplash
,Three things that probably won’t exist in twenty years,Quiplash
,Three things the worst couple you know always brings to dinner parties,Quiplash
,Three things on Vladimir Putin’s weekly shopping list,Quiplash
,Three things you should NEVER leave in someone’s bathroom,Quiplash
,"Three names of exercises in CrossFit, probably",Quiplash
,The three big milestones Gen Z kids will experience,Quiplash
,Three keywords that would most certainly pull up <ANYPLAYER> on the first page results,Quiplash
,The three worst jobs in hell,Quiplash
,Three things that usually only happen after 3 AM,Quiplash
,"You could never date someone who <BLANK>, <BLANK> or <BLANK>",Quiplash
,The three steps required to bake the worst loaf of bread,Quiplash
,Three ways to take your next book club meeting up a notch,Quiplash
,Three things that’ll melt your heart EVERY. DANG. TIME.,Quiplash
,The three unique things you offer the world are...,Quiplash
,The three steps to becoming TikTok famous,Quiplash
,"The nation’s top three internet searches, probably",Quiplash
,Three things that only get better with age,Quiplash
,Three ways to jazz up your boring old water,Quiplash
,"The world would be better if we had less <BLANK>, <BLANK>, and <BLANK>",Quiplash
,The three golden rules of the trampoline gym,Quiplash
,What are the three things you need for the BEST. BACHELOR PARTY. EVER!!!???,Quiplash
,You know you’re about to have a bad day on Twitter if you see these three hashtags,Quiplash
,Three flaws that should disqualify you from holding political office,Quiplash
,The top three crimes committed in mermaid society,Quiplash
,Three ways to “make love” without physical contact,Quiplash
,The three steps to bringing back the dinosaurs,Quiplash
,"After the first seven, what are the next three deadly sins?",Quiplash
,She’s amazing! ...but what three roles would challenge even Meryl Streep?,Quiplash
,Three deep thoughts a sloth has on an average day,Quiplash
,The top three subjects in sad country songs,Quiplash
,The three main goals in your first term as Ruler of Earth,Quiplash
,The three stupidest accessories to force your dog to wear,Quiplash
,Three Wi-Fi networks you do not want to connect to,Quiplash
,Three internet searches you need to clear IMMEDIATELY,Quiplash
,Three things you can be besides talented,Quiplash
,The first three events in the Mom Decathlon,Quiplash
,The three rudest things to microwave at work,Quiplash
,Three things a cowboy would say besides “Howdy”,Quiplash
,The names of three “long-lost” Kardashians,Quiplash
,The three names they thought up before landing on “Dress Barn”,Quiplash
,The three worst two-word texts you could receive,Quiplash
,The three most satisfying things to scream from a mountaintop,Quiplash
,Three words that can describe both a person and a pair of jeans,Quiplash
,Three things you should never stuff a taco with,Quiplash
,Three things they discourage you from doing in the Grand Canyon,Quiplash
,The three things we all need to do to save planet Earth,Quiplash
,Three things all historians will remember the 21st century for,Quiplash
,Three rejected games for <i>The Price Is Right</i>,Quiplash
,"Three words that are only funny to you guys, apparently",Quiplash
,The three lamest super powers would be...,Quiplash
,The top three things your parents lied to you about,Quiplash
,The three things you demand of any lover,Quiplash
,"Forget food, water and shelter. The three things you need to survive are...",Quiplash
,Three things you’ll probably never hold in your hand,Quiplash
,Three things currently in the US President’s pocket,Quiplash
,"When you think about it, there are ONLY three emotions. They are...",Quiplash
,The only three things in life worth getting mad about,Quiplash
,Three things EVERYONE can agree on these days,Quiplash
,The three most common things people scream while skydiving out of a plane,Quiplash
,Three weird fashion trends that’ll never catch on,Quiplash
,Three really ineffective safe words,Quiplash
,The three best birthday gifts for a very sad man,Quiplash
,The three worst materials to build your house out of,Quiplash
,Three terrible names for a new cereal brand,Quiplash
,Three other places to shout “I object!” besides a courtroom,Quiplash
,Three Chevy car models recalled for being “too awesome”,Quiplash
,Three things you’ll find at the Queen’s yard sale,Quiplash
,The three things you have to do as Darth Vader’s intern,Quiplash
,Three skateboard tricks you should NEVER try,Quiplash
,"There are three types of people in the world: <BLANK>, <BLANK>, and <BLANK>",Quiplash
,The three steps to surgically removing your own appendix,Quiplash
,Three rejected chicken nugget shapes,Quiplash
,Three things a robot will need to master before they can be “human”,Quiplash
,Three things to put on your wall to show how manly you are,Quiplash
,Yeehaw! What’re three things a good rodeo dang sure oughta have?,Quiplash
,Three things you’ll find in your aunt’s bathroom... RIGHT NOW,Quiplash
,Three things that instantly ruin a shirt,Quiplash
,Three things one billion tickets will get you at the arcade prize counter,Quiplash
,"Wanna win the Kentucky Derby? The best horse trainers never let their horses <BLANK>, <BLANK>, or <BLANK>",Quiplash
,Three odd outfit choices for a horror movie slasher to wear,Quiplash
,Three items you always see in the background of adult films,Quiplash
,"Based on your deeds, the three most likely things you’ll be reincarnated as in your next life",Quiplash
,The three gifts every dad secretly wants for Father’s Day,Quiplash
,The three terms the cool kids are using for constipation these days,Quiplash
,"Three extracurricular activities at a really, really, really rich high school",Quiplash
,Three signs that your neighbor is upset with you,Quiplash
,Three things your body does when you meet the love of your life,Quiplash
,Three ways of perking yourself up when coffee isn’t enough,Quiplash
,"My high school gym teacher taught me three things: <BLANK>, <BLANK>, and <BLANK>",Quiplash
,The three lessons we learned today,Quiplash
,The three words that best describe your current mental state,Quiplash
,Three things you’ll find in any fanny pack,Quiplash
,Three qualities that make a man “marriage material”,Quiplash
,The last three words you’ll say before you die,Quiplash
,Three reasons you ain’t getting into heaven,Quiplash
,Three things that will happen on the best day of your life,Quiplash
,The three things that would concern you if they showed up in your dreams,Quiplash
,Three things that’ll put you right to sleep,Quiplash
,The three things you see right before you die,Quiplash
,Three things that’ll make you grunt,Quiplash
,Three words that could describe your family or a bowel movement,Quiplash
,Three words that could describe the circus or your dad,Quiplash
,"Three things that when you see them, you can’t un-see them",Quiplash
,The three worst things to suddenly feel on your shoulder,Quiplash
,"When going through airport security, make sure to remove your <BLANK>, <BLANK>, and <BLANK>",Quiplash
,Three easy ways to look tough,Quiplash
,Follow these three survival tips if you’re lost in the wild,Quiplash
,Three names a kid can call their grandpa other than “grandpa”,Quiplash
,The three things in your “happy place”,Quiplash
,Three things the world will be dealing with next year that nobody would predict,Quiplash
,Three weird things to make out of wood,Quiplash
,"It’s not your WORST nightmare until there’s <BLANK>, <BLANK>, and finally <BLANK>",Quiplash
,The three signs that you might be pure evil are...,Quiplash
,Three things you’d change about Superman to make him more relatable,Quiplash
,"Three secrets this group, you, right here, are hiding from each other",Quiplash
,Three job titles that sound too good to be true,Quiplash
,What is the world’s saddest three-word story?,Quiplash
,"The three hottest trends of the summer will be <BLANK>, <BLANK>, and <BLANK>",Quiplash
,The three most important rules of your own private tickle club,Quiplash
,"The three things you better not bring to a knife fight, chump",Quiplash
,The three things your rishta profile pic better have if you want some lovin’,Quiplash
,The three words that should never appear in the same sentence,Quiplash
,The three most surprising things hidden under sofa cushions,Quiplash
,The three steps to a perfect surgery,Quiplash
,"According to old people, the only three things young people do these days",Quiplash
,The three steps to having a successful makeout session,Quiplash
,The three things you must do on your wedding day,Quiplash
,"You know you’ve gotten the wrong shampoo bottle when the three-step directions are <BLANK>, <BLANK>, <BLANK>",Quiplash
,The three things you should avoid eating to live ten years longer,Quiplash
,The three lies you tell yourself are...,Quiplash
,The three things you need to be good at to truly get ahead in life,Quiplash
,The three steps to having a perfect little morning,Quiplash
,"Kids are made of things like “sugar, spice, and everything nice.” What are adults made of?",Quiplash
,Three things you really don’t want your doctor to say during an exam,Quiplash
,Three things you always forget when you leave the house,Quiplash
,Three things that are better when they’re fast,Quiplash
,Three things you can say to immediately get everyone’s attention,Quiplash
,The three signs that you are now... an adult,Quiplash
,"If a picture is worth a thousand words, what three words did your last selfie say?",Quiplash
,The three stages of life are simply...,Quiplash
,The top three ailments diagnosed by old-timey doctors,Quiplash
,Three terrifying things to stumble across in the woods,Quiplash
,Say three nice things about <ANYPLAYER>,Quiplash
,Three signs you’ve checked into a really bad rental house,Quiplash
,Three signs that you’re slowly becoming your parents,Quiplash
,Three words that will instantly drive you to irrational anger,Quiplash
,Three weird things to hear a ghost moan in the middle of the night,Quiplash
,The three best things the internet hath given to us,Quiplash
,The three most ineffective things to write in the sand to signal a rescue plane,Quiplash
,Three Zoom backgrounds nobody’s asking for,Quiplash
,Three things you should never get wet,Quiplash
,Let’s be positive! Name three things you’re looking forward to!,Quiplash
,Three signs you live next door to a mob boss,Quiplash
,Three of Einstein’s less impressive discoveries,Quiplash
,Three things that are the REAL treasures we found along the way,Quiplash
,Get positive! What are three GOOD things about being dead?,Quiplash
,The three things you need to start that new society of yours,Quiplash
,Three neutral things to write in a birthday card for a coworker you don’t know that well,Quiplash
,Summarize your last romantic encounter in three words,Quiplash
,Three things you can wear to a business meeting to show you deserve respect,Quiplash
,Three things Mars needs before we can live there,Quiplash
,"Honestly, the three greatest achievements of mankind have been...",Quiplash
,Three pieces of advice you’d give your younger self,Quiplash
,Let’s get to know each other! Describe yourself in three words!,Quiplash
,Three things you shouldn’t do when you’re angry,Quiplash
,Three things you’d put in a trap as bait for Ben Affleck,Quiplash
,Three things you want to touch RIGHT NOW,Quiplash
,Three unrealistic goals to set for yourself this year,Quiplash
,Three secret off-menu items you can order at McDonald’s,Quiplash
,Three words that could describe both a kiss and a sandwich,Quiplash
,Three simple truths about humanity,Quiplash
,The three things standing between you and becoming president,Quiplash
,The three perks to living on a pirate ship,Quiplash
,Three nicknames you’d like to have,Quiplash
,Three frustrating requests a website captcha can make to prove you’re not a robot,Quiplash
,Three signs you’re falling in love,Quiplash
,Three things you would say to a wolf disguised as your grandma,Quiplash
,Three things you really thought we would have invented by now,Quiplash
,Three things a good parent packs in their kid’s backpack,Quiplash
,The three things you MUST consider when buying a wedding ring,Quiplash
,The three worst materials the Three Little Pigs could’ve built their houses out of,Quiplash
,Three distracting things to yell as someone tries to hit a golf ball,Quiplash
,Three ways to beat the heat this summer,Quiplash
,The three things space aliens are thinking as they observe us from afar,Quiplash
,Three things on your to-do list if you could spend the day with Albert Einstein,Quiplash
,Three things you can only do in Florida,Quiplash
,Make three bold predictions that are sure to come true in the next year,Quiplash
,Three things that happened at the Monster Mash that they couldn’t sing about,Quiplash
,Three questions you MUST ask the owner before buying a house,Quiplash
,The three questions you must ask yourself before starting a podcast,Quiplash
,The three most common injuries suffered by Santa Claus,Quiplash
,The three things you think the first time you get punched in the face,Quiplash
,Three things that are considered bad etiquette at the gym,Quiplash
,Three weird things for a bodybuilder to yell as they do some heavy squats,Quiplash
,Your three-step plan for defeating King Kong,Quiplash
,Three signs you’re becoming boring,Quiplash
,Three weird times to just start yelling “Vroom! Vroom! Vroom!”,Quiplash
,Your three-step plan for creating a Frankenstein-style monster,Quiplash
,Your three-step plan for escaping prison that’s bound to fail,Quiplash
,Three ways to stop yourself from crying at a Pixar movie,Quiplash
,"The three act story of your life, so far",Quiplash
,Whoa! Scientists just discovered these three surprising facts about pandas!,Quiplash
,The three actions that’ll get you banned from The Land of Oz,Quiplash
,Three crappy excuses for not getting a kid the bike they wanted for their birthday,Quiplash
,Three words that will get you out of any speeding ticket,Quiplash
,Name a candle scent designed specifically for Meera,Quiplash
,"Everyone knows that monkeys hate ""BLANK""",Quiplash
,The secret to a happy life,Quiplash
,Use 6 words or less to Say something that triggers everyone here,Quiplash
,The worst thing for an evil witch to turn you into,Quiplash
,The Skittles flavor that just missed the cut,Quiplash
,"On your wedding night, it would be horrible to find out that the person you married is ""BLANK""",Quiplash
,A name for a really bad Geo TV Drama,Quiplash
,The first thing you would do after winning the lottery,Quiplash
,Name a TV drama that's about a vampire doctor,Quiplash
,What's the Mona Lisa smiling about?,Quiplash
,The crime you would commit if you could get away with it,Quiplash
,A terrible name for a cruise ship,Quiplash
,"What The PM meant to say was We have nothing to fear, but ""BLANK""",Quiplash
,The name of a font nobody would ever use+,Quiplash
,Something you should never put on an open wound,Quiplash
,Come up with the name of a country that doesn't exist,Quiplash
,The best way to keep warm on a cold winter night,Quiplash
,A college major you don't see at many universities,Quiplash
,What would make cricket more entertaining to watch?,Quiplash
,"The best thing about going to prison is ""BLANK""",Quiplash
,"Come up with the name of book that would sell a million copies, immediately",Quiplash
,What would you do if you were left alone in the Prime Minister House for an hour?,Quiplash
,Invent a family-friendly replacement word that you could say instead of an actual curse word,Quiplash
,What's the first thing you would do if you could time travel?,Quiplash
,The best thing about living in an igloo,Quiplash
,The worst way to be murdered,Quiplash
,A dangerous thing to do while driving,Quiplash
,The #1 reason penguins can't fly,Quiplash
,"Using only two words, a new state motto for Punjab",Quiplash
,The hardest thing about being Batman,Quiplash
,A great way to kill time at work,Quiplash
,Come up with a really bad TV show that starts with Baby,Quiplash
,Why does the Tower of Pisa lean?,Quiplash
,What's wrong with kids these days?,Quiplash
,A great new invention that starts with Automatic,Quiplash
,Come up with a really bad cricket penalty that begins with Intentional,Quiplash
,A Starbucks coffee that should never exist,Quiplash
,"There's Gryffindor, Ravenclaw, Slytherin, and Hufflepuff, but what's the Hogwarts house few have ever heard of?",Quiplash
,The worst words to say for the opening of a eulogy at a funeral,Quiplash
,Something you should never use as a scarf,Quiplash
,Invent a holiday that you think everyone would enjoy,Quiplash
,The best news you could get today,Quiplash
,The worst thing you could stuff a bed mattress with,Quiplash
,A great opening line to start a conversation with a stranger at a wedding,Quiplash
,Something you would like to fill a swimming pool with,Quiplash
,"If you were allowed to name someone else's baby any weird thing you wanted, what would you name it?",Quiplash
,"You know you're in for a bad rickshaw ride when ""BLANK""",Quiplash
,"Sometimes, after a long day, you just need to ""BLANK""",Quiplash
,The worst way to spell Mississippi,Quiplash
,Come up with a name for the most difficult yoga pose known to mankind,Quiplash
,What's lurking under your bed when you sleep?,Quiplash
,The name of a canine comedy club with puppy stand-up comedians,Quiplash
,A vanity license plate a jerk in an expensive car would get,Quiplash
,A good fake name to use when checking into a hotel,Quiplash
,A good catchphrase to yell every time you finish using the bathroom,Quiplash
,"Your personal catchphrase if you were on one of those ""Pakistani Dramas""",Quiplash
,"The PSL Opening Ceremony would have been better with ""BLANK""",Quiplash
,Okay... fine! What do YOU want to talk about then?!!!,Quiplash
,A terrible name for a clown,Quiplash
,An inappropriate thing to do at a cemetery,Quiplash
,"Like chicken fingers or chicken poppers, a new appetizer name for your fun, theme restaurant: chicken _____",Quiplash
,Thing you'd be most surprised to have a dentist to find in your mouth,Quiplash
,Rename Winnie-the-Pooh to something more appropriate/descriptive,Quiplash
,"Name the sequel to ""Titanic"" if there were one. ""Titanic 2: ""BLANK""""",Quiplash
,Name your new haircutting establishment,Quiplash
,How many monkeys is too many monkeys?,Quiplash
,Something you'd be surprised to see a donkey do,Quiplash
,The title you'd come up with if you were writing the Olympics theme song,Quiplash
,Something you should never say to your mother,Quiplash
,Where's the best place to hide from the shadow monsters?,Quiplash
,The most presidential name you can think of (that isn't already the name of a president),Quiplash
,A good way to get fired,Quiplash
,"If we can't afford to bury or cremate you, what should we do with your body?",Quiplash
,A good place to hide boogers,Quiplash
,Where do you think the beef really is?,Quiplash
,Something it'd be fun to throw off the Minar-e-Pakistan,Quiplash
,Write a newspaper headline that will really catch people's attention,Quiplash
,The worst job title that starts with Assistant,Quiplash
,The last person you'd consider inviting to your birthday party,Quiplash
,The grossest thing you'd put in your mouth for $18,Quiplash
,What Aamir Liaquat's belches smell like,Quiplash
,The name of a new perfume by Bushra Ansari,Quiplash
,The worst name for a robot,Quiplash
,The most embarrassing name for a dog,Quiplash
,The worst thing you could discover in your Shawarma,Quiplash
,One thing never to do on a rishta meeting,Quiplash
,"Ali Zafar's Twitter password, probably",Quiplash
,What do vegans taste like?,Quiplash
,An item NOT found in Mahira Khan's purse,Quiplash
,Name a new reggae band made up entirely of chickens,Quiplash
,Name a children's book by someone who hates children,Quiplash
,The name of your new plumbing company,Quiplash
,A new ice cream flavor that no one would ever order,Quiplash
,Name a new movie starring a talking goat who is president of the United States,Quiplash
,Something that would not work well as a dip for samosas,Quiplash
,The name of a clothing store for overweight leprechauns,Quiplash
,Something upsetting you could say to the cable guy as he installs your television service,Quiplash
,A terrible theme for a high school farewell party,Quiplash
,Something you should not whisper to your grandmother,Quiplash
,A terrible name for a 1930s gangster,Quiplash
,Brand name of a bottled water sold in the land of Oz,Quiplash
,A fun thing to yell as a baby is being born,Quiplash
,The worst family secret that could come out over Eid lunch,Quiplash
,The name of a toilet paper specifically designed for the Queen of England,Quiplash
,The worst thing to say when trying to adopt a pet,Quiplash
,"People wouldn't respect He-Man as much if, to gain his power, he held up his sword and shouted ____________________",Quiplash
,Fun thing to do if locked in the mall overnight,Quiplash
,The worst person to receive a sponge bath from,Quiplash
,"Pants would be a whole lot better if they ""BLANK""",Quiplash
,The most awesome Guinness World Record to break,Quiplash
,A little-known way to get gum out of your hair,Quiplash
,"It's bad to be buried alive. It's worse to be buried alive with ""BLANK"".",Quiplash
,Something that would not work as well as skis,Quiplash
,"A rejected title for ""The Good, The Bad and the Ugly"" was ""The Good, the Bad and the ""BLANK""""",Quiplash
,"A rejected name for a ship in the U.S. Naval Fleet: the USS ""BLANK""",Quiplash
,What to say to get out of jury duty,Quiplash
,What the Statue of Liberty is hiding beneath that robe,Quiplash
,Take any well-known restaurant and slightly change its name to something inappropriate,Quiplash
,"Little-known fact: The government allows peanut butter to contain up to 10% ""BLANK""",Quiplash
,A good sign that your house is haunted,Quiplash
,A bad occupation for a robot to have,Quiplash
,A sequel to the painting Dogs Playing Poker,Quiplash
,The Tooth Fairy's other job,Quiplash
,"Little-known fact: A secret area in the PM House is the ""BLANK"" room",Quiplash
,An invention by Thomas Edison that never caught on,Quiplash
,What time is it?,Quiplash
,A birthday present you shouldn't get for your grandmother,Quiplash
,A short motto everyone should live by,Quiplash
,A bad thing to yell during Jummah,Quiplash
,A good improvement to make to Mt. Rushmore,Quiplash
,The best way to start your day,Quiplash
,The worst name for a summer camp,Quiplash
,Something that's made worse by adding cheese,Quiplash
,"Three things are certain in life: Death, Taxes, and ""BLANK""",Quiplash
,"A faster way to get home from the Land of Oz is to click your heels three times and say ""BLANK"".",Quiplash
,Come up with a name for a rock band made up entirely of baby ducks,Quiplash
,Something that is currently legal that should be banned,Quiplash
,A word that should never follow Beef,Quiplash
,The perfect song to hum on the toilet,Quiplash
,A bad thing to say to a cop as he writes you a speeding ticket,Quiplash
,Something you shouldn't buy off of OLX,Quiplash
,"We can all agree that ""BLANK""",Quiplash
,A great name to have on a fake I.D.,Quiplash
,What robots dream about,Quiplash
,What really happened to Amelia Earhart,Quiplash
,How far is too far?,Quiplash
,If at first you don't succeed...,Quiplash
,"Finish this sentence: When I'm rich, my mansion will have a room called The ""BLANK"" Room.",Quiplash
,Something you'd be surprised to see come out of a pimple you pop,Quiplash
,"Today's music needs more ""BLANK""",Quiplash
,A fun trick to play on your doctor,Quiplash
,"A bad place for your rocket ship to crash would be The Planet of the ""BLANK""",Quiplash
,A bad campaign slogan for an MNA,Quiplash
,The coolest way to die,Quiplash
,A little-known nickname for Karachi,Quiplash
,The next product for Fawad Khan to endorse,Quiplash
,A unique way to escape from prison,Quiplash
,The title of a new YouTube cat video that's sure to go viral,Quiplash
,"A gift nobody would want: The ""BLANK"" of the Month Club",Quiplash
,"A just-so-crazy-it's-brilliant business idea to pitch on ""Shark Tank""",Quiplash
,A terrifying fortune cookie fortune,Quiplash
,"It would be scary to read on a food package, May contain trace elements of ""BLANK"".",Quiplash
,"Geo TV should air a TV show about lawyers who are also ""BLANK""",Quiplash
,What you hope the Mars Rover finds,Quiplash
,A Mangobaaz headline you really want to see,Quiplash
,Something that will get you thrown out of a McDonald's,Quiplash
,Where missing socks go,Quiplash
,The first sign that you're old,Quiplash
,Graffiti you might find in a kindergarten,Quiplash
,The worst thing to wear to your court trial,Quiplash
,A rejected crayon color,Quiplash
,An angry review you'd give this game (Quiplash),Quiplash
,Bad advice for new graduates,Quiplash
,The best way to tell if someone is dead,Quiplash
,"Tomorrow's news headline: Scientists Are Shocked to Discover That ""BLANK""",Quiplash
,The worst material with which to make a snowman,Quiplash
,A terrible sportscaster catchphrase for when somebody hits a six,Quiplash
,The worst shape for an animal cracker,Quiplash
,A weird thing to find in your grandparents' bedside table,Quiplash
,The worst name for a big and tall store,Quiplash
,Something you'd yell to heckle the performing dolphins at Sea World,Quiplash
,A new name for kumquats,Quiplash
,The name of a shampoo for hippies,Quiplash
,The real secret to living to age 100,Quiplash
,A fun thing to do with a bowl of pudding,Quiplash
,New use for cooked spaghetti,Quiplash
,A weird physical way to greet someone,Quiplash
,The worst name for a tanning salon,Quiplash
,A bad substitute for a toothbrush,Quiplash
,A trick you shouldn't teach your dog,Quiplash
,Something you can only do in a Carrefour if no one's looking,Quiplash
,A name for a really cheap hotel,Quiplash
,The second thing said on the moon,Quiplash
,The worst name for a mountain,Quiplash
,The best thing about being really dumb,Quiplash
,Come up with a name for a salad dressing by Mathira,Quiplash
,A completely wrong way to spell Mahira Khan,Quiplash
,The biggest secret the government keeps,Quiplash
,Another use for gravy,Quiplash
,The worst name for a rap artist,Quiplash
,An angry internet comment on a pet store's website,Quiplash
,A rejected shape for Marshmallow Peeps,Quiplash
,Something that should never be homemade,Quiplash
,What Chewbacca has really been yelling all these years,Quiplash
,The worst car feature that ends with holder,Quiplash
,A Tweet from a caveman,Quiplash
,A great nickname for your armpit hair,Quiplash
,What you want your gravestone to read,Quiplash
,A slogan to get everyone excited about corn,Quiplash
,"It never ends well when you mix ""BLANK"" and ""BLANK""",Quiplash
,The best reason to go to Australia,Quiplash
,"The beauty pageant no one wants to see: Miss ""BLANK""",Quiplash
,"The perfect meal would be a ""BLANK"" stuffed in a ""BLANK"" stuffed in a ""BLANK""",Quiplash
,What's black and white and red all over?,Quiplash
,A little-known fact about the Jolly Green Giant,Quiplash
,The worst thing to find growing on your neck,Quiplash
,"You should never ""BLANK"" and ""BLANK"" at the same time",Quiplash
,What is a tree thinking all day?,Quiplash
,What you call a baby sasquatch,Quiplash
,The worst thing about Canada,Quiplash
,A strange thing to keep as a pet,Quiplash
,What kittens would say if they could talk,Quiplash
,The sound a tree actually makes when it falls and no one is around to hear it,Quiplash
,The grossest thing you could find at the bottom of a swimming pool,Quiplash
,The worst name for an SUV,Quiplash
,A good use for toenail clippings,Quiplash
,Something you shouldn't stuff with cheese,Quiplash
,Trash talk you would hear at a chess meet,Quiplash
,The best part about being The PM,Quiplash
,"Tip: Never eat at a place called Kentucky Fried ""BLANK""",Quiplash
,The name of a new species of cat,Quiplash
,Scientists have found a ray of hope in this strange treatment for Covid 19,Quiplash
,"Would you ever go on a roller coaster called ""BLANK""",Quiplash
,The worst shape for a dinosaur chicken nugget,Quiplash
the sound of biting into something that’s too hot,don’t use words!,Suno Bolo
what a hangover sounds like,don’t use words!,Suno Bolo
the sound of a sneeze that never comes,don’t use words!,Suno Bolo
,sounds you’d make during a good massage,Suno Bolo
,music that a robot would love,Suno Bolo
,give us your best techno impression,Suno Bolo
the 20th century fox theme song,don’t use words!,Suno Bolo
the sound you make when you touch a hot stove,don’t use words!,Suno Bolo
,Miss Piggy doing vocal warm-ups,Suno Bolo
,the sound of an erratic heart rate monitor,Suno Bolo
,the sound of an enraged goose,Suno Bolo
what dropping your phone on your face sounds like,don’t use words!,Suno Bolo
your impression of one of Mozart’s dumb little symphonies,don’t use words!,Suno Bolo
charge up a laser beam that’s gonna shoot out ya mouth,don’t use words!,Suno Bolo
,a Mariah Carey-like vocal run,Suno Bolo
a super annoying laugh,don’t use words!,Suno Bolo
,open wide for the dentist,Suno Bolo
,the sound of dial-up internet,Suno Bolo
,the [i]Inception[/i] BWAMMMM,Suno Bolo
,the sound of being sucker-punched in the gut,Suno Bolo
,a little kid making laser beam noises,Suno Bolo
what you sound like when you’re throwing up,don’t use words!,Suno Bolo
the sound of a sad slide trombone,don’t use words!,Suno Bolo
,the sounds you make stretching your limbs in the morning,Suno Bolo
your best dolphin impression,don’t use words!,Suno Bolo
,the grunts of a very old man playing tennis,Suno Bolo
,a yowling cat,Suno Bolo
give us your best impression of an air raid siren,don’t use words!,Suno Bolo
a boat horn fading into the distance,don’t use words!,Suno Bolo
different angry car horns in a traffic jam,don’t use words!,Suno Bolo
the sound of someone who’s afraid of heights climbing a ladder,don’t use words!,Suno Bolo
"loud, open-mouthed sobbing",don’t use words!,Suno Bolo
the sound of a screeching pterodactyl,don’t use words!,Suno Bolo
the sound of a werewolf eating a guy,don’t use words!,Suno Bolo
,various ooohs and ahhhhhs,Suno Bolo
,the sound of releasing pent-up frustration,Suno Bolo
the sound you’d make if someone poked you really hard,don’t use words!,Suno Bolo
,shout an unpopular opinion!,Suno Bolo
,shout your favorite dessert,Suno Bolo
,explain a conspiracy theory you believe very quietly,Suno Bolo
,exclaim the name of a beloved actor,Suno Bolo
,chant an unfortunate condition,Suno Bolo
,defend yourself from a silly allegation,Suno Bolo
,something you’d yell before jumping into a pool,Suno Bolo
,something a pull-string toy might say,Suno Bolo
,break up with someone as fast as possible but still be nice,Suno Bolo
,a wacky battle cry,Suno Bolo
,repurpose a rap song as a lullaby,Suno Bolo
,singing after you just inhaled a lot of helium,Suno Bolo
,chant the name of a clothing trend you truly hate,Suno Bolo
,sing a song you weren’t allowed to sing as a child,Suno Bolo
,reminisce about a crazy party you went to,Suno Bolo
,announce a rule all your houseguests MUST follow,Suno Bolo
,some things that might appear in an 8-year-old’s search history,Suno Bolo
,apologize profusely as many times as possible,Suno Bolo
what you’d sound like while being aggressively tickled,don’t use words!,Suno Bolo
,name something that kids shouldn’t do,Suno Bolo
,mumble-sing the wrong words to a pop song,Suno Bolo
,a mob boss with a high-pitched voice,Suno Bolo
,sing happy birthday to yourself like a crooner,Suno Bolo
,the sound of a kid trying to find their parent in a grocery store,Suno Bolo
,frantically refuse something using only the word “no”,Suno Bolo
,shouting after the love of your life who’s walking away,Suno Bolo
,yell a word you’d call someone when you can’t remember their name,Suno Bolo
,say an onomatopoeia in the most monotone voice ever,Suno Bolo
,declare your coffee order like you’re an action hero,Suno Bolo
,panic about being in the dark,Suno Bolo
,inform someone you’ve pooped yourself in the most professional manner possible,Suno Bolo
,cheerfully shout your favorite swear word,Suno Bolo
,sternly inform a telemarketer that you’re on the DO NOT CALL list,Suno Bolo
,sing your favorite late-night snack,Suno Bolo
,the longest “yeah boy” ever,Suno Bolo
,let out a string of insults,Suno Bolo
the sound Mario makes when he dies,don’t use words!,Suno Bolo
the sound you make when going down a big slide,don’t use words!,Suno Bolo
,gleefully tell someone that they can’t catch you,Suno Bolo
,your best impression of an R&B song,Suno Bolo
the sound of taking a bite of a big marshmallow,don’t use words!,Suno Bolo
,something you wouldn’t want your crush to say,Suno Bolo
,give bad directions to a pedestrian,Suno Bolo
,the song you hear as you ascend to heaven,Suno Bolo
,shout your favorite male name,Suno Bolo
the sound of a car with really bad brakes,don’t use words!,Suno Bolo
give us your best Tarzan yell,don’t use words!,Suno Bolo
,something the captain of the Titanic might have said,Suno Bolo
,complain about your messy roommate,Suno Bolo
the sound of a squeaky toy,don’t use words!,Suno Bolo
,something you might say during a really bad day,Suno Bolo
the sound of a breeze gently flowing through the trees,don’t use words!,Suno Bolo
,the sound of your intrusive thoughts,Suno Bolo
the sound of a balloon deflating,don’t use words!,Suno Bolo
the sound of a child whining,don’t use words!,Suno Bolo
,the sound of pure amazement,Suno Bolo
the sound of gurgling mouthwash,don’t use words!,Suno Bolo
a lovers’ quarrel in gibberish,don’t use words!,Suno Bolo
the sound of a karate chop,don’t use words!,Suno Bolo
,something you’d say after watching the worst movie ever,Suno Bolo
the sound of a cutesy car honk,don’t use words!,Suno Bolo
,cheer the name of a band you liked in high school,Suno Bolo
,the sound of hysterical joy,Suno Bolo
give us your best beatboxing,don’t use words!,Suno Bolo
,rap a children’s nursery rhyme,Suno Bolo
,a ridiculous name for a DJ,Suno Bolo
the sound of an old ringtone,don’t use words!,Suno Bolo
,the sound of seeing something that looks delicious,Suno Bolo
the sound of a dog gnawing on a bone,don’t use words!,Suno Bolo
the sound of a racecar speeding by,don’t use words!,Suno Bolo
,something a thirsty vampire might say,Suno Bolo
the tiniest scream ever,don’t use words!,Suno Bolo
the sound of a creaky doorway,don’t use words!,Suno Bolo
,a self-love affirmation,Suno Bolo
,the sound of someone trying to lift a bus,Suno Bolo
the pitter patter of tiny feet,don’t use words!,Suno Bolo
,say your go-to fast food order in a sexy whisper,Suno Bolo
the sound of a wrong answer buzzer on a game show,don’t use words!,Suno Bolo
,the trickle of an old water fountain,Suno Bolo
,telling someone to wait up,Suno Bolo
,chant a business-related word,Suno Bolo
